"positionCode","shootsCatches","heightInInches","weightInPounds","lastAmateurClub","lastAmateurLeague","birthDate","birthCountry","Year","fullName","ovrRank","ID"
"C","R",72,176,"Sarnia","OHL",1990-02-07,"CAN","2008","Steven Stamkos",1,"2008-Steven Stamkos"
"D","R",74,197,"Peterborough","OHL",1990-07-15,"USA","2008","Zach Bogosian",2.5,"2008-Zach Bogosian"
"D","R",72,219,"Guelph","OHL",1989-12-08,"CAN","2008","Drew Doughty",2.5,"2008-Drew Doughty"
"D","R",80,224,"Kelowna","WHL",1990-02-01,"USA","2008","Tyler Myers",5,"2008-Tyler Myers"
"D","R",74,216,"Kelowna","WHL",1989-11-02,"CAN","2008","Luke Schenn",6,"2008-Luke Schenn"
"D","R",75,206,"Niagara","OHL",1990-01-18,"CAN","2008","Alex Pietrangelo",5.5,"2008-Alex Pietrangelo"
"C","R",74,210,"Everett","WHL",1990-01-13,"CAN","2008","Kyle Beach",5.5,"2008-Kyle Beach"
"C","L",70,185,"Lethbridge","WHL",1989-10-04,"CAN","2008","Zach Boychuk",9.5,"2008-Zach Boychuk"
"C","R",72,185,"Brampton","OHL",1990-02-18,"CAN","2008","Cody Hodgson",9.5,"2008-Cody Hodgson"
"C","L",73,215,"Boston University","H-EAST",1989-10-20,"USA","2008","Colin Wilson",9.5,"2008-Colin Wilson"
"LW","L",71,200,"Kitchener","OHL",1989-12-16,"DNK","2008","Mikkel Boedker",12,"2008-Mikkel Boedker"
"D","R",74,205,"Lethbridge","WHL",1990-01-30,"CHE","2008","Luca Sbisa",15,"2008-Luca Sbisa"
"D","L",75,207,"Brandon","WHL",1990-04-24,"CAN","2008","Colby Robak",10.5,"2008-Colby Robak"
"C","L",72,188,"Windsor","OHL",1989-10-02,"CAN","2008","Joshua Bailey",13,"2008-Joshua Bailey"
"D","L",72,188,"Oshawa","OHL",1990-06-24,"CAN","2008","Michael Del Zotto",14.5,"2008-Michael Del Zotto"
"C/RW","R",73,175,"Penticton","BCHL",1989-11-01,"CAN","2008","Zac Dalpe",21,"2008-Zac Dalpe"
"D","R",74,210,"Indiana","USHL",1990-01-10,"USA","2008","John Carlson",18,"2008-John Carlson"
"D","R",75,196,"Regina","WHL",1990-03-08,"CAN","2008","Colten Teubert",22.5,"2008-Colten Teubert"
"D","L",74,190,"Ottawa","OHL",1990-01-19,"CAN","2008","Tyler Cuma",17,"2008-Tyler Cuma"
"C","R",71,183,"Sarnia","OHL",1989-11-16,"CAN","2008","Jamie Arniel",21.5,"2008-Jamie Arniel"
"C","L",73,205,"Chicoutimi","QMJHL",1990-01-06,"CAN","2008","Nicolas Deschamps",24.5,"2008-Nicolas Deschamps"
"C","R",75,197,"Windsor","OHL",1990-06-05,"CAN","2008","Greg Nemisz",23.5,"2008-Greg Nemisz"
"D","L",72,173,"Minnetonka","HIGH-MN",1990-07-04,"USA","2008","Jake Gardiner",22.5,"2008-Jake Gardiner"
"LW","L",70,180,"Brandon","WHL",1989-12-24,"CAN","2008","Matthew Calvert",34.5,"2008-Matthew Calvert"
"D","L",75,205,"Saskatoon","WHL",1990-06-15,"FIN","2008","Jyri Niemi",27,"2008-Jyri Niemi"
"C","L",72,182,"Val d'Or","QMJHL",1990-01-30,"FRA","2008","Maxime Sauve",31,"2008-Maxime Sauve"
"D","L",70,157,"Roseau High","HIGH-MN",1990-05-18,"USA","2008","Aaron Ness",31,"2008-Aaron Ness"
"C","L",77,195,"Camrose","AJHL",1990-01-30,"CAN","2008","Joe Colborne",29,"2008-Joe Colborne"
"D","L",74,210,"Saint John","QMJHL",1990-02-18,"CAN","2008","Yann Sauve",25,"2008-Yann Sauve"
"C","L",69,146,"Medicine Hat","WHL",1989-10-06,"CAN","2008","Tyler Ennis",24,"2008-Tyler Ennis"
"D","R",73,205,NA,NA,1990-03-10,"CAN","2008","Shawn Lalonde",40.5,"2008-Shawn Lalonde"
"C","R",70,187,"Regina","WHL",1990-05-15,"CAN","2008","Jordan Eberle",28.5,"2008-Jordan Eberle"
"D","R",72,195,"U. of Wisconsin","WCHA",1989-11-30,"CAN","2008","Cody Goloubef",41,"2008-Cody Goloubef"
"C","L",75,200,"Vancouver","WHL",1990-03-24,"CAN","2008","James Wright",39,"2008-James Wright"
"D","R",74,215,"Eastview High","HIGH-MN",1990-05-04,"USA","2008","Corey Fienhage",48.5,"2008-Corey Fienhage"
"RW","R",72,184,"USA U-18","USDP",1990-06-18,"USA","2008","Danny Kristo",38.5,"2008-Danny Kristo"
"D","R",73,185,"Westside","BCHL",1990-07-06,"CAN","2008","Justin Schultz",47,"2008-Justin Schultz"
"D","R",74,200,"Calgary","WHL",1990-06-07,"CAN","2008","Michael Stone",45,"2008-Michael Stone"
"C","L",75,209,"Langley","BCHL",1990-04-20,"CAN","2008","Derek Grant",73,"2008-Derek Grant"
"D","L",72,190,"St. Michael's","OPJHL",1990-03-05,"CAN","2008","Brandon Burlon",49,"2008-Brandon Burlon"
"C","L",74,214,"St. John's","QMJHL",1990-06-18,"CAN","2008","Luke Adam",54,"2008-Luke Adam"
"RW","R",75,201,"Sudbury","OHL",1990-08-21,"CAN","2008","Jared Staal",37.5,"2008-Jared Staal"
"D","L",77,209,"Saginaw","OHL",1990-07-31,"CAN","2008","Adam Comrie",62.5,"2008-Adam Comrie"
"RW","R",72,206,"Lewiston","QMJHL",1990-07-17,"CAN","2008","Danick Paquette",43,"2008-Danick Paquette"
"C","R",69,178,"Quebec","QMJHL",1990-01-16,"CAN","2008","Kelsey Tessier",39.5,"2008-Kelsey Tessier"
"C","L",72,175,"St. Catharine's","GHL",1990-08-10,"CAN","2008","Daultan Leveille",68,"2008-Daultan Leveille"
"C","L",70,185,"Kelowna","WHL",1990-03-22,"CAN","2008","Brandon McMillan",46,"2008-Brandon McMillan"
"C","L",73,190,"Stouffville","OPJHL",1990-01-12,"CAN","2008","Corey Trivino",47.5,"2008-Corey Trivino"
"LW","L",74,206,"Plymouth","OHL",1990-06-27,"USA","2008","AJ Jenks",35,"2008-AJ Jenks"
"C","R",72,207,"Sudbury","OHL",1990-06-21,"CAN","2008","Eric O'Dell",51,"2008-Eric O'Dell"
"LW","L",74,202,"Waterloo","USHL",1989-11-14,"USA","2008","Nicholas Larson",52.5,"2008-Nicholas Larson"
"RW","R",73,205,"Sault Ste. Marie","OHL",1990-03-08,"CAN","2008","James Livingston",47.5,"2008-James Livingston"
"RW","R",75,180,"Cloquet","HIGH-MN",1989-11-25,"USA","2008","Justin Jokinen",57,"2008-Justin Jokinen"
"LW","L",71,200,"Chicoutimi","QMJHL",1990-01-09,"CAN","2008","Jacob Lagace",44.5,"2008-Jacob Lagace"
"C","L",74,200,"London","OHL",1990-03-15,"USA","2008","Philip McRae",47,"2008-Philip McRae"
"C","R",74,204,"Quebec","QMJHL",1989-11-27,"BLR","2008","Mikhail Stefanovich",36.5,"2008-Mikhail Stefanovich"
"C","R",72,180,"Shattuck-St. Mary's","HIGH-MN",1990-06-18,"USA","2008","Derek Stepan",65,"2008-Derek Stepan"
"D","L",77,200,"Tri-City","WHL",1990-05-28,"CAN","2008","Eric Mestery",61,"2008-Eric Mestery"
"D","L",71,180,"Shattuck-St. Mary's","HIGH-MN",1989-11-09,"USA","2008","David Carle",67,"2008-David Carle"
"C","L",74,220,"Rimouski","QMJHL",1990-06-14,"CAN","2008","Patrice Cormier",71.5,"2008-Patrice Cormier"
"C","R",70,192,"Kelowna","WHL",1989-06-19,"USA","2008","Colin Long",62,"2008-Colin Long"
"RW","R",76,210,"Lincoln","USHL",1989-11-21,"USA","2008","Jimmy Hayes",64,"2008-Jimmy Hayes"
"C","R",72,207,"Spokane","WHL",1990-01-22,"USA","2008","Mitch Wahl",50.5,"2008-Mitch Wahl"
"C","L",71,183,"Windsor","OHL",1990-02-06,"CAN","2008","Adam Henrique",56,"2008-Adam Henrique"
"LW","L",77,223,"Kingston","OHL",1990-01-03,"CAN","2008","Josh Brittain",90,"2008-Josh Brittain"
"D","L",74,215,"Regina","WHL",1989-09-25,"CAN","2008","Matt Delahey",58.5,"2008-Matt Delahey"
"C","L",74,212,"Vancouver","WHL",1990-03-25,"CAN","2008","Lance Bouma",60,"2008-Lance Bouma"
"D","L",78,220,"Cape Breton","QMJHL",1990-06-21,"CAN","2008","Mathieu Brodeur",82,"2008-Mathieu Brodeur"
"C","L",72,202,"Moose Jaw","WHL",1989-11-24,"CAN","2008","Joel Broda",64,"2008-Joel Broda"
"LW","L",75,215,"Swift Current","WHL",1990-04-09,"CAN","2008","Geordie Wudrick",70,"2008-Geordie Wudrick"
"C","L",72,194,"Guelph","OHL",1990-01-11,"CAN","2008","Anthony Nigro",74,"2008-Anthony Nigro"
"C","L",76,214,"Chicoutimi","QMJHL",1990-01-24,"CAN","2008","Joel Champagne",80,"2008-Joel Champagne"
"C","R",72,187,"Kingston","OHL",1990-01-04,"CAN","2008","Nathan Moon",96,"2008-Nathan Moon"
"D","R",72,203,"Moose Jaw","WHL",1990-08-16,"CAN","2008","Travis Hamonic",64.5,"2008-Travis Hamonic"
"D","L",74,190,"Quebec","QMJHL",1990-06-28,"CAN","2008","Samuel Groulx",118.5,"2008-Samuel Groulx"
"D","L",76,195,"Omaha","USHL",1990-09-12,"CAN","2008","Patrick Wiercioch",98,"2008-Patrick Wiercioch"
"C","L",73,190,"Wausau","HIGH-WI",1990-05-29,"USA","2008","Nathan Condon",74,"2008-Nathan Condon"
"C","R",70,195,"Shattuck-St. Mary's","HIGH-MN",1990-06-07,"CAN","2008","David Toews",75,"2008-David Toews"
"LW","L",72,196,"Rimouski","QMJHL",1990-03-28,"CAN","2008","Philippe Cornet",55.5,"2008-Philippe Cornet"
"D","L",69,170,"USA U-18","USDP",1990-05-30,"USA","2008","David Warsofsky",92,"2008-David Warsofsky"
"D","L",75,216,"Val d'Or","QMJHL",1990-02-23,"CAN","2008","Marco Scandella",82,"2008-Marco Scandella"
"D","L",72,220,"Ottawa","OHL",1989-09-25,"CAN","2008","Julien Demers",73.5,"2008-Julien Demers"
"LW","R",72,180,"Langley","BCHL",1990-08-15,"CAN","2008","Taylor Stefishen",78.5,"2008-Taylor Stefishen"
"RW","R",73,194,NA,NA,1989-08-25,"CAN","2008","Brodie Reid",85,"2008-Brodie Reid"
"C","L",72,200,NA,NA,1989-11-03,"CAN","2008","Brett Theberge",93,"2008-Brett Theberge"
"C","R",72,190,"USA U-18","USDP",1990-01-25,"USA","2008","Robert Czarnik",102,"2008-Robert Czarnik"
"C","L",72,191,NA,NA,1989-04-26,"CAN","2008","Luke Pither",83.5,"2008-Luke Pither"
"D","R",74,193,"Chicago","USHL",1990-03-02,"USA","2008","Max Nicastro",103.5,"2008-Max Nicastro"
"D","L",73,200,"Mississauga St. Michael's","OHL",1990-03-19,"CAN","2008","Cameron Gaunce",91,"2008-Cameron Gaunce"
"RW","R",73,179,"Calgary","WHL",1990-02-04,"CAN","2008","Ian Schultz",92,"2008-Ian Schultz"
"RW","L",74,210,NA,NA,1989-09-23,"CAN","2008","Zach Harnden",93,"2008-Zach Harnden"
"RW","R",72,186,NA,NA,1990-06-28,"CAN","2008","Robert Mignardi",94,"2008-Robert Mignardi"
"LW","L",76,210,NA,NA,1990-01-28,"CAN","2008","Neal Prokop",95,"2008-Neal Prokop"
"C","L",72,203,"Swift Current","WHL",1989-09-28,"CAN","2008","Matthew Tassone",96,"2008-Matthew Tassone"
"LW","L",71,205,NA,NA,1990-08-16,"CAN","2008","Michael Lomas",97,"2008-Michael Lomas"
"D","L",73,192,"Victoriaville","QMJHL",1990-04-08,"CAN","2008","Joel Chouinard",99,"2008-Joel Chouinard"
"C","R",72,162,"Kent School","HIGH-CT",1989-06-07,"USA","2008","Justin Daniels",100,"2008-Justin Daniels"
"LW","L",73,190,"Belleville","OHL",1990-02-24,"CAN","2008","Stephen Johnston",101,"2008-Stephen Johnston"
"D","L",72,206,"Brainerd H.S.","HIGH-MN",1990-04-04,"USA","2008","Drew Olson",102,"2008-Drew Olson"
"C","L",71,180,"Choate-Rosemary","HIGH-CT",1990-07-29,"USA","2008","Mark Goggin",103,"2008-Mark Goggin"
"RW","R",69,185,NA,NA,1989-11-10,"CAN","2008","Gary Nunn",104,"2008-Gary Nunn"
"C","L",72,201,"KAUFBEUREN","GERMANY-2",1990-05-29,"CAN","2008","Brent Raedeke",106,"2008-Brent Raedeke"
"D","R",73,191,NA,NA,1990-05-09,"CAN","2008","Alexandre Neron",107,"2008-Alexandre Neron"
"C","L",74,202,"Swift Current","WHL",1988-04-05,"CAN","2008","Zack Smith",108,"2008-Zack Smith"
"RW","R",74,161,"Kent School","HIGH-CT",1989-06-07,"USA","2008","Drew Daniels",109,"2008-Drew Daniels"
"RW","R",71,187,"SOKOLOV","CZECHIA-2",1990-01-09,"CZE","2008","Jan Dalecky",110,"2008-Jan Dalecky"
"C","L",72,187,NA,NA,1989-11-21,"CAN","2008","Mathieu Tousignant",111,"2008-Mathieu Tousignant"
"C","R",74,205,"Brampton","OHL",1990-01-29,"CAN","2008","Kyle De Coste",115,"2008-Kyle De Coste"
"RW","R",74,210,NA,NA,1990-01-02,"CAN","2008","Matthew Ius",116,"2008-Matthew Ius"
"LW","L",72,194,NA,NA,1989-11-22,"FRA","2008","Antoine Roussel",118,"2008-Antoine Roussel"
"LW","L",70,190,"Mississauga St. Michael's","OHL",1990-06-15,"CAN","2008","Zac Rinaldo",119,"2008-Zac Rinaldo"
"C","L",71,202,"Baie Comeau","QMJHL",1990-02-10,"CAN","2008","Samuel Morneau",120,"2008-Samuel Morneau"
"D","L",76,204,"Windsor","OHL",1989-11-12,"CAN","2008","Harry Young",121,"2008-Harry Young"
"D","L",74,182,"PEI","QMJHL",1990-05-15,"CAN","2008","Jordon Southorn",122,"2008-Jordon Southorn"
"C","L",75,190,"Northwood School","HIGH-NY",1989-07-06,"CAN","2008","Julien Cayer",123,"2008-Julien Cayer"
"F","L",76,210,"Mississauga St. Michael's","OHL",1989-10-06,"CAN","2008","Michael Pelech",124,"2008-Michael Pelech"
"D","L",72,215,"Rouyn-Noranda","QMJHL",1989-09-17,"CAN","2008","Marc-Andre Bourdon",125,"2008-Marc-Andre Bourdon"
"C","L",71,171,NA,NA,1990-09-10,"CAN","2008","Wacey Hamilton",127,"2008-Wacey Hamilton"
"D","R",74,201,"Mississauga St. Michael's","OHL",1990-01-17,"CAN","2008","Tim Billingsley",128,"2008-Tim Billingsley"
"C","R",76,200,NA,NA,1990-03-18,"CAN","2008","Travis Toomey",129,"2008-Travis Toomey"
"C","L",72,205,"PEI","QMJHL",1990-03-22,"CAN","2008","Chris Doyle",130,"2008-Chris Doyle"
"RW","L",75,185,"Sioux City","USHL",1989-08-05,"USA","2008","Steve Quailer",131,"2008-Steve Quailer"
"D","L",73,207,"Moncton","QMJHL",1990-03-23,"CAN","2008","Mark Barberio",134,"2008-Mark Barberio"
"RW","R",73,202,"USA U-18","USDP",1990-02-15,"USA","2008","Vinny Saponari",135,"2008-Vinny Saponari"
"C","L",75,196,NA,NA,1989-11-16,"CAN","2008","Luc-Olivier Blain",137,"2008-Luc-Olivier Blain"
"D","R",73,213,NA,NA,1990-08-16,"CAN","2008","Michael D'Orazio",139,"2008-Michael D'Orazio"
"LW","L",75,195,"Jr. Monarchs","EJHL",1990-05-16,"USA","2008","Greg Burke",140,"2008-Greg Burke"
"D","R",74,220,"Ohio","USHL",1990-06-20,"USA","2008","Greg Pateryn",146,"2008-Greg Pateryn"
"D","L",74,222,"Camrose","AJHL",1990-03-25,"CAN","2008","Andrew MacWilliam",147,"2008-Andrew MacWilliam"
"RW","R",69,165,"Avon Old Farms H.S.","HIGH-CT",1989-06-05,"USA","2008","Cameron Atkinson",148,"2008-Cameron Atkinson"
"LW","L",71,189,NA,NA,1989-11-22,"CAN","2008","Jordan Skellett",149,"2008-Jordan Skellett"
"D","L",73,218,"Saskatoon","WHL",1990-01-04,"CAN","2008","Teigan Zahn",151,"2008-Teigan Zahn"
"LW","L",72,185,NA,NA,1990-06-08,"USA","2008","Jake Youso",152,"2008-Jake Youso"
"RW","R",74,206,"Swift Current","WHL",1988-08-05,"CAN","2008","Dale Weise",153,"2008-Dale Weise"
"D","L",73,170,"Saginaw","OHL",1990-06-07,"CAN","2008","TJ Brodie",154,"2008-TJ Brodie"
"C/LW/RW","R",71,175,NA,NA,1989-10-05,"CAN","2008","Eric Filiou",155,"2008-Eric Filiou"
"LW","L",71,205,"Barrie","OHL",1990-01-24,"CAN","2008","Stefan Della Rovere",156,"2008-Stefan Della Rovere"
"C","R",71,200,NA,NA,1989-09-07,"CAN","2008","Tyler Gron",158,"2008-Tyler Gron"
"LW","L",73,185,NA,NA,1988-10-23,"CAN","2008","Russell Goodman",160,"2008-Russell Goodman"
"LW","L",76,237,NA,NA,1989-12-22,"USA","2008","Richard Manley",163,"2008-Richard Manley"
"LW","L",71,175,NA,NA,1989-11-16,"CAN","2008","Pierre-A Vandall",164,"2008-Pierre-A Vandall"
"LW","L",72,185,NA,NA,1990-02-21,"CAN","2008","Kurtis Bartliff",165,"2008-Kurtis Bartliff"
"LW","L",75,205,"Rouyn-Noranda","QMJHL",1990-07-20,"CAN","2008","Jean-Sebastien Berube",166,"2008-Jean-Sebastien Berube"
"D","L",72,207,NA,NA,1990-04-13,"CAN","2008","Tyler Schmidt",168,"2008-Tyler Schmidt"
"D","R",77,217,NA,NA,1990-01-05,"CAN","2008","Pascal Amyot",169,"2008-Pascal Amyot"
"D","R",78,209,"Gatineau","QMJHL",1990-07-30,"CAN","2008","Steven Delisle",171,"2008-Steven Delisle"
"C","L",73,195,"USA U-18","USDP",1990-07-18,"USA","2008","David Wohlberg",172,"2008-David Wohlberg"
"C","R",69,168,NA,NA,1989-10-02,"USA","2008","Jake Hendrickson",174,"2008-Jake Hendrickson"
"C","R",75,198,"Russell Stover","MIDGET",1990-02-22,"NOR","2008","Scott Winkler",176,"2008-Scott Winkler"
"D","R",69,181,"Edina H.S.","HIGH-MN",1990-03-30,"USA","2008","Joe Gleason",178,"2008-Joe Gleason"
"LW","R",73,212,NA,NA,1990-02-08,"CAN","2008","Mike Thomas",179,"2008-Mike Thomas"
"C","L",73,180,"SOKOLOV","CZECHIA-2",1990-01-13,"CZE","2008","Tomas Knotek",180,"2008-Tomas Knotek"
"LW","L",73,191,NA,NA,1989-10-12,"CAN","2008","Eric Louis-Seize",182,"2008-Eric Louis-Seize"
"RW","R",71,202,"Boston College","H-EAST",1988-07-11,"USA","2008","Ben Smith",184,"2008-Ben Smith"
"D","L",72,196,"USA U-18","USDP",1990-05-16,"USA","2008","Ryan Hegarty",186,"2008-Ryan Hegarty"
"RW","R",74,190,"Kamloops","WHL",1990-02-10,"CAN","2008","Tyler Shattock",188,"2008-Tyler Shattock"
"D","L",73,208,NA,NA,1990-04-04,"USA","2008","Austin Handley",192,"2008-Austin Handley"
"LW","L",72,197,NA,NA,1990-02-20,"CAN","2008","Travis McIsaac",193,"2008-Travis McIsaac"
"C","L",71,190,"Smiths Falls","CJHL",1988-04-05,"CAN","2008","Nicholas Tremblay",196,"2008-Nicholas Tremblay"
"LW","L",74,215,NA,NA,1990-07-02,"CAN","2008","Travis Stacey",197,"2008-Travis Stacey"
"D","R",68,180,"Spokane","WHL",1989-11-29,"CAN","2008","Jared Spurgeon",198,"2008-Jared Spurgeon"
"RW","R",70,187,NA,NA,1990-04-03,"USA","2008","Brock Montpetit",199,"2008-Brock Montpetit"
"LW","L",72,190,NA,NA,1990-07-10,"CAN","2008","Jonathan Bonneau",200,"2008-Jonathan Bonneau"
"D","L",72,188,"Saginaw","OHL",1990-02-23,"CAN","2008","Nick Crawford",202,"2008-Nick Crawford"
"D","R",73,192,"USA U-18","USDP",1990-03-10,"USA","2008","Sean Lorenz",203,"2008-Sean Lorenz"
"LW","L",75,210,"Shawinigan","QMJHL",1990-02-05,"CAN","2008","Ashton Bernard",206,"2008-Ashton Bernard"
"C","L",70,183,"Northern Michigan U.","CCHA",1988-01-01,"CAN","2008","Mark Olver",207,"2008-Mark Olver"
"D","L",71,184,"USA U-18","USDP",1990-09-09,"USA","2008","Nick Pryor",208,"2008-Nick Pryor"
"D","L",70,198,"Lulea","SWEDEN",1988-12-15,"SWE","2008","Erik Gustafsson",209,"2008-Erik Gustafsson"
"C","L",73,209,"London","OHL",1990-09-20,"CAN","2009","John Tavares",1,"2009-John Tavares"
"C","L",72,196,"Brampton","OHL",1991-01-16,"CAN","2009","Matt Duchene",2,"2009-Matt Duchene"
"C","L",73,176,"Vancouver","WHL",1991-08-02,"CAN","2009","Evander Kane",3,"2009-Evander Kane"
"C","L",72,192,"Brandon","WHL",1991-08-22,"CAN","2009","Brayden Schenn",4.5,"2009-Brayden Schenn"
"C","R",68,175,"U. of Minnesota","WCHA",1990-09-29,"USA","2009","Jordan Schroeder",4.5,"2009-Jordan Schroeder"
"D","L",74,200,"Chicago","USHL",1990-11-19,"USA","2009","John Moore",7,"2009-John Moore"
"RW","R",73,188,"Brandon","WHL",1991-02-22,"CAN","2009","Scott Glennie",9.5,"2009-Scott Glennie"
"D","L",76,218,"Saint John","QMJHL",1991-01-26,"CAN","2009","Simon Despres",7,"2009-Simon Despres"
"D","L",77,220,"Spokane","WHL",1991-01-25,"CAN","2009","Jared Cowen",8,"2009-Jared Cowen"
"RW","R",75,226,"Peterborough","OHL",1991-01-24,"CAN","2009","Zack Kassian",17,"2009-Zack Kassian"
"D","L",73,185,"Drummondville","QMJHL",1990-10-29,"RUS","2009","Dmitry Kulikov",14,"2009-Dmitry Kulikov"
"RW","L",74,205,"Lethbridge","WHL",1991-04-01,"CAN","2009","Carter Ashton",11,"2009-Carter Ashton"
"C","R",72,180,"Omaha","USHL",1991-01-26,"CAN","2009","Louis Leblanc",15.5,"2009-Louis Leblanc"
"C","L",75,220,"Andover","HIGH-MA",1991-04-30,"USA","2009","Chris Kreider",14,"2009-Chris Kreider"
"C","L",72,167,"London","OHL",1990-10-06,"CAN","2009","Nazem Kadri",13,"2009-Nazem Kadri"
"D","R",69,176,"Windsor","OHL",1991-01-03,"CAN","2009","Ryan Ellis",15.5,"2009-Ryan Ellis"
"D","R",73,192,"Saskatoon","WHL",1991-01-30,"CAN","2009","Stefan Elliott",19.5,"2009-Stefan Elliott"
"C","R",72,176,"Red Deer","WHL",1991-08-08,"CAN","2009","Landon Ferraro",15.5,"2009-Landon Ferraro"
"C","L",74,189,"Guelph","OHL",1991-01-14,"CAN","2009","Peter Holland",14,"2009-Peter Holland"
"RW","R",70,191,"USA U-18","USDP",1991-02-01,"USA","2009","Kyle Palmieri",19.5,"2009-Kyle Palmieri"
"RW","L",74,202,"Rimouski","QMJHL",1990-11-02,"CAN","2009","Jordan Caron",20.5,"2009-Jordan Caron"
"RW","R",74,229,"Edina H.S.","HIGH-MN",1991-05-09,"USA","2009","Zach Budish",19,"2009-Zach Budish"
"D","L",73,194,"Prince Albert","WHL",1991-03-26,"CAN","2009","Ryan Button",29.5,"2009-Ryan Button"
"D","L",71,179,"Eden Prarie","HIGH-MN",1991-03-20,"USA","2009","Nick Leddy",24.5,"2009-Nick Leddy"
"D","L",72,175,"Oshawa","OHL",1991-01-08,"CAN","2009","Calvin De Haan",31.5,"2009-Calvin De Haan"
"LW","L",74,210,"Shawinigan","QMJHL",1991-01-02,"CAN","2009","Philippe Paradis",26,"2009-Philippe Paradis"
"D","L",74,206,"Camrose","AJHL",1991-01-03,"USA","2009","Dylan Olsen",25,"2009-Dylan Olsen"
"C","R",74,190,"USA U-18","USDP",1991-01-29,"USA","2009","Drew Shore",30,"2009-Drew Shore"
"C","L",72,191,"Swift Current","WHL",1991-05-24,"CAN","2009","Cody Eakin",40.5,"2009-Cody Eakin"
"C","R",75,214,"USA U-18","USDP",1991-02-03,"USA","2009","Chris Brown",29.5,"2009-Chris Brown"
"D","R",76,218,"Brampton","OHL",1990-10-17,"USA","2009","Matt Clark",44.5,"2009-Matt Clark"
"C","L",72,198,"Kingston","OHL",1991-06-07,"CAN","2009","Ethan Werek",37.5,"2009-Ethan Werek"
"LW","R",73,197,"USA U-18","USDP",1991-04-16,"USA","2009","Jeremy Morin",27,"2009-Jeremy Morin"
"RW","R",76,187,"Des Moines","USHL",1990-10-01,"CAN","2009","Alex Chiasson",34,"2009-Alex Chiasson"
"LW/RW","L",74,198,"Little Falls H.S.","HIGH-MN",1990-10-18,"USA","2009","Ben Hanowski",40,"2009-Ben Hanowski"
"D","R",73,200,"Shawinigan","QMJHL",1991-09-13,"CAN","2009","Charles-Olivier Roussel",33,"2009-Charles-Olivier Roussel"
"LW","L",71,205,"Chilliwack","WHL",1991-07-06,"CAN","2009","Ryan Howse",44,"2009-Ryan Howse"
"D","L",76,226,"Lewiston","QMJHL",1991-05-08,"CAN","2009","Eric Gelinas",34.5,"2009-Eric Gelinas"
"C","L",72,208,"Erie","OHL",1991-02-07,"CAN","2009","Ryan O'Reilly",37,"2009-Ryan O'Reilly"
"D","L",71,175,"Hotchkiss School","HIGH-CT",1991-03-25,"USA","2009","Mac Bennett",51.5,"2009-Mac Bennett"
"D","L",76,220,"Sioux City","USHL",1990-10-08,"USA","2009","Seth Helgeson",40.5,"2009-Seth Helgeson"
"RW","R",75,220,"Edmonton","WHL",1990-11-19,"CZE","2009","Tomas Vincour",60.5,"2009-Tomas Vincour"
"RW","R",72,190,"Fargo","USHL",1991-03-28,"USA","2009","Josh Birkholz",38,"2009-Josh Birkholz"
"LW","R",70,184,"Barrie","OHL",1990-11-07,"CAN","2009","Alex Hutchings",46,"2009-Alex Hutchings"
"C","R",72,201,"Guelph","OHL",1991-05-25,"CAN","2009","Michael Latta",43.5,"2009-Michael Latta"
"D","L",73,182,NA,NA,1990-09-28,"CAN","2009","Gabriel Lemieux",37,"2009-Gabriel Lemieux"
"D","R",73,190,"Windsor","OHL",1991-04-19,"CAN","2009","Jesse Blacker",54.5,"2009-Jesse Blacker"
"LW","R",73,216,"Guelph","OHL",1991-05-13,"CAN","2009","Taylor Beck",49,"2009-Taylor Beck"
"C","L",70,165,"USA U-18","USDP",1991-01-03,"USA","2009","Ryan Bourque",55,"2009-Ryan Bourque"
"LW","L",71,202,"Cedar Rapids","USHL",1990-11-20,"USA","2009","Jeff Costello",69.5,"2009-Jeff Costello"
"D","L",76,200,"Kootenay","WHL",1991-01-21,"CAN","2009","Brayden McNabb",62,"2009-Brayden McNabb"
"D","R",70,188,"Kelowna","WHL",1991-07-26,"CAN","2009","Tyson Barrie",44.5,"2009-Tyson Barrie"
"C/RW","R",70,183,NA,NA,1990-11-20,"USA","2009","Danny Mattson",55,"2009-Danny Mattson"
"D","R",72,190,"USA U-18","USDP",1991-03-16,"USA","2009","William Wrenn",50.5,"2009-William Wrenn"
"C","R",74,191,"Kamloops","WHL",1991-01-19,"CAN","2009","Jimmy Bubnick",54.5,"2009-Jimmy Bubnick"
"RW","R",72,204,NA,NA,1991-07-10,"USA","2009","Kenny Ryan",60.5,"2009-Kenny Ryan"
"C","L",72,187,"Shattuck-St. Mary's","HIGH-MN",1991-03-23,"FIN","2009","Erik Haula",56,"2009-Erik Haula"
"D","R",78,221,"Kingston","OHL",1991-03-02,"CAN","2009","Taylor Doherty",64.5,"2009-Taylor Doherty"
"D","L",73,204,"Rouyn-Noranda","QMJHL",1991-02-22,"CAN","2009","Nicolas Deslauriers",54,"2009-Nicolas Deslauriers"
"D","L",74,194,"Chicago","USHL",1991-07-26,"SWE","2009","Philip Samuelsson",59.5,"2009-Philip Samuelsson"
"D","L",76,203,"Jr. Monarchs","EJHL",1991-09-06,"USA","2009","Brian Dumoulin",62.5,"2009-Brian Dumoulin"
"D","L",72,191,"Rimouski","QMJHL",1991-09-08,"CAN","2009","Gleason Fournier",59,"2009-Gleason Fournier"
"D","L",72,200,"Delbarton","HIGH-NJ",1990-12-17,"CAN","2009","Alex Velischek",87.5,"2009-Alex Velischek"
"C","R",73,196,"Okotoks","AJHL",1990-09-10,"CAN","2009","Corban Knight",64,"2009-Corban Knight"
"C","R",74,216,"Medicine Hat","WHL",1991-07-17,"CAN","2009","Linden Vey",86.5,"2009-Linden Vey"
"LW","L",74,205,"Owen Sound","OHL",1991-03-16,"CAN","2009","Garrett Wilson",66,"2009-Garrett Wilson"
"RW","L",70,196,"USA U-18","USDP",1991-02-19,"USA","2009","Jerry D'Amigo",69.5,"2009-Jerry D'Amigo"
"RW","R",70,189,"Saginaw","OHL",1991-05-14,"CAN","2009","Jordan Szwarz",60.5,"2009-Jordan Szwarz"
"RW","R",74,194,"Shattuck-St. Mary's","HIGH-MN",1990-09-15,"SWE","2009","Alexander Fallstrom",76.5,"2009-Alexander Fallstrom"
"D","R",72,192,NA,NA,1991-06-17,"CAN","2009","Brennan Yadlowski",111.5,"2009-Brennan Yadlowski"
"RW","R",72,199,NA,NA,1991-01-08,"CAN","2009","Burke Gallimore",73,"2009-Burke Gallimore"
"RW","R",74,199,NA,NA,1991-03-19,"USA","2009","David Valek",74,"2009-David Valek"
"LW","L",72,190,NA,NA,1990-12-20,"CAN","2009","Cassidy Mappin",50,"2009-Cassidy Mappin"
"C","L",74,205,"Quebec","QMJHL",1991-02-09,"CAN","2009","David Gilbert",76,"2009-David Gilbert"
"C","L",72,160,"Georgetown","OJHL",1991-04-10,"CAN","2009","Brandon Pirri",77.5,"2009-Brandon Pirri"
"D","R",76,231,NA,NA,1991-07-03,"USA","2009","Blake Thompson",78.5,"2009-Blake Thompson"
"D","L",75,224,"Guelph","OHL",1991-05-09,"CAN","2009","Ben Chiarot",89.5,"2009-Ben Chiarot"
"RW","R",70,190,NA,NA,1991-09-13,"USA","2009","Garrett Peterson",103.5,"2009-Garrett Peterson"
"C","L",74,191,"Roseau High","HIGH-MN",1991-05-04,"USA","2009","Nick Oliver",82,"2009-Nick Oliver"
"D","L",76,195,NA,NA,1991-05-13,"CAN","2009","Brodie Melnychuk",99,"2009-Brodie Melnychuk"
"LW","L",72,180,"Spokane","WHL",1990-10-05,"CAN","2009","Levko Koper",64,"2009-Levko Koper"
"C","R",72,189,"Everett","WHL",1991-03-12,"CAN","2009","Byron Froese",93.5,"2009-Byron Froese"
"RW","R",69,180,NA,NA,1990-10-16,"CAN","2009","Guillaume Goulet",80,"2009-Guillaume Goulet"
"D","R",77,225,"Phillips-Exeter","HIGH-NH",1990-12-31,"GBR","2009","Thomas Larkin",116.5,"2009-Thomas Larkin"
"RW","R",72,195,NA,NA,1990-09-27,"USA","2009","David Gerths",97.5,"2009-David Gerths"
"LW","L",74,192,"Penticton","BCHL",1991-02-22,"CAN","2009","Curtis McKenzie",123.5,"2009-Curtis McKenzie"
"RW","L",75,200,NA,NA,1991-03-19,"CZE","2009","Michal Hlinka",64.5,"2009-Michal Hlinka"
"D","L",75,203,NA,NA,1990-11-13,"CAN","2009","Brenden Dillon",66,"2009-Brenden Dillon"
"C","L",70,190,"Mississauga St. Michael's","OHL",1991-01-26,"CAN","2009","Casey Cizikas",112,"2009-Casey Cizikas"
"RW","R",74,205,NA,NA,1990-09-21,"CZE","2009","Stepan Novotny",124.5,"2009-Stepan Novotny"
"RW","L",72,190,NA,NA,1990-10-04,"CAN","2009","Matthew Tipoff",122,"2009-Matthew Tipoff"
"D","R",74,203,"Waterloo","USHL",1991-03-21,"USA","2009","Patrick Wey",130.5,"2009-Patrick Wey"
"LW","L",72,202,"Calgary","WHL",1990-12-12,"CAN","2009","Kristopher Foucault",96,"2009-Kristopher Foucault"
"C","R",73,190,"USA U-18","USDP",1991-04-23,"USA","2009","Kevin Lynch",91.5,"2009-Kevin Lynch"
"LW","L",70,182,"Baie Comeau","QMJHL",1990-09-23,"CAN","2009","Gabriel Bourque",101.5,"2009-Gabriel Bourque"
"D","L",74,210,NA,NA,1990-11-16,"USA","2009","Tim Schaller",125,"2009-Tim Schaller"
"D","R",73,212,"Moncton","QMJHL",1990-10-22,"CAN","2009","David Savard",134,"2009-David Savard"
"D","R",74,208,NA,NA,1990-10-26,"CAN","2009","Paul Bezzo",109.5,"2009-Paul Bezzo"
"LW","L",72,188,NA,NA,1991-02-28,"CAN","2009","Philippe Lefebvre",115,"2009-Philippe Lefebvre"
"LW","L",76,231,"Sudbury","OHL",1991-08-10,"USA","2009","Marcus Foligno",102.5,"2009-Marcus Foligno"
"D","L",75,202,"Wolfsburg","GERMANY",1991-03-06,"USA","2009","Bjorn Krupp",98,"2009-Bjorn Krupp"
"D","L",73,220,"Oshawa","OHL",1991-05-02,"CAN","2009","Scott Valentine",110,"2009-Scott Valentine"
"D","L",73,180,NA,NA,1991-02-02,"CAN","2009","Hayden Rintoul",146,"2009-Hayden Rintoul"
"LW","L",69,175,NA,NA,1989-10-14,"USA","2009","Jared Festler",104.5,"2009-Jared Festler"
"D","R",72,175,"Nepean","CJHL",1990-09-26,"CAN","2009","Jeremy Price",159.5,"2009-Jeremy Price"
"LW","L",74,195,NA,NA,1991-01-10,"USA","2009","Tyler Lapic",112.5,"2009-Tyler Lapic"
"D","L",74,190,"Cowichan Valley","BCHL",1991-09-14,"CAN","2009","Curtis Gedig",140,"2009-Curtis Gedig"
"RW","R",73,200,"Kitchener","OHL",1991-06-15,"CAN","2009","Tyler Randell",105.5,"2009-Tyler Randell"
"C","L",74,202,NA,NA,1990-09-15,"USA","2009","Cory Kane",139.5,"2009-Cory Kane"
"C","L",74,216,"Edina H.S.","HIGH-MN",1990-07-03,"USA","2009","Anders Lee",94,"2009-Anders Lee"
"D","L",73,209,"Red Deer","WHL",1991-06-07,"FIN","2009","Tommi Kivisto",82.5,"2009-Tommi Kivisto"
"D","R",72,195,"Green Bay","USHL",1990-09-21,"USA","2009","Nick Jensen",145,"2009-Nick Jensen"
"RW","R",72,173,NA,NA,1990-06-02,"USA","2009","Jeremy Langlois",121,"2009-Jeremy Langlois"
"C","L",71,200,NA,NA,1991-05-10,"CAN","2009","Michael Fine",109,"2009-Michael Fine"
"C","L",73,185,"South Kent School","HIGH-CT",1990-07-22,"USA","2009","Wade Megan",126.5,"2009-Wade Megan"
"LW","L",74,218,"Zvolen","SLOVAKIA",1991-05-11,"SVK","2009","Andrej Kudrna",142,"2009-Andrej Kudrna"
"C","R",74,191,NA,NA,1990-11-08,"USA","2009","Berkley Scott",109.5,"2009-Berkley Scott"
"C","L",72,176,NA,NA,1990-10-14,"USA","2009","Kyle Hughes",162,"2009-Kyle Hughes"
"C","R",75,212,"Cumberland","CJHL",1991-03-31,"CAN","2009","David Pacan",93.5,"2009-David Pacan"
"RW","R",72,197,NA,NA,1991-02-14,"CAN","2009","Luke Judson",131,"2009-Luke Judson"
"C","L",75,200,"Victoriaville","QMJHL",1991-02-22,"CZE","2009","Andrej Nestrasil",99,"2009-Andrej Nestrasil"
"RW","R",70,182,NA,NA,1990-11-07,"ZAF","2009","Willie Coetzee",104.5,"2009-Willie Coetzee"
"D","R",77,200,NA,NA,1991-01-16,"USA","2009","Luke Duprey",121.5,"2009-Luke Duprey"
"D","L",71,190,NA,NA,1991-07-12,"CAN","2009","Hubert Labrie",128,"2009-Hubert Labrie"
"D","L",74,190,"Nobles","HIGH-MA",1991-07-10,"USA","2009","Gus Young",128,"2009-Gus Young"
"C","R",71,182,"Nepean","CJHL",1991-06-06,"CAN","2009","Ben Sexton",126.5,"2009-Ben Sexton"
"LW","L",77,225,"Totino Grace","HIGH-MN",1990-09-24,"USA","2009","Daniel Delisle",125.5,"2009-Daniel Delisle"
"RW","R",69,165,NA,NA,1991-02-15,"CAN","2009","Kellan Tochkin",122,"2009-Kellan Tochkin"
"LW","L",72,190,NA,NA,1990-11-16,"USA","2009","Sean Logue",164,"2009-Sean Logue"
"LW","L",75,185,"Surrey","BCHL",1990-10-31,"CAN","2009","Spencer Bennett",117.5,"2009-Spencer Bennett"
"C","R",71,178,"Duluth East H.S.","HIGH-MN",1990-10-27,"USA","2009","Maxwell Tardy",136,"2009-Maxwell Tardy"
"LW","R",71,185,NA,NA,1991-06-21,"USA","2009","Jacob Goldberg",173.5,"2009-Jacob Goldberg"
"C","L",74,175,"Kingston","OJHL",1991-03-20,"CAN","2009","Dustin Walsh",146,"2009-Dustin Walsh"
"D","R",74,190,NA,NA,1991-06-13,"USA","2009","Collin Bowman",132,"2009-Collin Bowman"
"RW","R",70,185,"Regina","WHL",1991-09-02,"CAN","2009","Garrett Mitchell",127,"2009-Garrett Mitchell"
"LW","L",72,180,NA,NA,1991-02-22,"CAN","2009","Jonathan Lessard",137,"2009-Jonathan Lessard"
"RW","R",68,170,"Calgary","WHL",1990-03-08,"USA","2009","Brandon Kozun",149.5,"2009-Brandon Kozun"
"D","L",78,204,"Portland","WHL",1991-02-22,"CAN","2009","Brett Ponich",151,"2009-Brett Ponich"
"D","L",74,183,NA,NA,1991-09-03,"USA","2009","Matthew Konan",174.5,"2009-Matthew Konan"
"C","R",70,175,"Drummondville","QMJHL",1990-10-06,"CAN","2009","Gabriel Dumont",176,"2009-Gabriel Dumont"
"D","R",71,202,NA,NA,1991-01-30,"USA","2009","Tyler Hostetter",165,"2009-Tyler Hostetter"
"LW","L",72,207,NA,NA,1991-02-28,"RUS","2009","Oleg Lee",132.5,"2009-Oleg Lee"
"RW","L",72,170,"St. Michael's","OJHL",1991-04-01,"CAN","2009","Reilly Smith",162.5,"2009-Reilly Smith"
"C","L",73,213,NA,NA,1991-04-25,"CAN","2009","Pier-Antoine Dion",175.5,"2009-Pier-Antoine Dion"
"RW","R",74,200,NA,NA,1991-04-04,"USA","2009","Mark Hourihan",151.5,"2009-Mark Hourihan"
"LW","L",73,210,"PEI","QMJHL",1991-01-21,"CAN","2009","Benjamin Casavant",173.5,"2009-Benjamin Casavant"
"C","R",75,202,NA,NA,1990-11-09,"USA","2009","Brooks Herrington",178.5,"2009-Brooks Herrington"
"C","L",71,187,"Indiana","USHL",1990-07-08,"USA","2009","Michael Cichy",167,"2009-Michael Cichy"
"LW","L",71,195,"Kelowna","WHL",1990-11-21,"CAN","2009","Evan Bloodoff",174.5,"2009-Evan Bloodoff"
"C","L",72,198,"Oshawa","OHL",1991-05-17,"CAN","2009","Andy Andreoff",184.5,"2009-Andy Andreoff"
"D","R",77,230,"Vernon","BCHL",1989-05-12,"USA","2009","Kyle Bigos",169,"2009-Kyle Bigos"
"D","R",74,196,NA,NA,1991-01-30,"DNK","2009","Simon Gronvaldt",136.5,"2009-Simon Gronvaldt"
"RW","R",68,164,NA,NA,1991-02-04,"USA","2009","Andrew Treais",188,"2009-Andrew Treais"
"C","L",70,186,"London","OHL",1990-12-04,"CAN","2009","Philip Varone",131,"2009-Philip Varone"
"RW","R",74,180,NA,NA,1991-02-05,"CAN","2009","Mathieu Populus",182,"2009-Mathieu Populus"
"C","R",69,186,NA,NA,1991-08-24,"CAN","2009","Jordan Mayer",153.5,"2009-Jordan Mayer"
"C","R",72,189,"Waterloo","USHL",1989-09-05,"USA","2009","Craig Smith",177,"2009-Craig Smith"
"D","R",71,184,"Mississauga St. Michael's","OHL",1991-02-26,"CAN","2009","Brett Flemming",161,"2009-Brett Flemming"
"D","L",71,200,"Shattuck-St. Mary's","HIGH-MN",1991-06-25,"BLR","2009","Kirill Gotovets",148.5,"2009-Kirill Gotovets"
"D","R",74,201,NA,NA,1990-12-14,"CAN","2009","Gabriel O'Connor",153,"2009-Gabriel O'Connor"
"LW","L",74,209,"Barrie","OHL",1991-01-13,"CAN","2009","Kyle Clifford",179.5,"2009-Kyle Clifford"
"LW","L",74,195,"Saint John","QMJHL",1991-03-21,"CAN","2009","Steven Anthony",138,"2009-Steven Anthony"
"D","L",73,205,NA,NA,1990-03-27,"CAN","2009","Marc Cantin",185,"2009-Marc Cantin"
"RW","R",72,185,NA,NA,1991-03-06,"CAN","2009","Brandon MacLean",163.5,"2009-Brandon MacLean"
"C","R",70,155,NA,NA,1990-09-28,"CAN","2009","Jeremy Boyer",187,"2009-Jeremy Boyer"
"D","L",72,196,NA,NA,1990-11-20,"CAN","2009","Simon Jodoin",178.5,"2009-Simon Jodoin"
"D","R",74,210,"Sudbury","OHL",1991-03-04,"CAN","2009","Daniel Maggio",189,"2009-Daniel Maggio"
"LW","L",75,198,"Waterloo","USHL",1990-05-28,"USA","2009","Jordan Samuels-Thomas",184.5,"2009-Jordan Samuels-Thomas"
"RW","R",75,216,"KREFELD","GERMANY-2",1991-03-04,"CAN","2009","Adam Payerl",167,"2009-Adam Payerl"
"D","L",78,240,"Saginaw","OHL",1991-02-11,"CAN","2009","Cody Sol",192,"2009-Cody Sol"
"LW","L",72,197,NA,NA,1991-02-24,"CAN","2009","Matthew Brown",193,"2009-Matthew Brown"
"LW","L",78,209,NA,NA,1990-06-24,"RUS","2009","Georgi Guryanov",169.5,"2009-Georgi Guryanov"
"D","R",70,190,NA,NA,1991-03-26,"USA","2009","Beau Schmitz",195,"2009-Beau Schmitz"
"D","L",73,201,"Cushing Academy","HIGH-MA",1991-02-07,"USA","2009","Ronald Boyd",196,"2009-Ronald Boyd"
"RW","R",72,201,NA,NA,1991-01-19,"USA","2009","John Henrion",174.5,"2009-John Henrion"
"D","R",70,175,NA,NA,1990-12-01,"AUT","2009","Stefan Ulmer",149,"2009-Stefan Ulmer"
"D","L",73,185,NA,NA,1990-09-30,"CAN","2009","Wes McLeod",159.5,"2009-Wes McLeod"
"LW","R",74,193,NA,NA,1990-08-01,"USA","2009","Adam Berkle",201,"2009-Adam Berkle"
"D","L",73,196,"Western Michigan","CCHA",1990-02-23,"CAN","2009","Kevin Connauton",202,"2009-Kevin Connauton"
"LW","L",71,170,NA,NA,1990-11-14,"USA","2009","Alexander Krushelnyski",195.5,"2009-Alexander Krushelnyski"
"D","L",71,205,NA,NA,1991-04-26,"CAN","2009","Mikael Tam",204,"2009-Mikael Tam"
"D","L",78,225,"Philadelphia Jr. Flyers","USMAAA",1990-06-08,"USA","2009","Eric Knodel",205,"2009-Eric Knodel"
"C","L",69,180,"Straubing","GERMANY",1989-07-03,"CAN","2009","Mike Connolly",206,"2009-Mike Connolly"
"D","L",75,190,NA,NA,1991-05-17,"CAN","2009","Brad Yetman",190.5,"2009-Brad Yetman"
"D","R",74,208,NA,NA,1990-10-09,"USA","2009","Justin Agosta",208,"2009-Justin Agosta"
"D","L",71,190,"VILLACH","AUSTRIA",1990-11-01,"CAN","2009","Alex Wall",185,"2009-Alex Wall"
"LW","L",74,183,NA,NA,1991-01-28,"USA","2009","Daniel O'Donoghue",191,"2009-Daniel O'Donoghue"
"RW","R",74,216,NA,NA,1991-02-14,"USA","2009","Zach Tatrn",86,"2009-Zach Tatrn"
"LW","L",71,193,NA,NA,1991-02-28,"CAN","2009","Adam Hughesman",104,"2009-Adam Hughesman"
"D","L",77,210,NA,NA,1990-05-09,"CAN","2009","Nik Pokulok",129,"2009-Nik Pokulok"
"RW","R",75,206,NA,NA,1991-02-18,"CAN","2009","Alexandre Carrier",136,"2009-Alexandre Carrier"
"RW","R",72,178,NA,NA,1990-02-13,"USA","2009","Tyler Barnes",137,"2009-Tyler Barnes"
"D","L",72,182,NA,NA,1991-05-31,"CAN","2009","Joel Rogers",138,"2009-Joel Rogers"
"D","L",75,213,NA,NA,1991-05-20,"CAN","2009","Marc Zanetti",139,"2009-Marc Zanetti"
"D","R",74,193,NA,NA,1990-01-19,"USA","2009","William Rayner",140,"2009-William Rayner"
"D","L",76,195,NA,NA,1991-02-19,"CAN","2009","Jean Beauchemin",148,"2009-Jean Beauchemin"
"C","L",69,187,NA,NA,1991-04-13,"USA","2009","Tyler Maxwell",152,"2009-Tyler Maxwell"
"D","R",74,210,NA,NA,1991-05-06,"USA","2009","Tyler Amburgey",155,"2009-Tyler Amburgey"
"C","L",76,202,"Spisska Nova Ves","SLOVAKIA",1991-02-17,"SVK","2009","Dalibor Bortnak",159,"2009-Dalibor Bortnak"
"C","L",73,195,NA,NA,1989-09-20,"CAN","2009","Matt Strueby",173,"2009-Matt Strueby"
"C","L",76,185,NA,NA,1990-07-05,"CAN","2009","Antoine Laganiere",176,"2009-Antoine Laganiere"
"D","R",70,176,NA,NA,1990-03-01,"CAN","2009","Sam Gilbert",180,"2009-Sam Gilbert"
"D","R",74,200,NA,NA,1991-02-15,"USA","2009","Joseph Schmitz",184,"2009-Joseph Schmitz"
"D","L",72,185,NA,NA,1989-04-18,"CAN","2009","Giffen Nyren",186,"2009-Giffen Nyren"
"RW","L",72,180,NA,NA,1991-01-25,"USA","2009","Kevin Sullivan",189,"2009-Kevin Sullivan"
"D","L",70,185,"ANGERS","FRANCE",1991-05-12,"CAN","2009","Neil Manning",195,"2009-Neil Manning"
"D","L",72,172,NA,NA,1990-12-09,"USA","2009","Zach Palmquist",196,"2009-Zach Palmquist"
"LW","L",71,185,NA,NA,1990-05-02,"USA","2009","Andrew Ammon",200,"2009-Andrew Ammon"
"RW","R",72,180,NA,NA,1990-02-27,"USA","2009","Nick Oddo",203,"2009-Nick Oddo"
"C","R",75,220,NA,NA,1990-12-31,"CZE","2009","Jakub Husek",207,"2009-Jakub Husek"
"RW","R",77,212,NA,NA,1990-10-15,"USA","2009","Stephen Kelley",209,"2009-Stephen Kelley"
"LW","R",72,190,NA,NA,1990-07-17,"USA","2009","Kelen Corkum",999,"2009-Kelen Corkum"
"LW","R",73,185,"Avon Old Farms H.S.","HIGH-CT",1989-10-02,"USA","2009","Brad Peltz",999,"2009-Brad Peltz"
"C","R",73,170,NA,NA,1990-02-26,"USA","2009","Jeffrey Silengo",999,"2009-Jeffrey Silengo"
"C","R",73,172,"Plymouth","OHL",1992-01-31,"CAN","2010","Tyler Seguin",1.5,"2010-Tyler Seguin"
"LW","L",72,185,"Windsor","OHL",1991-11-14,"CAN","2010","Taylor Hall",1.5,"2010-Taylor Hall"
"RW","R",75,198,"Prince George","WHL",1992-05-02,"CAN","2010","Brett Connolly",3.5,"2010-Brett Connolly"
"D","R",76,205,"Kingston","OHL",1992-01-07,"CAN","2010","Erik Gudbranson",5,"2010-Erik Gudbranson"
"D","L",73,190,"Windsor","OHL",1991-12-05,"CAN","2010","Cam Fowler",4,"2010-Cam Fowler"
"D","L",74,198,"Moncton","QMJHL",1992-02-18,"CAN","2010","Brandon Gormley",7,"2010-Brandon Gormley"
"D","R",74,198,"Edmonton","WHL",1992-01-11,"CAN","2010","Mark Pysyk",8,"2010-Mark Pysyk"
"RW","L",73,195,"Medicine Hat","WHL",1992-06-16,"USA","2010","Emerson Etem",10.5,"2010-Emerson Etem"
"D","L",76,198,"USA U-18","USHL",1992-03-04,"USA","2010","Derek Forbort",10,"2010-Derek Forbort"
"C","R",74,192,"Portland","WHL",1992-07-31,"CAN","2010","Ryan Johansen",13,"2010-Ryan Johansen"
"C","L",73,187,"Barrie","OHL",1991-10-21,"RUS","2010","Alexander Burmistrov",9,"2010-Alexander Burmistrov"
"RW","L",74,216,"Portland","WHL",1992-09-08,"CHE","2010","Nino Niederreiter",13,"2010-Nino Niederreiter"
"C","R",76,188,"Blaine","HIGH-MN",1992-07-17,"USA","2010","Nick Bjugstad",12.5,"2010-Nick Bjugstad"
"RW","R",75,198,"Peterborough","OHL",1992-01-13,"USA","2010","Austin Watson",19.5,"2010-Austin Watson"
"LW","R",72,192,"Sudbury","OHL",1992-04-02,"CAN","2010","John McFarland",12.5,"2010-John McFarland"
"C","R",72,181,"Ottawa","OHL",1992-04-24,"CAN","2010","Tyler Toffoli",19,"2010-Tyler Toffoli"
"D","R",76,212,"Moose Jaw","WHL",1992-04-20,"CAN","2010","Dylan McIlrath",22,"2010-Dylan McIlrath"
"C","R",74,193,"Minnesota State","WCHA",1991-11-01,"USA","2010","Tyler Pitlick",19.5,"2010-Tyler Pitlick"
"C","L",74,182,"Moose Jaw","WHL",1992-01-21,"CAN","2010","Quinton Howden",24,"2010-Quinton Howden"
"RW","R",73,196,"Saint John","QMJHL",1992-01-17,"RUS","2010","Stanislav Galiev",21.5,"2010-Stanislav Galiev"
"D","L",75,198,"USA U-18","USHL",1992-02-03,"USA","2010","Jonathon Merrill",20.5,"2010-Jonathon Merrill"
"C","L",74,202,"U. of Notre Dame","CCHA",1991-12-07,"CAN","2010","Riley Sheahan",13.5,"2010-Riley Sheahan"
"LW","L",72,195,"Rimouski","QMJHL",1992-06-15,"CZE","2010","Petr Straka",28,"2010-Petr Straka"
"RW","R",74,202,"South Shore","EJHL",1992-03-02,"USA","2010","Charlie Coyle",21.5,"2010-Charlie Coyle"
"C","L",74,205,"Warroad","HIGH-MN",1991-10-15,"USA","2010","Brock Nelson",21,"2010-Brock Nelson"
"RW","L",74,201,"Nobles","HIGH-MA",1992-05-08,"USA","2010","Kevin Hayes",22,"2010-Kevin Hayes"
"C","L",76,204,"Ottawa","OHL",1991-10-27,"CAN","2010","Ryan Martindale",25.5,"2010-Ryan Martindale"
"C","L",70,180,"Tri-City","USHL",1992-06-25,"CAN","2010","Jaden Schwartz",34.5,"2010-Jaden Schwartz"
"D","R",76,200,"Red Deer","WHL",1992-03-03,"CAN","2010","Alexander Petrovic",31.5,"2010-Alexander Petrovic"
"C","R",70,178,"Regina","WHL",1992-04-15,"CAN","2010","Jordan Weal",37.5,"2010-Jordan Weal"
"LW","R",74,202,"Moncton","QMJHL",1992-07-16,"RUS","2010","Kirill Kabanov",23,"2010-Kirill Kabanov"
"RW","R",72,173,"Penticton","BCHL",1991-11-27,"USA","2010","Beau Bennett",40,"2010-Beau Bennett"
"LW","L",76,211,"Saginaw","OHL",1992-02-28,"RUS","2010","Ivan Telegin",29.5,"2010-Ivan Telegin"
"C","L",70,197,"Kitchener","OHL",1992-05-16,"CAN","2010","Jeff Skinner",40.5,"2010-Jeff Skinner"
"D","R",75,215,"USA U-18","USHL",1992-04-18,"USA","2010","Stephen Johns",35,"2010-Stephen Johns"
"C","R",72,218,"USA U-18","USHL",1992-05-13,"USA","2010","Bill Arnold",33,"2010-Bill Arnold"
"D","R",75,199,"Cretin Derham Hall H.S.","HIGH-MN",1991-10-18,"USA","2010","Mark Alt",37,"2010-Mark Alt"
"D","L",78,213,"USA U-18","USHL",1992-02-20,"USA","2010","Jarred Tinordi",40,"2010-Jarred Tinordi"
"C","L",72,198,"Peterborough","OHL",1992-01-30,"CAN","2010","Ryan Spooner",38.5,"2010-Ryan Spooner"
"D","L",74,180,"Milton Academy","HIGH-MA",1991-12-04,"USA","2010","Patrick McNally",62,"2010-Patrick McNally"
"D","R",74,214,"Sault Ste. Marie","OHL",1992-04-01,"USA","2010","Brock Beukeboom",52,"2010-Brock Beukeboom"
"LW","L",74,209,"Saskatoon","WHL",1991-12-04,"USA","2010","Curtis Hamilton",49,"2010-Curtis Hamilton"
"C","L",75,210,"Owen Sound","OHL",1992-04-22,"CAN","2010","Steven Shipley",43.5,"2010-Steven Shipley"
"D","R",74,192,"Portland","WHL",1992-04-29,"CAN","2010","Troy Rutkowski",43.5,"2010-Troy Rutkowski"
"D","L",75,218,"Newmarket","CCHL",1991-12-06,"CAN","2010","Julian Melchiori",53,"2010-Julian Melchiori"
"D","R",72,191,"Harvard U.","ECAC",1991-09-29,"CAN","2010","Danny Biega",38.5,"2010-Danny Biega"
"D","R",74,170,"Minnetonka","HIGH-MN",1992-01-30,"USA","2010","Justin Holl",50.5,"2010-Justin Holl"
"D","L",74,209,"Regina","WHL",1991-08-21,"CAN","2010","Brandon Davidson",52.5,"2010-Brandon Davidson"
"C","L",76,201,"Minnetonka","HIGH-MN",1992-05-07,"USA","2010","Max Gardiner",42.5,"2010-Max Gardiner"
"D","R",73,192,"Rouyn-Noranda","QMJHL",1992-07-30,"CAN","2010","Jerome Leduc",60,"2010-Jerome Leduc"
"LW","L",70,174,"USA U-18","USHL",1992-01-16,"USA","2010","Jason Zucker",53,"2010-Jason Zucker"
"LW","L",75,191,"Rimouski","QMJHL",1992-09-07,"CZE","2010","Jakub Culek",43.5,"2010-Jakub Culek"
"LW","R",71,185,"Windsor","OHL",1991-12-24,"CAN","2010","Justin Shugg",57.5,"2010-Justin Shugg"
"RW","R",74,190,"Shattuck-St. Mary's","HIGH-MN",1992-05-02,"CAN","2010","Joe Basaraba",46.5,"2010-Joe Basaraba"
"C","L",70,170,"Owen Sound","OHL",1991-10-20,"CAN","2010","Joey Hishon",50.5,"2010-Joey Hishon"
"D","R",72,196,"USA U-18","USHL",1992-03-20,"USA","2010","Justin Faulk",48,"2010-Justin Faulk"
"D","R",74,185,"Kamloops","WHL",1992-01-30,"CAN","2010","Austin Madaisky",58,"2010-Austin Madaisky"
"C","L",72,190,"Des Moines","USHL",1992-02-25,"USA","2010","Connor Brickley",53.5,"2010-Connor Brickley"
"LW","L",72,183,"Portland","WHL",1992-05-28,"CAN","2010","Bradley Ross",64,"2010-Bradley Ross"
"D","L",72,206,"Belleville","OHL",1992-06-26,"CAN","2010","Stephen Silas",55.5,"2010-Stephen Silas"
"C","L",75,205,"Erie","OHL",1991-12-04,"USA","2010","Andrew Yogan",63,"2010-Andrew Yogan"
"C","R",73,190,"Niagara","OHL",1992-01-01,"CAN","2010","Freddie Hamilton",82,"2010-Freddie Hamilton"
"D","R",76,218,"Sault Ste. Marie","OHL",1992-03-31,"USA","2010","Brandon Archibald",61,"2010-Brandon Archibald"
"RW","R",74,175,"Kelowna","WHL",1992-04-26,"CAN","2010","Brett Bulmer",114.5,"2010-Brett Bulmer"
"C","L",72,194,"Erie","OHL",1992-06-17,"CAN","2010","Greg McKegg",80,"2010-Greg McKegg"
"C","L",72,176,"Chilliwack","WHL",1992-01-18,"CAN","2010","Kevin Sundher",79.5,"2010-Kevin Sundher"
"C","L",72,193,NA,NA,1992-02-27,"USA","2010","Jacob Fallon",59,"2010-Jacob Fallon"
"RW","R",70,180,"Oshawa","OHL",1992-05-26,"CAN","2010","Christian Thomas",91.5,"2010-Christian Thomas"
"D","L",76,185,"Sioux City","USHL",1992-03-06,"USA","2010","Kevin Gravel",65,"2010-Kevin Gravel"
"D","L",76,209,"Moose Jaw","WHL",1992-04-10,"CAN","2010","Kendall McFaull",82,"2010-Kendall McFaull"
"LW","L",72,198,"Delbarton","HIGH-NJ",1992-04-30,"USA","2010","Kenneth Agostino",75.5,"2010-Kenneth Agostino"
"LW","L",74,205,"Ottawa","OHL",1992-06-30,"CAN","2010","Dalton Smith",69.5,"2010-Dalton Smith"
"D","R",73,191,"Calgary","WHL",1991-10-15,"CAN","2010","Matt MacKenzie",79.5,"2010-Matt MacKenzie"
"LW","L",72,195,"Shawinigan","QMJHL",1992-05-31,"CAN","2010","Michael Bournival",76.5,"2010-Michael Bournival"
"RW","R",72,207,"Mississauga","OHL",1992-06-14,"CAN","2010","Devante Smith-Pelly",71.5,"2010-Devante Smith-Pelly"
"D","L",73,193,"Everett","WHL",1992-02-14,"CAN","2010","Alex Theriau",75.5,"2010-Alex Theriau"
"LW","L",74,195,"Lewiston","QMJHL",1992-04-09,"CAN","2010","Michael Chaput",94.5,"2010-Michael Chaput"
"C","L",73,180,"Kootenay","WHL",1992-02-04,"CAN","2010","Maxwell Reinhart",118,"2010-Maxwell Reinhart"
"RW","R",72,191,"USA U-18","USHL",1992-05-11,"USA","2010","Bryan Rust",78,"2010-Bryan Rust"
"C/LW","L",74,180,"Shattuck-St. Mary's","HIGH-MN",1992-02-27,"USA","2010","Jason Clark",77,"2010-Jason Clark"
"C","R",70,201,"London","OHL",1992-01-16,"USA","2010","Jared Knight",102.5,"2010-Jared Knight"
"LW","L",73,202,"Saginaw","OHL",1991-09-25,"CAN","2010","Josh Shalla",74,"2010-Josh Shalla"
"LW","L",74,187,"Saint John","QMJHL",1992-04-20,"CAN","2010","Stephen MacAulay",78.5,"2010-Stephen MacAulay"
"C","R",71,200,"Tri-City","WHL",1992-05-15,"CAN","2010","Brooks Macek",93.5,"2010-Brooks Macek"
"C","L",76,213,"Montreal","QMJHL",1991-11-11,"CAN","2010","Louis-Marc Aubry",88,"2010-Louis-Marc Aubry"
"D","R",73,201,"Portland","WHL",1991-12-30,"USA","2010","Taylor Aronson",89,"2010-Taylor Aronson"
"LW","L",72,177,NA,NA,1992-05-05,"USA","2010","Casey Thrush",93,"2010-Casey Thrush"
"C","R",72,188,"Brampton","OHL",1992-02-04,"CAN","2010","Sam Carrick",88.5,"2010-Sam Carrick"
"D","R",72,205,"Everett","WHL",1990-06-05,"CZE","2010","Radko Gudas",91,"2010-Radko Gudas"
"C","L",72,185,"LUGANO","SWISS",1992-07-25,"CAN","2010","Michael Sgarbossa",137.5,"2010-Michael Sgarbossa"
"RW","R",74,196,"Saskatoon","WHL",1992-04-27,"CAN","2010","Josh Nicholls",110.5,"2010-Josh Nicholls"
"C","R",72,187,"USA U-18","USHL",1992-06-11,"USA","2010","Luke Moffatt",85,"2010-Luke Moffatt"
"RW","R",75,205,"Brampton","OHL",1992-05-29,"USA","2010","Philip Lane",110,"2010-Philip Lane"
"D","R",73,197,"Cape Breton","QMJHL",1992-04-30,"CAN","2010","Morgan Ellis",98,"2010-Morgan Ellis"
"D","L",74,197,"Winnipeg South","MJHL",1992-07-14,"CAN","2010","Peter Stoykewych",93,"2010-Peter Stoykewych"
"LW","L",75,185,"Orangeville","CCHL",1992-03-05,"CAN","2010","Alexander Guptill",98.5,"2010-Alexander Guptill"
"D","R",76,231,NA,NA,1992-08-24,"BLR","2010","Raman Hrabarenka",90.5,"2010-Raman Hrabarenka"
"RW","R",74,198,"Mississauga","OHL",1992-02-09,"CAN","2010","Gregg Sutch",108,"2010-Gregg Sutch"
"LW","L",72,200,NA,NA,1991-09-16,"CAN","2010","Alex Emond",103,"2010-Alex Emond"
"D","L",72,216,NA,NA,1992-01-25,"CAN","2010","Cameron Wind",91.5,"2010-Cameron Wind"
"RW","R",74,191,"Woodbury H.S.","HIGH-MN",1992-03-27,"USA","2010","Max Gaede",124,"2010-Max Gaede"
"LW","L",74,184,NA,NA,1991-10-05,"CAN","2010","Jonathan Brunelle",127,"2010-Jonathan Brunelle"
"C","L",74,195,NA,NA,1991-10-21,"USA","2010","Matthew White",106,"2010-Matthew White"
"RW","R",75,210,"Des Moines","USHL",1992-03-11,"CAN","2010","Yasin Cisse",95,"2010-Yasin Cisse"
"LW","R",70,180,"Vancouver","WHL",1990-09-13,"CAN","2010","Craig Cunningham",108,"2010-Craig Cunningham"
"C","R",70,185,"Bloomington Jefferson H.S.","HIGH-MN",1991-10-12,"USA","2010","Caleb Herbert",104.5,"2010-Caleb Herbert"
"RW","R",73,180,NA,NA,1991-11-23,"USA","2010","Garnet Hathaway",141.5,"2010-Garnet Hathaway"
"LW","L",70,194,"Kamloops","WHL",1992-05-03,"CAN","2010","Brendan Ranford",139.5,"2010-Brendan Ranford"
"C","L",72,197,NA,NA,1992-02-14,"USA","2010","Brian Ward",101.5,"2010-Brian Ward"
"D","L",70,190,NA,NA,1992-04-10,"CAN","2010","Marc-Antoine Carrier",123.5,"2010-Marc-Antoine Carrier"
"D","L",73,203,NA,NA,1992-06-01,"CAN","2010","Etienne Boutet",116,"2010-Etienne Boutet"
"RW","R",74,198,NA,NA,1992-02-04,"USA","2010","Jordan Messier",130.5,"2010-Jordan Messier"
"D","R",73,210,"Chilliwack","WHL",1992-01-29,"CAN","2010","Tyler Stahl",106,"2010-Tyler Stahl"
"C","R",71,190,"Governor's Academy","HIGH-MA",1991-12-19,"USA","2010","Cody Ferriero",111.5,"2010-Cody Ferriero"
"D","R",70,190,"Bloomington Jefferson H.S.","HIGH-MN",1991-11-15,"USA","2010","Joe Faust",113.5,"2010-Joe Faust"
"RW","R",76,219,"Brandon","WHL",1992-05-13,"CAN","2010","Mark Stone",86,"2010-Mark Stone"
"D","L",75,204,"Kootenay","WHL",1992-01-29,"CAN","2010","Joey Leach",120,"2010-Joey Leach"
"C","L",71,184,NA,NA,1992-05-07,"CAN","2010","Charles Inglis",94.5,"2010-Charles Inglis"
"RW","R",68,170,NA,NA,1992-09-14,"CAN","2010","Brandon Hynes",161,"2010-Brandon Hynes"
"D","R",74,190,"Owen Sound","OHL",1992-04-01,"CAN","2010","Geoffrey Schemitsch",146,"2010-Geoffrey Schemitsch"
"RW","L",72,189,"BUDAPEST JEGKORONG AKADEMIA HC","HUNGARY",1991-12-19,"CZE","2010","Antonin Honejsek",120,"2010-Antonin Honejsek"
"D","L",77,247,NA,NA,1991-05-14,"USA","2010","Luke Curadi",119,"2010-Luke Curadi"
"LW","L",71,184,"Chilliwack","WHL",1992-04-20,"CAN","2010","Dylen McKinlay",141,"2010-Dylen McKinlay"
"D","R",75,200,"Acadie-Bathurst","QMJHL",1992-03-19,"CAN","2010","Jeremie Blain",123.5,"2010-Jeremie Blain"
"RW","R",74,213,NA,NA,1992-07-18,"CAN","2010","Brock Montgomery",152,"2010-Brock Montgomery"
"C","L",71,200,NA,NA,1992-03-30,"DEU","2010","Thomas O'Regan",138.5,"2010-Thomas O'Regan"
"RW","L",73,207,NA,NA,1992-08-21,"USA","2010","J.T. Barnett",125.5,"2010-J.T. Barnett"
"D","R",72,190,"U. of Wisconsin","WCHA",1991-02-07,"CAN","2010","John Ramage",159,"2010-John Ramage"
"D","R",74,187,NA,NA,1991-10-09,"CAN","2010","Julien Levasseur",107,"2010-Julien Levasseur"
"D","L",76,205,"Penticton","BCHL",1992-02-22,"CAN","2010","Isaac MacLeod",133,"2010-Isaac MacLeod"
"D","L",73,185,"Indiana","USHL",1991-10-25,"USA","2010","Nick Mattson",114.5,"2010-Nick Mattson"
"RW","L",72,172,"Alberni Valley","BCHL",1992-01-23,"CAN","2010","Mark MacMillan",135,"2010-Mark MacMillan"
"RW","R",72,200,"South Shore","EJHL",1991-05-27,"USA","2010","Christopher Wagner",157,"2010-Christopher Wagner"
"RW","R",72,178,NA,NA,1991-09-11,"CAN","2010","Brandon Herrod",137,"2010-Brandon Herrod"
"RW","R",71,192,"Cedar Rapids","USHL",1992-02-15,"USA","2010","Michael Parks",104.5,"2010-Michael Parks"
"D","L",74,202,"Chicago","USHL",1992-03-31,"USA","2010","Kevin Lind",85.5,"2010-Kevin Lind"
"D","L",76,218,"BLACK WINGS LINZ","AUSTRIA",1991-12-29,"USA","2010","Logan Roe",121.5,"2010-Logan Roe"
"C","R",76,190,"Lethbridge","WHL",1991-09-26,"CAN","2010","Brody Sutter",141.5,"2010-Brody Sutter"
"D","R",74,213,"PORUBA","CZECHIA-2",1991-09-21,"CZE","2010","Adam Sedlak",144,"2010-Adam Sedlak"
"C","L",72,180,"ESBJERG","DENMARK",1992-04-18,"CAN","2010","Grayson Downing",127,"2010-Grayson Downing"
"D","L",75,177,NA,NA,1992-03-02,"USA","2010","Brett Stern",140.5,"2010-Brett Stern"
"LW","L",73,210,"Brandon","WHL",1992-04-20,"CAN","2010","Michael Ferland",167,"2010-Michael Ferland"
"C","L",74,204,NA,NA,1991-10-24,"CAN","2010","Danick Gauthier",136,"2010-Danick Gauthier"
"D","L",74,195,NA,NA,1991-04-26,"USA","2010","Jacob Rutt",178.5,"2010-Jacob Rutt"
"D","R",70,176,NA,NA,1991-12-17,"USA","2010","Eamonn McDermott",128,"2010-Eamonn McDermott"
"LW","L",74,205,NA,NA,1992-08-18,"USA","2010","Michael Zalewski",150,"2010-Michael Zalewski"
"D","L",75,216,"London","OHL",1992-04-29,"CAN","2010","Reid McNeill",161,"2010-Reid McNeill"
"LW","L",72,220,NA,NA,1992-01-15,"USA","2010","Thane Heller",139.5,"2010-Thane Heller"
"RW","R",70,176,NA,NA,1991-02-19,"USA","2010","Derek Deblois",111,"2010-Derek Deblois"
"RW","R",76,202,"RITTEN","AUSTRIA-2",1992-01-22,"CAN","2010","Brandon Alderson",160.5,"2010-Brandon Alderson"
"LW","L",73,186,NA,NA,1992-02-08,"USA","2010","Brandon McNally",173.5,"2010-Brandon McNally"
"D","L",75,192,"Plymouth","OHL",1992-02-16,"USA","2010","Austin Levi",136.5,"2010-Austin Levi"
"LW","R",72,187,"STORHAMAR","NORWAY",1991-04-17,"CAN","2010","Colin Campbell",155,"2010-Colin Campbell"
"D","R",73,196,"Sarnia","OHL",1991-11-29,"USA","2010","Joe Rogalski",150,"2010-Joe Rogalski"
"C","L",74,180,NA,NA,1992-08-27,"CAN","2010","Jesse Beamish",159,"2010-Jesse Beamish"
"RW","R",72,184,NA,NA,1991-04-08,"USA","2010","Myles McCauley",161,"2010-Myles McCauley"
"C","L",69,184,NA,NA,1992-03-31,"CAN","2010","Ryan Harrison",149,"2010-Ryan Harrison"
"C","L",73,182,NA,NA,1992-03-23,"USA","2010","Alex Lippincott",167,"2010-Alex Lippincott"
"LW","L",74,173,"Kingston","OHL",1992-05-30,"CAN","2010","Corey Durocher",163,"2010-Corey Durocher"
"D","L",78,225,"Halifax","QMJHL",1992-09-02,"DEU","2010","Konrad Abeltshauser",136,"2010-Konrad Abeltshauser"
"RW","R",71,168,"Shattuck-St. Mary's","HIGH-MN",1992-02-24,"USA","2010","James Mullin",165,"2010-James Mullin"
"RW","R",72,185,"St. Thomas","HIGH-MN",1992-01-20,"USA","2010","Christian Isackson",139,"2010-Christian Isackson"
"C","L",70,185,"HARTFORD","AHL",1990-10-01,"CAN","2010","Justin Dowling",167,"2010-Justin Dowling"
"LW","L",74,210,NA,NA,1992-05-30,"USA","2010","Andrew Huff",180.5,"2010-Andrew Huff"
"RW","L",74,166,NA,NA,1991-06-03,"USA","2010","Nicholas Sorkin",149.5,"2010-Nicholas Sorkin"
"LW","L",72,191,NA,NA,1992-03-26,"CAN","2010","Maxime Dumond",154.5,"2010-Maxime Dumond"
"D","L",75,204,NA,NA,1992-06-18,"CAN","2010","Antoine Corbin",171,"2010-Antoine Corbin"
"D","R",74,206,NA,NA,1992-04-30,"CAN","2010","Spencer Humphries",172,"2010-Spencer Humphries"
"C","R",70,190,NA,NA,1992-01-30,"USA","2010","Eric Neiley",169.5,"2010-Eric Neiley"
"RW","R",68,163,"Vancouver","WHL",1992-05-06,"CAN","2010","Brendan Gallagher",163,"2010-Brendan Gallagher"
"D","R",74,183,"The Gunnery","HIGH-CT",1991-11-29,"USA","2010","Nicholas Luukko",162.5,"2010-Nicholas Luukko"
"D","L",71,186,"Gatineau","QMJHL",1992-09-07,"SVK","2010","Adam Janosik",168,"2010-Adam Janosik"
"C","L",69,185,"WOLFSBURG","GERMANY",1992-07-29,"CAN","2010","Justin Feser",165.5,"2010-Justin Feser"
"LW","L",71,178,NA,NA,1992-05-21,"CAN","2010","Derek Froats",183.5,"2010-Derek Froats"
"RW","R",73,194,NA,NA,1991-04-16,"USA","2010","Ryan Daugherty",123.5,"2010-Ryan Daugherty"
"RW","R",72,182,"Tri-City","WHL",1992-01-07,"CAN","2010","Patrick Holland",180,"2010-Patrick Holland"
"RW","R",72,189,"Green Bay","USHL",1991-12-02,"USA","2010","Christopher Crane",188.5,"2010-Christopher Crane"
"D","R",73,208,NA,NA,1991-12-27,"USA","2010","Chris Casto",182,"2010-Chris Casto"
"D","R",76,215,NA,NA,1991-10-17,"CAN","2010","Mike Schwindt",183,"2010-Mike Schwindt"
"D","R",75,210,NA,NA,1992-04-26,"CAN","2010","Patrick Dore",194.5,"2010-Patrick Dore"
"C","R",71,191,NA,NA,1991-03-15,"CAN","2010","Taylor Carnevale",185,"2010-Taylor Carnevale"
"D","L",74,207,NA,NA,1992-04-17,"CAN","2010","Alex Cord",190,"2010-Alex Cord"
"RW","R",72,185,NA,NA,1991-09-19,"USA","2010","Tyson Fulton",187,"2010-Tyson Fulton"
"D","L",72,175,NA,NA,1991-03-13,"USA","2010","Kyle Quick",188,"2010-Kyle Quick"
"C","L",77,208,NA,NA,1992-07-29,"CAN","2010","Andrew Crescenzi",189,"2010-Andrew Crescenzi"
"C","L",75,211,"FEHERVAR","AUSTRIA",1990-02-09,"CAN","2010","Darren Archibald",162,"2010-Darren Archibald"
"C","L",74,172,NA,NA,1992-04-07,"CAN","2010","Jess Tanguy",191,"2010-Jess Tanguy"
"RW","R",73,195,NA,NA,1992-02-02,"USA","2010","Michael Kantor",192,"2010-Michael Kantor"
"D","R",75,225,NA,NA,1992-08-19,"CAN","2010","Mitchell Chapman",172,"2010-Mitchell Chapman"
"C","L",74,195,"VITKOVICE","CZECHIA",1991-08-28,"SVK","2010","Marek Hrivik",194,"2010-Marek Hrivik"
"D","R",78,216,NA,NA,1990-11-29,"CZE","2010","Andrej Sustr",202.5,"2010-Andrej Sustr"
"D","R",75,228,NA,NA,1992-02-03,"USA","2010","Brandon Underwood",196,"2010-Brandon Underwood"
"RW","R",75,213,"DRESDEN","GERMANY",1991-05-13,"CAN","2010","Trevor Parkes",201.5,"2010-Trevor Parkes"
"C","L",73,175,NA,NA,1992-06-29,"USA","2010","Garrett Hendrickson",191.5,"2010-Garrett Hendrickson"
"RW","R",70,171,NA,NA,1992-06-12,"CAN","2010","Steven Beyers",190.5,"2010-Steven Beyers"
"LW","L",71,170,NA,NA,1992-02-13,"USA","2010","James Polk",173.5,"2010-James Polk"
"LW","L",72,193,NA,NA,1992-08-31,"CAN","2010","Yannick Dube",201,"2010-Yannick Dube"
"C","R",72,209,"PROVIDENCE","AHL",1992-05-29,"USA","2010","Patrick Brown",160.5,"2010-Patrick Brown"
"D","R",72,193,"Lewiston","QMJHL",1992-04-28,"CAN","2010","Samuel Carrier",170.5,"2010-Samuel Carrier"
"LW","L",76,200,NA,NA,1992-04-27,"USA","2010","Scott Wamsganz",189,"2010-Scott Wamsganz"
"D","L",71,172,NA,NA,1991-11-03,"USA","2010","Andrew Prochno",180,"2010-Andrew Prochno"
"C/RW","R",71,196,NA,NA,1992-03-17,"CAN","2010","Jordan Depape",207,"2010-Jordan Depape"
"RW","R",74,215,NA,NA,1992-08-10,"USA","2010","Woodruff Hudson",209,"2010-Woodruff Hudson"
"C","R",68,165,"Notre Dame","CCHA",1992-02-25,"USA","2010","Thomas Tynan",210,"2010-Thomas Tynan"
"D","L",74,193,NA,NA,1991-10-27,"USA","2010","Elliott Bostrom",105,"2010-Elliott Bostrom"
"C","L",72,193,NA,NA,1992-05-08,"CAN","2010","Rock Regimbald",129,"2010-Rock Regimbald"
"D","L",74,202,NA,NA,1992-03-13,"USA","2010","Kevin Clare",132,"2010-Kevin Clare"
"D","L",74,181,NA,NA,1992-07-25,"CAN","2010","Nick Amies",135,"2010-Nick Amies"
"LW","L",76,194,"Northern Michigan U.","CCHA",1990-05-18,"USA","2010","Justin Florek",135,"2010-Justin Florek"
"LW","R",72,180,NA,NA,1991-12-29,"CAN","2010","Julien Tremblay",143,"2010-Julien Tremblay"
"D","L",73,195,NA,NA,1992-01-19,"CAN","2010","Gabriel Vermette",158,"2010-Gabriel Vermette"
"D","R",71,189,"HERLEV","DENMARK",1992-02-01,"CAN","2010","Tim Daly",159,"2010-Tim Daly"
"D","L",75,220,NA,NA,1992-01-15,"USA","2010","Jared Wiedemann",161,"2010-Jared Wiedemann"
"LW","L",72,180,NA,NA,1991-11-25,"CAN","2010","Nicolas Larocque-Marcoux",163,"2010-Nicolas Larocque-Marcoux"
"C","L",69,168,NA,NA,1992-02-13,"USA","2010","Jean-Paul Lafontaine",165,"2010-Jean-Paul Lafontaine"
"C","R",72,200,"Hamilton","CCHL",1992-06-09,"CAN","2010","Zach Hyman",175,"2010-Zach Hyman"
"D","R",74,189,NA,NA,1992-03-09,"CAN","2010","Mathieu Brisson",177,"2010-Mathieu Brisson"
"D","L",74,185,NA,NA,1992-05-31,"CAN","2010","Jordan Evans",179,"2010-Jordan Evans"
"C","R",72,192,NA,NA,1992-08-04,"CZE","2010","Denis Kindl",180,"2010-Denis Kindl"
"RW","R",77,180,"Calgary","WHL",1992-08-08,"CAN","2010","Cody Beach",181,"2010-Cody Beach"
"LW","L",75,207,NA,NA,1992-02-02,"CAN","2010","Olivier Croteau",184,"2010-Olivier Croteau"
"LW","L",76,185,NA,NA,1991-11-22,"USA","2010","Peter MacIntyre",186,"2010-Peter MacIntyre"
"RW","L",74,189,NA,NA,1991-09-25,"USA","2010","Stephen Hickey",190,"2010-Stephen Hickey"
"RW","R",71,194,"OLTEN","SWISS-2",1992-09-09,"CAN","2010","Guillaume Asselin",191,"2010-Guillaume Asselin"
"C","L",73,191,"Winnipeg South","MJHL",1992-06-25,"CAN","2010","Brendan O'Donnell",195,"2010-Brendan O'Donnell"
"LW","R",67,170,NA,NA,1992-09-04,"USA","2010","Danny Linell",197,"2010-Danny Linell"
"C","R",74,190,NA,NA,1991-09-12,"USA","2010","Adam Krause",199,"2010-Adam Krause"
"D","L",69,170,"Mahtomedi","HIGH-MN",1992-08-30,"USA","2010","Benjamin Marshall",201,"2010-Benjamin Marshall"
"RW","R",68,171,NA,NA,1992-02-17,"USA","2010","Rudy Sulmonte",202,"2010-Rudy Sulmonte"
"D","L",75,213,"PEI","QMJHL",1991-07-12,"CZE","2010","Adam Polasek",203,"2010-Adam Polasek"
"D","L",75,205,NA,NA,1991-09-21,"USA","2010","John Caldwell",204,"2010-John Caldwell"
"RW","R",77,225,NA,NA,1992-06-12,"USA","2010","Nick Czinder",207,"2010-Nick Czinder"
"LW","L",76,212,NA,NA,1991-12-21,"CAN","2010","Mitch Porowski",208,"2010-Mitch Porowski"
"C","L",72,171,"Red Deer","WHL",1993-04-12,"CAN","2011","Ryan Nugent-Hopkins",2,"2011-Ryan Nugent-Hopkins"
"LW","L",73,216,"Kitchener","OHL",1992-11-23,"SWE","2011","Gabriel Landeskog",1.5,"2011-Gabriel Landeskog"
"C","L",73,171,"Saint John","QMJHL",1993-06-04,"CAN","2011","Jonathan Huberdeau",3.5,"2011-Jonathan Huberdeau"
"D","R",77,205,"Niagara","OHL",1993-06-17,"CAN","2011","Dougie Hamilton",5.5,"2011-Dougie Hamilton"
"D","L",73,186,"Saint John","QMJHL",1992-12-05,"CAN","2011","Nathan Beaulieu",7,"2011-Nathan Beaulieu"
"C","L",75,197,"Drummondville","QMJHL",1992-12-07,"USA","2011","Sean Couturier",4,"2011-Sean Couturier"
"LW","L",70,183,"Portland","WHL",1992-10-05,"CHE","2011","Sven Baertschi",6.5,"2011-Sven Baertschi"
"C","R",72,192,"Niagara","OHL",1993-07-11,"CAN","2011","Ryan Strome",13.5,"2011-Ryan Strome"
"D","R",71,183,"Kitchener","OHL",1993-03-31,"CAN","2011","Ryan Murphy",9.5,"2011-Ryan Murphy"
"D","L",75,207,"Saskatoon","WHL",1993-09-07,"CAN","2011","Duncan Siemens",12,"2011-Duncan Siemens"
"C","L",72,178,"London","OHL",1992-11-22,"RUS","2011","Vladislav Namestnikov",14,"2011-Vladislav Namestnikov"
"D","L",73,207,"Portland","WHL",1992-12-09,"CAN","2011","Joseph Morrow",14,"2011-Joseph Morrow"
"D","L",78,241,"Northeastern U.","H-EAST",1992-12-21,"CAN","2011","Jamieson Oleksiak",20,"2011-Jamieson Oleksiak"
"C","R",74,214,"Prince Albert","WHL",1993-02-22,"CAN","2011","Mark McNeill",18,"2011-Mark McNeill"
"C","R",72,175,"Saint John","QMJHL",1992-10-28,"CAN","2011","Zack Phillips",13.5,"2011-Zack Phillips"
"C","R",74,184,"Barrie","OHL",1993-03-15,"CAN","2011","Mark Scheifele",18.5,"2011-Mark Scheifele"
"RW","R",72,194,"Portland","WHL",1993-02-05,"CAN","2011","Ty Rattie",14,"2011-Ty Rattie"
"C","L",74,204,"Oshawa","OHL",1993-06-15,"CAN","2011","Boone Jenner",18,"2011-Boone Jenner"
"LW","L",73,203,"Saginaw","OHL",1992-10-27,"USA","2011","Brandon Saad",13.5,"2011-Brandon Saad"
"RW","L",74,191,"Saint John","QMJHL",1992-12-28,"SVK","2011","Tomas Jurco",22,"2011-Tomas Jurco"
"RW","L",75,218,"Oshawa","OHL",1993-03-06,"DNK","2011","Nicklas Jensen",20.5,"2011-Nicklas Jensen"
"RW","R",74,221,"USA U-18","USHL",1993-04-30,"USA","2011","Tyler Biggs",13.5,"2011-Tyler Biggs"
"C","L",72,189,"USA U-18","USHL",1993-03-14,"USA","2011","Jonathan Miller",18,"2011-Jonathan Miller"
"D","R",76,203,"Youngstown","USHL",1992-10-14,"USA","2011","Scott Mayfield",19.5,"2011-Scott Mayfield"
"D","R",76,203,"USA U-18","USHL",1993-03-26,"USA","2011","Connor Murphy",25,"2011-Connor Murphy"
"C","L",71,192,"Ottawa","OHL",1992-11-16,"USA","2011","Shane Prince",30.5,"2011-Shane Prince"
"LW","L",73,198,"Victoriaville","QMJHL",1993-02-24,"CAN","2011","Phillip Danault",25,"2011-Phillip Danault"
"LW","L",73,205,"Peterborough","OHL",1993-01-24,"CAN","2011","Matt Puempel",28.5,"2011-Matt Puempel"
"C","L",71,196,"Windsor","OHL",1993-09-09,"RUS","2011","Alexander Khokhlachev",37,"2011-Alexander Khokhlachev"
"RW","R",73,199,"Plymouth","OHL",1993-05-05,"SWE","2011","Rickard Rakell",32,"2011-Rickard Rakell"
"RW","R",74,209,"Omaha","USHL",1993-04-03,"USA","2011","Seth Ambroz",29.5,"2011-Seth Ambroz"
"C","R",66,160,"USA U-18","USHL",1993-02-08,"USA","2011","Rocco Grimaldi",28.5,"2011-Rocco Grimaldi"
"D","L",76,208,"Moose Jaw","WHL",1993-06-28,"CAN","2011","Joel Edmundson",51,"2011-Joel Edmundson"
"LW","L",74,186,"Wayzata","HIGH-MN",1993-08-25,"USA","2011","Mario Lucia",32,"2011-Mario Lucia"
"RW","R",72,187,"Plymouth","OHL",1993-02-12,"USA","2011","Stefan Noesen",41,"2011-Stefan Noesen"
"RW","R",76,212,"Sarnia","OHL",1993-07-01,"CAN","2011","Brett Ritchie",46.5,"2011-Brett Ritchie"
"C","L",69,191,"Sault Ste. Marie","OHL",1993-03-09,"CAN","2011","Daniel Catenacci",40,"2011-Daniel Catenacci"
"D","L",75,211,"Vancouver","WHL",1993-04-09,"CAN","2011","David Musil",32,"2011-David Musil"
"LW","R",73,212,"Kelowna","WHL",1993-08-19,"CAN","2011","Myles Bell",38,"2011-Myles Bell"
"D","L",74,209,"Portland","WHL",1993-03-12,"CAN","2011","Tyler Wotherspoon",36.5,"2011-Tyler Wotherspoon"
"C","R",71,185,"Saginaw","OHL",1993-07-11,"USA","2011","Vincent Trocheck",41.5,"2011-Vincent Trocheck"
"RW","R",76,196,"Cape Breton","QMJHL",1992-10-05,"CAN","2011","Logan Shaw",47,"2011-Logan Shaw"
"LW","L",71,177,"Boston University","H-EAST",1992-11-05,"USA","2011","Matthew Nieto",49,"2011-Matthew Nieto"
"LW","L",75,203,NA,NA,1993-03-16,"CAN","2011","Scott Oke",51,"2011-Scott Oke"
"D","R",71,187,"Boston University","H-EAST",1992-10-26,"USA","2011","Adam Clendening",53,"2011-Adam Clendening"
"LW","L",73,205,"Oshawa","OHL",1993-01-23,"CAN","2011","Lucas Lessio",45,"2011-Lucas Lessio"
"C","L",72,173,"Saint John","QMJHL",1993-05-21,"CAN","2011","Ryan Tesink",48,"2011-Ryan Tesink"
"D","R",74,192,"Green Bay","USHL",1993-04-27,"USA","2011","Andy Welinski",75.5,"2011-Andy Welinski"
"LW","L",75,199,"Seattle","WHL",1992-03-14,"DEU","2011","Marcel Noebels",48.5,"2011-Marcel Noebels"
"C","L",74,192,"Indiana","USHL",1993-01-20,"USA","2011","Sean Kuraly",53,"2011-Sean Kuraly"
"C","L",76,209,"Holy Angels","HIGH-MN",1993-04-16,"USA","2011","Joseph Labate",55.5,"2011-Joseph Labate"
"D","L",71,159,"Shattuck-St. Mary's","HIGH-MN",1993-07-13,"USA","2011","Mike Reilly",58.5,"2011-Mike Reilly"
"D","L",73,194,"Mississauga St. Michael's","OHL",1993-05-18,"CAN","2011","Stuart Percy",52,"2011-Stuart Percy"
"D","R",76,205,"Sault Ste. Marie","OHL",1993-01-13,"CAN","2011","Ryan Sproul",89,"2011-Ryan Sproul"
"D","R",71,186,"USA U-18","USHL",1993-02-15,"USA","2011","Robbie Russo",63.5,"2011-Robbie Russo"
"C","R",73,198,"U. of Denver","WCHA",1992-09-26,"USA","2011","Nicholas Shore",47,"2011-Nicholas Shore"
"D","R",72,185,"Swift Current","WHL",1993-03-31,"CAN","2011","Reece Scarlett",53.5,"2011-Reece Scarlett"
"LW","L",77,203,"Swift Current","WHL",1993-03-29,"USA","2011","Adam Lowry",60,"2011-Adam Lowry"
"C","R",71,178,"Edmonton","WHL",1993-04-10,"CAN","2011","Michael St. Croix",47.5,"2011-Michael St. Croix"
"D","L",72,194,"Montreal","QMJHL",1993-07-29,"FRA","2011","Xavier Ouellet",49.5,"2011-Xavier Ouellet"
"C","R",74,209,"Seattle","WHL",1993-01-20,"USA","2011","Colin Jacobs",50.5,"2011-Colin Jacobs"
"RW","R",72,200,NA,NA,1992-09-27,"CAN","2011","Maximilien Le Sieur",57.5,"2011-Maximilien Le Sieur"
"C","L",73,192,"Mississauga St. Michael's","OHL",1992-10-26,"CAN","2011","Joseph Cramarossa",65.5,"2011-Joseph Cramarossa"
"RW","R",74,207,"Belleville","OHL",1993-01-14,"CAN","2011","Austen Brassard",76,"2011-Austen Brassard"
"LW","L",72,190,"Val d'Or","QMJHL",1993-02-16,"CAN","2011","Olivier Archambault",53,"2011-Olivier Archambault"
"LW","L",73,198,"Edmonton","WHL",1993-03-29,"CAN","2011","Travis Ewanyk",68,"2011-Travis Ewanyk"
"D","L",74,195,"Shawinigan","QMJHL",1993-05-28,"CAN","2011","Jonathan Racine",79,"2011-Jonathan Racine"
"RW","R",70,184,"SPARTAK","RUSSIA",1992-11-01,"CAN","2011","Luke Lockhart",70.5,"2011-Luke Lockhart"
"D","L",72,195,"Tri-City","WHL",1993-03-03,"CAN","2011","Zachary Yuen",78,"2011-Zachary Yuen"
"LW","L",74,194,"USA U-18","USHL",1993-02-25,"USA","2011","Zac Larraza",84,"2011-Zac Larraza"
"C","L",70,177,"Sault Ste. Marie","OHL",1993-07-20,"CAN","2011","Nick Cousins",73.5,"2011-Nick Cousins"
"C","L",73,205,"Belleville","OHL",1993-02-25,"CAN","2011","Alan Quine",68,"2011-Alan Quine"
"C","L",71,197,"Kitchener","OHL",1993-01-10,"DEU","2011","Tobias Rieder",73.5,"2011-Tobias Rieder"
"C/RW","R",73,209,"Choate-Rosemary","HIGH-CT",1993-04-15,"CAN","2011","Philippe Hudon",52.5,"2011-Philippe Hudon"
"D","R",72,196,"Avon Old Farms H.S.","HIGH-CT",1993-03-26,"USA","2011","Colin Sullivan",70.5,"2011-Colin Sullivan"
"D","L",74,198,"Rensselaer","ECAC",1992-11-15,"CAN","2011","Patrick Koudys",73.5,"2011-Patrick Koudys"
"C","R",70,190,NA,NA,1992-11-22,"USA","2011","Colten St. Clair",80,"2011-Colten St. Clair"
"LW","L",72,195,"Saginaw","OHL",1993-09-04,"CAN","2011","Anthony Camara",82,"2011-Anthony Camara"
"C","R",70,169,"Plymouth","OHL",1993-01-12,"CAN","2011","Garrett Meurs",79,"2011-Garrett Meurs"
"LW","L",76,205,NA,NA,1993-01-29,"USA","2011","Adam Reid",69.5,"2011-Adam Reid"
"RW","R",73,190,"Notre Dame","CCHA",1993-08-11,"USA","2011","Austin Wuthrich",81,"2011-Austin Wuthrich"
"LW","L",72,193,NA,NA,1993-01-26,"CAN","2011","Michael Curtis",91,"2011-Michael Curtis"
"LW","L",74,198,"U. of Wisconsin","WCHA",1992-10-02,"USA","2011","Michael Mersch",73,"2011-Michael Mersch"
"RW","R",72,186,"Owen Sound","OHL",1993-03-24,"CAN","2011","Andrew Fritsch",90,"2011-Andrew Fritsch"
"D","L",77,232,"Guelph","OHL",1993-07-03,"LTU","2011","Andrei Pedan",80,"2011-Andrei Pedan"
"D","R",75,198,"USA U-18","USHL",1993-04-06,"USA","2011","Michael Paliotta",59,"2011-Michael Paliotta"
"D","L",74,188,NA,NA,1992-09-22,"CAN","2011","Keevin Cutting",104.5,"2011-Keevin Cutting"
"D","L",74,191,"Edmonton","WHL",1993-03-29,"USA","2011","Keegan Lowe",119.5,"2011-Keegan Lowe"
"D","R",74,225,"Sudbury","OHL",1993-04-14,"CAN","2011","Justin Sefton",89,"2011-Justin Sefton"
"C","R",74,194,"Edina H.S.","HIGH-MN",1993-04-19,"USA","2011","Steven Fogarty",111,"2011-Steven Fogarty"
"D","L",76,222,NA,NA,1993-06-27,"CAN","2011","Sam Grist",105,"2011-Sam Grist"
"D","R",72,180,NA,NA,1992-10-09,"CAN","2011","Gabriel Bourret",100,"2011-Gabriel Bourret"
"D","L",72,184,"Edina H.S.","HIGH-MN",1993-02-22,"USA","2011","Max Everson",87,"2011-Max Everson"
"C","L",73,208,NA,NA,1993-02-15,"CAN","2011","Aidan Kelly",87,"2011-Aidan Kelly"
"LW","L",74,191,"Victoria","BCHL",1991-11-15,"USA","2011","Joel Lowry",95,"2011-Joel Lowry"
"C","R",70,185,"Kamloops","WHL",1993-06-20,"CAN","2011","Colin Smith",113,"2011-Colin Smith"
"D","R",73,191,NA,NA,1992-10-20,"USA","2011","Matthew Killian",87,"2011-Matthew Killian"
"D","L",73,203,"London","OHL",1993-03-10,"CAN","2011","Scott Harrington",82.5,"2011-Scott Harrington"
"C","L",69,171,"CRIMMITSCHAU","GERMANY-2",1992-09-23,"CAN","2011","Dylan Wruck",99,"2011-Dylan Wruck"
"C","L",72,163,NA,NA,1993-03-22,"CAN","2011","Destry Straight",91,"2011-Destry Straight"
"LW","L",74,184,"Medicine Hat","WHL",1992-12-04,"CAN","2011","Kale Kessy",105,"2011-Kale Kessy"
"D","R",74,200,"Prince Albert","WHL",1993-03-17,"CAN","2011","Harrison Ruopp",102,"2011-Harrison Ruopp"
"C","L",70,191,NA,NA,1993-04-13,"CAN","2011","Brent Benson",101,"2011-Brent Benson"
"D","R",74,184,"Stouffville","OJHL",1993-06-02,"CAN","2011","Brennan Serville",124.5,"2011-Brennan Serville"
"LW","L",71,189,"USA U-18","USHL",1993-02-20,"USA","2011","Blake Pietila",108.5,"2011-Blake Pietila"
"C","L",76,195,NA,NA,1993-03-03,"CAN","2011","Jean-Francois Leblanc",99.5,"2011-Jean-Francois Leblanc"
"D","L",74,185,"Milton Academy","HIGH-MA",1993-07-06,"USA","2011","Rob O'Gara",101,"2011-Rob O'Gara"
"D","R",74,199,"Cedar Rapids","USHL",1993-04-08,"USA","2011","Josiah Didier",153,"2011-Josiah Didier"
"LW","L",73,197,NA,NA,1993-01-30,"USA","2011","Stephen Miller",97,"2011-Stephen Miller"
"C","L",71,180,NA,NA,1992-04-21,"CAN","2011","Sahir Gill",124.5,"2011-Sahir Gill"
"D","L",76,198,"Burnsville","HIGH-MN",1992-10-31,"USA","2011","Edward Wittchow",111,"2011-Edward Wittchow"
"D","L",76,219,NA,NA,1992-09-21,"USA","2011","Craig Wyszomirski",126.5,"2011-Craig Wyszomirski"
"LW","L",71,194,"USA U-18","USHL",1993-09-08,"USA","2011","Reid Boucher",159.5,"2011-Reid Boucher"
"LW","L",71,170,NA,NA,1991-11-24,"USA","2011","Mike Pereira",124.5,"2011-Mike Pereira"
"C","R",69,170,"LAUSANNE","SWISS",1992-12-12,"USA","2011","Austin Czarnik",102,"2011-Austin Czarnik"
"LW","L",74,214,NA,NA,1993-02-26,"CAN","2011","Barclay Goodrow",144.5,"2011-Barclay Goodrow"
"D","L",74,215,"Shawinigan","QMJHL",1993-09-07,"USA","2011","Dillon Donnelly",127,"2011-Dillon Donnelly"
"D","R",73,200,NA,NA,1993-04-29,"USA","2011","Craig Duininck",117,"2011-Craig Duininck"
"D","L",71,190,"Fargo","USHL",1993-08-16,"USA","2011","Garrett Haar",128.5,"2011-Garrett Haar"
"C","L",76,203,"Ottawa","OHL",1993-04-27,"CAN","2011","Tyler Graovac",120,"2011-Tyler Graovac"
"D","R",72,194,"Mississauga St. Michael's","OHL",1993-05-01,"CAN","2011","Dylan Demelo",160,"2011-Dylan Demelo"
"C","R",70,181,"ORLANDO","ECHL",1992-09-18,"CAN","2011","Anthony Bardaro",153,"2011-Anthony Bardaro"
"LW","L",69,180,NA,NA,1993-03-09,"CAN","2011","Zachery Franko",114,"2011-Zachery Franko"
"C","L",72,190,NA,NA,1993-03-05,"CAN","2011","Jason Cameron",119,"2011-Jason Cameron"
"C","R",68,165,"Kelowna","WHL",1993-01-01,"USA","2011","Shane McColgan",113.5,"2011-Shane McColgan"
"D","R",76,205,NA,NA,1993-01-22,"CAN","2011","Michael King",129.5,"2011-Michael King"
"LW","L",76,190,NA,NA,1992-12-06,"USA","2011","Kevin Morris",127,"2011-Kevin Morris"
"LW","L",71,209,NA,NA,1993-07-13,"CAN","2011","Todd Fiddler",149.5,"2011-Todd Fiddler"
"LW","L",74,207,"Halifax","QMJHL",1993-01-19,"CAN","2011","Brent Andrews",148.5,"2011-Brent Andrews"
"LW","L",74,200,"Shawinigan","QMJHL",1993-02-22,"CAN","2011","Yannick Veilleux",112,"2011-Yannick Veilleux"
"D","R",75,206,NA,NA,1993-03-17,"CAN","2011","Tyler Hansen",114,"2011-Tyler Hansen"
"RW","R",76,210,NA,NA,1993-06-22,"USA","2011","Zach Saar",121.5,"2011-Zach Saar"
"LW","L",77,226,NA,NA,1993-07-15,"CAN","2011","Mitch Elliot",120,"2011-Mitch Elliot"
"D","L",74,199,"Green Bay","USHL",1992-04-27,"USA","2011","Aaron Harstad",141.5,"2011-Aaron Harstad"
"RW","R",74,204,NA,NA,1993-08-15,"CAN","2011","Luke Hietkamp",135,"2011-Luke Hietkamp"
"RW","R",76,216,"Saskatoon","WHL",1993-07-11,"CZE","2011","Matej Stransky",142,"2011-Matej Stransky"
"D","R",74,181,NA,NA,1993-02-18,"CAN","2011","Guillaume Cloutier",91.5,"2011-Guillaume Cloutier"
"D","R",72,208,"Saskatoon","WHL",1993-07-17,"CAN","2011","Darren Dietz",138,"2011-Darren Dietz"
"LW","L",74,235,"Sault Ste. Marie","OHL",1993-01-04,"CAN","2011","David Broll",108.5,"2011-David Broll"
"D","R",74,204,"Oshawa","OHL",1993-06-10,"USA","2011","Colin Suellentrop",128.5,"2011-Colin Suellentrop"
"C","R",74,187,"Victoria","WHL",1993-09-09,"USA","2011","Logan Nelson",125.5,"2011-Logan Nelson"
"D","L",77,220,NA,NA,1993-04-19,"CAN","2011","Alex Roach",142,"2011-Alex Roach"
"LW","L",72,205,NA,NA,1993-05-14,"USA","2011","Dan Carlson",116.5,"2011-Dan Carlson"
"D","L",76,245,"Lincoln","USHL",1993-08-17,"CAN","2011","Michael McKee",128.5,"2011-Michael McKee"
"C","R",72,185,NA,NA,1992-12-23,"CAN","2011","Joseph Manno",145,"2011-Joseph Manno"
"LW","L",76,212,"Kitchener","OHL",1993-01-16,"CAN","2011","Ben Thomson",125,"2011-Ben Thomson"
"LW","L",74,190,NA,NA,1992-06-11,"CAN","2011","Brendan Woods",151.5,"2011-Brendan Woods"
"D","R",72,175,"Sault Ste. Marie","OHL",1992-10-29,"CAN","2011","Colin Miller",169.5,"2011-Colin Miller"
"D","R",77,205,"Victoriaville","QMJHL",1993-08-02,"USA","2011","Troy Vance",168,"2011-Troy Vance"
"LW","L",73,194,"South Shore","EJHL",1993-05-26,"USA","2011","Jimmy Vesey",117,"2011-Jimmy Vesey"
"D","L",76,196,NA,NA,1993-02-06,"CAN","2011","Peter Kosterman",158.5,"2011-Peter Kosterman"
"RW","R",74,201,"Indiana","USHL",1992-06-03,"USA","2011","Brian Ferlin",179.5,"2011-Brian Ferlin"
"D","L",72,204,NA,NA,1993-01-30,"CAN","2011","Dylan Busenius",173.5,"2011-Dylan Busenius"
"D","R",71,190,NA,NA,1992-10-29,"USA","2011","Frankie Simonelli",123,"2011-Frankie Simonelli"
"D","R",72,190,"Sudbury","OHL",1993-03-26,"CAN","2011","Frank Corrado",155,"2011-Frank Corrado"
"LW","L",76,214,NA,NA,1993-07-25,"CAN","2011","Samuel Henley",155.5,"2011-Samuel Henley"
"D","L",72,192,"North Dakota","WCHA",1993-02-10,"CAN","2011","Dillon Simpson",136,"2011-Dillon Simpson"
"C","R",70,185,"London","OHL",1993-01-04,"CAN","2011","Seth Griffith",157.5,"2011-Seth Griffith"
"D","R",76,200,NA,NA,1992-03-10,"USA","2011","Samuel Windle",140,"2011-Samuel Windle"
"RW","L",73,214,NA,NA,1993-06-04,"CAN","2011","Jessey Astles",176,"2011-Jessey Astles"
"LW","L",71,174,"Sioux City","USHL",1992-05-01,"USA","2011","Max McCormick",160,"2011-Max McCormick"
"C","L",72,202,"Spokane","WHL",1992-12-31,"CZE","2011","Dominik Uher",152.5,"2011-Dominik Uher"
"C","L",74,183,"Waupaca","HIGH-WI",1992-06-05,"USA","2011","Brad Navin",156.5,"2011-Brad Navin"
"RW","R",70,195,NA,NA,1992-10-19,"CAN","2011","Dylan Willick",164,"2011-Dylan Willick"
"D","L",76,210,NA,NA,1993-09-15,"USA","2011","Neal Goff",172,"2011-Neal Goff"
"D","L",72,211,NA,NA,1993-04-13,"CAN","2011","Jesse Forsberg",166,"2011-Jesse Forsberg"
"D","L",72,200,NA,NA,1992-11-03,"CAN","2011","Garrett Clarke",167,"2011-Garrett Clarke"
"C/RW","R",73,190,NA,NA,1993-04-21,"CAN","2011","Brian Bunnett",164.5,"2011-Brian Bunnett"
"RW","R",73,190,NA,NA,1992-11-04,"CAN","2011","Pearce Eviston",161,"2011-Pearce Eviston"
"D","L",76,196,NA,NA,1992-10-09,"CAN","2011","Johnathan Neibrandt",170,"2011-Johnathan Neibrandt"
"C","R",72,175,NA,NA,1993-01-16,"USA","2011","Nicholas Bligh",147,"2011-Nicholas Bligh"
"LW","L",68,179,NA,NA,1992-09-29,"USA","2011","Sam Warning",149.5,"2011-Sam Warning"
"C","R",68,164,"St. John's Prep","HIGH-MA",1993-03-28,"USA","2011","Colin Blackwell",173,"2011-Colin Blackwell"
"D","L",70,182,"Cornell U.","ECAC",1993-06-17,"USA","2011","Joakim Ryan",151,"2011-Joakim Ryan"
"LW","L",74,211,"FEHERVAR","AUSTRIA",1992-12-29,"USA","2011","Trevor Cheek",176,"2011-Trevor Cheek"
"C","L",68,163,"Eden Prarie","HIGH-MN",1992-10-24,"USA","2011","Kyle Rau",176.5,"2011-Kyle Rau"
"C","R",70,194,"Wayzata","HIGH-MN",1993-08-12,"USA","2011","Tony Cameranesi",169,"2011-Tony Cameranesi"
"D","R",74,228,NA,NA,1993-02-13,"CAN","2011","Zach Bell",148.5,"2011-Zach Bell"
"C","R",69,178,NA,NA,1993-02-17,"USA","2011","Tanner Sorenson",171,"2011-Tanner Sorenson"
"D","L",74,220,"TRINEC","CZECHIA",1992-07-06,"CZE","2011","Bohumil Jank",128,"2011-Bohumil Jank"
"RW","R",76,234,NA,NA,1992-11-16,"CAN","2011","Austin Connor",182,"2011-Austin Connor"
"D","R",78,225,"Baie Comeau","QMJHL",1993-01-31,"CAN","2011","Samuel Noreau",156,"2011-Samuel Noreau"
"C/LW","L",75,215,NA,NA,1992-10-14,"CAN","2011","Maxime Villemaire",184,"2011-Maxime Villemaire"
"C","L",76,214,NA,NA,1991-01-24,"SVK","2011","Andrej Stastny",185,"2011-Andrej Stastny"
"RW","R",70,193,NA,NA,1991-09-25,"USA","2011","Jonathan Parker",186,"2011-Jonathan Parker"
"D","R",73,180,NA,NA,1993-09-04,"USA","2011","Thomas Davis",191.5,"2011-Thomas Davis"
"D","L",72,198,NA,NA,1993-05-04,"CAN","2011","Jagger Dirk",188,"2011-Jagger Dirk"
"LW","L",71,175,NA,NA,1992-10-03,"USA","2011","Matthew Harlow",145,"2011-Matthew Harlow"
"D","L",73,193,NA,NA,1993-02-19,"CAN","2011","Mitch Topping",165,"2011-Mitch Topping"
"RW","R",73,170,NA,NA,1993-04-05,"USA","2011","Joe Prescott",191,"2011-Joe Prescott"
"LW","L",74,200,NA,NA,1993-05-18,"CAN","2011","Carter Sandlak",175,"2011-Carter Sandlak"
"LW","L",69,165,"Dubuque","USHL",1993-08-13,"USA","2011","John Gaudreau",201,"2011-John Gaudreau"
"D","R",72,192,"Zurich","SWISS",1992-09-17,"CHE","2011","Dario Trutmann",160,"2011-Dario Trutmann"
"D","L",74,202,NA,NA,1993-08-04,"CAN","2011","Ryan Renz",201.5,"2011-Ryan Renz"
"D","L",75,178,NA,NA,1993-02-04,"USA","2011","Larry Smith",199,"2011-Larry Smith"
"RW","R",74,194,NA,NA,1993-06-22,"CAN","2011","Joey Baker",165.5,"2011-Joey Baker"
"C","L",70,198,"Indiana","USHL",1991-11-28,"USA","2011","Blake Coleman",198,"2011-Blake Coleman"
"D","L",74,192,"Val d'Or","QMJHL",1992-11-23,"CAN","2011","Gabriel Beaupre",165,"2011-Gabriel Beaupre"
"LW","L",73,201,NA,NA,1993-02-19,"USA","2011","Peter McMullen",172,"2011-Peter McMullen"
"D","L",75,180,NA,NA,1992-09-23,"CAN","2011","Curtis Leonard",200.5,"2011-Curtis Leonard"
"D","R",74,206,NA,NA,1993-08-04,"CAN","2011","Steven Trojanovic",185.5,"2011-Steven Trojanovic"
"RW","R",74,170,NA,NA,1993-03-31,"USA","2011","Jack Barre",196,"2011-Jack Barre"
"LW","L",76,206,NA,NA,1992-11-24,"CAN","2011","Olivier D'Aoust",193,"2011-Olivier D'Aoust"
"D","L",77,226,"Swift Current","WHL",1993-07-01,"CZE","2011","Richard Nedomlel",205,"2011-Richard Nedomlel"
"LW","L",77,231,NA,NA,1993-02-20,"CAN","2011","Blake Millman",206,"2011-Blake Millman"
"D","L",73,185,NA,NA,1993-05-20,"USA","2011","Christopher Bradley",179.5,"2011-Christopher Bradley"
"RW","R",68,187,NA,NA,1992-10-16,"CAN","2011","Cody McNaughton",195.5,"2011-Cody McNaughton"
"RW","R",70,192,"BARYS ASTANA","RUSSIA",1993-02-25,"USA","2011","Michael Vecchione",209,"2011-Michael Vecchione"
"D","L",76,226,"SHEFFIELD","ENGLAND",1993-02-22,"CAN","2011","Kevin Tansey",210,"2011-Kevin Tansey"
"RW","R",76,210,"Hotchkiss School","HIGH-CT",1992-12-28,"CZE","2011","Petr Placek",54,"2011-Petr Placek"
"RW","L",75,207,NA,NA,1993-05-02,"RUS","2011","Alexander Kuvayev",106,"2011-Alexander Kuvayev"
"C/LW","L",75,208,NA,NA,1992-02-28,"USA","2011","Charles Orzetti",120,"2011-Charles Orzetti"
"C","L",72,198,NA,NA,1993-07-11,"USA","2011","Jeffrey Stenglein",125,"2011-Jeffrey Stenglein"
"RW","R",72,188,NA,NA,1993-04-30,"USA","2011","Ryan Rosenthal",136,"2011-Ryan Rosenthal"
"RW","L",74,209,"Vancouver","WHL",1993-01-31,"SVK","2011","Marek Tvrdon",142,"2011-Marek Tvrdon"
"D","L",72,196,NA,NA,1993-01-21,"CAN","2011","Stephen Woodworth",146,"2011-Stephen Woodworth"
"C","L",70,185,NA,NA,1992-11-13,"CAN","2011","Sam Mellor",147,"2011-Sam Mellor"
"RW","R",74,194,NA,NA,1993-06-15,"CAN","2011","Brady Brassart",154,"2011-Brady Brassart"
"D","R",71,190,"LEKSAND","SWEDEN",1993-08-13,"USA","2011","Matthew Caito",163,"2011-Matthew Caito"
"D","L",76,202,"Nebraska-Omaha","WCHA",1992-12-10,"USA","2011","Jaycob Megna",164,"2011-Jaycob Megna"
"LW","L",72,172,NA,NA,1992-11-02,"CAN","2011","Madison Dias",165,"2011-Madison Dias"
"D","R",76,201,"KREFELD","GERMANY-2",1992-04-24,"CAN","2011","Davis Vandane",167,"2011-Davis Vandane"
"C","R",70,171,"Gatineau","QMJHL",1992-11-11,"CAN","2011","Jean-Gabriel Pageau",170,"2011-Jean-Gabriel Pageau"
"RW","R",69,174,NA,NA,1993-01-10,"USA","2011","Cason Hohmann",172,"2011-Cason Hohmann"
"D","L",74,192,NA,NA,1993-01-08,"FIN","2011","Joona Kunnas",174,"2011-Joona Kunnas"
"D","R",69,190,NA,NA,1993-02-07,"USA","2011","Barrett Kaib",175,"2011-Barrett Kaib"
"D","L",72,200,NA,NA,1992-06-10,"CAN","2011","Denton King",177,"2011-Denton King"
"D","L",76,197,NA,NA,1993-01-06,"CAN","2011","Olivier Houle",178,"2011-Olivier Houle"
"D","R",72,175,NA,NA,1992-05-05,"USA","2011","Michael Reardon",180,"2011-Michael Reardon"
"D","L",76,229,"AMBRI","SWISS",1992-05-06,"SVK","2011","Michal Cajkovsky",181,"2011-Michal Cajkovsky"
"LW","L",73,198,NA,NA,1992-09-22,"USA","2011","Gunnar Hughes",185,"2011-Gunnar Hughes"
"LW","L",74,185,NA,NA,1993-04-22,"CAN","2011","Olivier Jodoin",186,"2011-Olivier Jodoin"
"D","R",73,208,NA,NA,1993-07-24,"USA","2011","Andrew Ryan",188,"2011-Andrew Ryan"
"D","L",74,194,NA,NA,1993-02-11,"USA","2011","Joe Fiala",190,"2011-Joe Fiala"
"D","R",70,185,NA,NA,1993-01-18,"USA","2011","Alexx Privitera",193,"2011-Alexx Privitera"
"D","L",74,200,NA,NA,1993-01-18,"CAN","2011","Alex Filiatrault",195,"2011-Alex Filiatrault"
"RW","R",75,231,"Peterborough","OHL",1993-08-04,"CAN","2011","Derek Mathers",197,"2011-Derek Mathers"
"RW","R",72,189,NA,NA,1992-12-26,"CAN","2011","Alex Lemieux",201,"2011-Alex Lemieux"
"D","R",78,230,NA,NA,1991-02-17,"USA","2011","Joe Carrabino",203,"2011-Joe Carrabino"
"C","R",70,184,"PUSTERTAL","AUSTRIA",1993-07-22,"USA","2011","Cole Bardreau",204,"2011-Cole Bardreau"
"D","L",74,209,"Camrose","AJHL",1993-08-12,"CAN","2011","Sam Jardine",205,"2011-Sam Jardine"
"LW","L",73,190,NA,NA,1992-03-12,"USA","2011","Michael Seward",210,"2011-Michael Seward"
"RW","L",71,194,"Sarnia","OHL",1993-10-06,"RUS","2012","Nail Yakupov",1,"2012-Nail Yakupov"
"D","L",72,198,"Everett","WHL",1993-09-27,"CAN","2012","Ryan Murray",2.5,"2012-Ryan Murray"
"C","L",76,209,"Quebec","QMJHL",1994-05-16,"RUS","2012","Mikhail Grigorenko",2.5,"2012-Mikhail Grigorenko"
"C","L",73,197,"Sarnia","OHL",1994-02-12,"USA","2012","Alex Galchenyuk",4,"2012-Alex Galchenyuk"
"D","L",72,205,"Moose Jaw","WHL",1994-03-09,"CAN","2012","Morgan Rielly",5,"2012-Morgan Rielly"
"D","R",74,205,"Ottawa","OHL",1993-12-21,"CAN","2012","Cody Ceci",11,"2012-Cody Ceci"
"C","L",75,212,"Kitchener","OHL",1994-01-09,"CZE","2012","Radek Faksa",5.5,"2012-Radek Faksa"
"D","L",74,204,"London","OHL",1994-08-22,"FIN","2012","Olli Maatta",7,"2012-Olli Maatta"
"D","R",74,187,"USA U-18","USHL",1994-02-26,"USA","2012","Jacob Trouba",9,"2012-Jacob Trouba"
"D","L",75,212,"Edmonton","WHL",1994-01-24,"CAN","2012","Griffin Reinhart",9,"2012-Griffin Reinhart"
"D","R",72,186,"Red Deer","WHL",1994-07-25,"CAN","2012","Mathew Dumba",9,"2012-Mathew Dumba"
"D","L",72,194,"Portland","WHL",1994-01-16,"CAN","2012","Derrick Pouliot",11,"2012-Derrick Pouliot"
"C","L",74,218,"Belleville","OHL",1994-03-25,"CAN","2012","Brendan Gaunce",12,"2012-Brendan Gaunce"
"C","R",73,192,"Kelowna","WHL",1993-11-05,"CAN","2012","Colton Sissons",14,"2012-Colton Sissons"
"RW","R",76,205,"Plymouth","OHL",1994-03-29,"CAN","2012","Thomas Wilson",24,"2012-Thomas Wilson"
"D","L",72,205,"Guelph","OHL",1994-02-24,"CAN","2012","Matthew Finn",15.5,"2012-Matthew Finn"
"C","L",74,215,"USA U-18","USHL",1994-02-23,"USA","2012","Stefan Matteau",15,"2012-Stefan Matteau"
"C","L",74,203,"Dubuque","USHL",1994-01-05,"LVA","2012","Zemgus Girgensons",15,"2012-Zemgus Girgensons"
"D","L",75,214,"USA U-18","USHL",1994-03-26,"USA","2012","Brady Skjei",18.5,"2012-Brady Skjei"
"RW","R",74,194,"Halifax","QMJHL",1993-10-05,"CZE","2012","Martin Frk",22.5,"2012-Martin Frk"
"C","L",72,191,"Prince Albert","WHL",1994-01-09,"CAN","2012","Mike Winther",23.5,"2012-Mike Winther"
"LW","L",72,197,"U. of Michigan","CCHA",1993-10-09,"CAN","2012","Phillip Di Giuseppe",25,"2012-Phillip Di Giuseppe"
"D","L",74,190,"Peterborough","OHL",1994-02-18,"CAN","2012","Slater Koekkoek",20,"2012-Slater Koekkoek"
"RW","R",72,195,"Guelph","OHL",1994-01-24,"CAN","2012","Scott Kosmachuk",23.5,"2012-Scott Kosmachuk"
"LW","L",72,193,"Barrie","OHL",1992-08-10,"CAN","2012","Tanner Pearson",23.5,"2012-Tanner Pearson"
"D","R",72,198,"Saskatoon","WHL",1993-12-20,"CAN","2012","Dalton Thrower",28,"2012-Dalton Thrower"
"C","L",75,200,"Kent School","HIGH-CT",1994-01-23,"USA","2012","Cristoval Nieves",29,"2012-Cristoval Nieves"
"C","L",73,189,"Oshawa","OHL",1994-05-30,"CAN","2012","Scott Laughton",34,"2012-Scott Laughton"
"LW","L",74,196,"USA U-18","USHL",1994-01-11,"USA","2012","Nicolas Kerdiles",28,"2012-Nicolas Kerdiles"
"D","L",74,178,"Dubuque","USHL",1994-02-27,"CAN","2012","Michael Matheson",29.5,"2012-Michael Matheson"
"D","L",73,210,"USA U-18","USHL",1994-05-15,"USA","2012","Patrick Sieloff",32.5,"2012-Patrick Sieloff"
"LW","L",76,220,"Belleville","OHL",1994-02-06,"RUS","2012","Daniil Zharkov",25.5,"2012-Daniil Zharkov"
"C/LW","L",71,190,"Regina","WHL",1994-04-22,"CAN","2012","Chandler Stephenson",34.5,"2012-Chandler Stephenson"
"D","R",74,180,"Green Bay","USHL",1993-10-08,"USA","2012","Jordan Schmaltz",34.5,"2012-Jordan Schmaltz"
"C/LW","L",73,178,"Owen Sound","OHL",1994-03-04,"CAN","2012","Jarrod Maidens",28,"2012-Jarrod Maidens"
"RW","R",74,209,"St. John's Prep","HIGH-MA",1994-04-08,"USA","2012","Samuel Kurker",38.5,"2012-Samuel Kurker"
"C","L",70,171,"Owen Sound","OHL",1994-04-16,"CAN","2012","Gemel Smith",28.5,"2012-Gemel Smith"
"C","L",72,198,"Windsor","OHL",1994-03-11,"USA","2012","Brady Vail",35,"2012-Brady Vail"
"C","L",72,209,"Red Deer","WHL",1993-10-04,"USA","2012","Lukas Sutter",62.5,"2012-Lukas Sutter"
"C/LW","L",72,177,"London","OHL",1994-08-06,"CAN","2012","Andreas Athanasiou",32,"2012-Andreas Athanasiou"
"C","L",72,191,"Guelph","OHL",1993-04-06,"CAN","2012","Tanner Richard",49.5,"2012-Tanner Richard"
"LW","L",73,205,"Kamloops","WHL",1994-03-24,"USA","2012","Tim Bozon",40.5,"2012-Tim Bozon"
"C","L",74,168,"Stanstead College","HIGH-QC",1994-09-13,"CAN","2012","Mark Jankowski",58.5,"2012-Mark Jankowski"
"D","L",74,185,"Mississauga St. Michael's","OHL",1994-07-04,"CAN","2012","Trevor Carrick",44.5,"2012-Trevor Carrick"
"RW","R",72,185,"Gatineau","QMJHL",1993-03-23,"CZE","2012","Tomas Hyka",55,"2012-Tomas Hyka"
"C","L",72,187,"DRESDEN","GERMANY",1993-10-13,"CAN","2012","Dane Fox",47,"2012-Dane Fox"
"D","L",72,203,"U. of Wisconsin","WCHA",1993-10-12,"USA","2012","Jake McCabe",47,"2012-Jake McCabe"
"D","R",74,199,"Kelowna","WHL",1994-08-07,"CAN","2012","Damon Severson",47,"2012-Damon Severson"
"LW","L",71,186,"Guelph","OHL",1994-02-02,"CAN","2012","Brock McGinn",92,"2012-Brock McGinn"
"C","R",72,164,"Indiana","USHL",1993-11-26,"USA","2012","Robert Baillargeon",46.5,"2012-Robert Baillargeon"
"C","L",72,179,"Muskegon","USHL",1993-09-17,"USA","2012","Matthew Deblouw",44,"2012-Matthew Deblouw"
"LW","L",72,191,"Windsor","OHL",1994-06-07,"USA","2012","Ben Johnson",50.5,"2012-Ben Johnson"
"C","L",71,175,"Shattuck-St. Mary's","HIGH-MN",1994-01-06,"USA","2012","Zachary Stepan",48.5,"2012-Zachary Stepan"
"RW","R",74,203,"Phillips-Exeter","HIGH-NH",1993-11-25,"USA","2012","Brian Hart",57,"2012-Brian Hart"
"D","L",73,187,"Vancouver","WHL",1994-01-06,"CAN","2012","Brett Kulak",61,"2012-Brett Kulak"
"LW","L",74,197,"Rimouski","QMJHL",1993-10-22,"CAN","2012","Francis Beauvillier",59,"2012-Francis Beauvillier"
"RW","R",74,199,"London","OHL",1994-05-07,"CAN","2012","Josh Anderson",109,"2012-Josh Anderson"
"C","L",73,205,"Whitby","OJHL",1994-07-19,"CAN","2012","Devin Shore",66.5,"2012-Devin Shore"
"C/RW","R",72,198,"Kitchener","OHL",1994-02-22,"CAN","2012","Matia Marcantuoni",50.5,"2012-Matia Marcantuoni"
"C","L",71,185,"Owen Sound","OHL",1994-01-03,"BLR","2012","Artur Gavrus",58,"2012-Artur Gavrus"
"LW","L",73,190,"Swift Current","WHL",1994-08-04,"CAN","2012","Coda Gordon",49.5,"2012-Coda Gordon"
"LW","R",72,190,"Acadie-Bathurst","QMJHL",1994-05-06,"CAN","2012","Christophe Lalancette",93,"2012-Christophe Lalancette"
"D","R",74,188,"Moncton","QMJHL",1993-12-11,"CAN","2012","James Melindy",78,"2012-James Melindy"
"D","L",75,186,"Calgary","WHL",1994-03-19,"CAN","2012","Kenton Helgesen",64,"2012-Kenton Helgesen"
"RW","R",75,215,"Seattle","WHL",1994-03-20,"CAN","2012","Branden Troock",77.5,"2012-Branden Troock"
"D","L",74,201,"Quebec","QMJHL",1993-12-15,"CAN","2012","Ryan Culkin",77.5,"2012-Ryan Culkin"
"D","L",74,203,"Everett","WHL",1994-04-11,"CAN","2012","Nicholas Walters",67.5,"2012-Nicholas Walters"
"D","L",70,196,"Fargo","USHL",1993-11-01,"USA","2012","Brian Cooper",59.5,"2012-Brian Cooper"
"RW","R",74,187,"Nobles","HIGH-MA",1994-05-05,"USA","2012","Chris Calnan",81.5,"2012-Chris Calnan"
"D","R",73,218,NA,NA,1994-03-28,"USA","2012","Max Iafrate",74,"2012-Max Iafrate"
"D","R",75,198,"Brampton","OHL",1994-01-22,"USA","2012","Dylan Blujus",61.5,"2012-Dylan Blujus"
"LW","L",74,211,"Edmonton","WHL",1994-05-03,"CAN","2012","Mitchell Moroz",121.5,"2012-Mitchell Moroz"
"LW","L",75,198,"Prince George","BCHL",1994-08-13,"CAN","2012","Jujhar Khaira",77,"2012-Jujhar Khaira"
"C/RW","R",75,210,"Edmonton","WHL",1994-02-07,"USA","2012","Henrik Samuelsson",54,"2012-Henrik Samuelsson"
"C","R",70,181,"St. Sebastian's School","HIGH-MA",1994-01-30,"DEU","2012","Daniel O'Regan",94,"2012-Daniel O'Regan"
"C","L",69,172,"Lincoln","USHL",1993-05-20,"CAN","2012","Kevin Roy",92,"2012-Kevin Roy"
"LW","L",72,193,NA,NA,1993-09-21,"USA","2012","Devin Tringale",88.5,"2012-Devin Tringale"
"C","R",73,189,"U. of Denver","WCHA",1994-05-25,"USA","2012","Quentin Shore",94.5,"2012-Quentin Shore"
"C","L",71,188,"USA U-18","USHL",1994-04-29,"USA","2012","Thomas Di Pauli",76.5,"2012-Thomas Di Pauli"
"LW","L",72,174,NA,NA,1994-06-22,"USA","2012","Adam Johnson",110.5,"2012-Adam Johnson"
"C","L",72,184,"Swift Current","WHL",1993-01-13,"CAN","2012","Graham Black",68,"2012-Graham Black"
"D","L",71,190,NA,NA,1994-01-05,"USA","2012","Dakota Mermis",80.5,"2012-Dakota Mermis"
"C","L",72,177,"Victoria","WHL",1994-05-05,"CAN","2012","Steven Hodges",70,"2012-Steven Hodges"
"RW","R",72,198,"USA U-18","USHL",1994-02-07,"USA","2012","Riley Barber",113.5,"2012-Riley Barber"
"C","L",72,191,NA,NA,1994-02-08,"USA","2012","AJ Michaelson",85,"2012-AJ Michaelson"
"C","L",70,215,NA,NA,1994-03-14,"USA","2012","Frank Vatrano",103,"2012-Frank Vatrano"
"D","L",74,191,"Moose Jaw","WHL",1994-03-15,"CAN","2012","Travis Brown",84,"2012-Travis Brown"
"D","R",75,205,"Merritt","BCHL",1994-03-20,"CAN","2012","Reece Willcox",102,"2012-Reece Willcox"
"LW","L",73,190,"Shattuck-St. Mary's","HIGH-MN",1994-05-31,"USA","2012","Huner Fejes",101,"2012-Huner Fejes"
"D","L",72,186,"MANITOBA","AHL",1994-05-27,"CAN","2012","Ashton Sautner",91.5,"2012-Ashton Sautner"
"C","L",76,215,"Saginaw","OHL",1994-02-07,"CAN","2012","Justin Kea",93,"2012-Justin Kea"
"LW","L",70,183,"Chicoutimi","QMJHL",1994-06-23,"CAN","2012","Charles Hudon",95.5,"2012-Charles Hudon"
"D","R",72,205,"Windsor","OHL",1994-05-11,"USA","2012","Nick Ebert",83,"2012-Nick Ebert"
"C","L",76,208,"SLAVIA","CZECHIA-2",1993-11-11,"CZE","2012","Matej Beran",78,"2012-Matej Beran"
"RW","R",75,197,NA,NA,1992-07-25,"CAN","2012","Paul Dejersey",150.5,"2012-Paul Dejersey"
"D","L",76,216,"Kimball Union Academy","HIGH-NH",1994-07-04,"USA","2012","Doyle Somerby",113,"2012-Doyle Somerby"
"RW","L",73,187,NA,NA,1993-09-16,"CAN","2012","Philip Tot",100,"2012-Philip Tot"
"RW","R",75,187,"Nobles","HIGH-MA",1994-01-29,"USA","2012","Adam Gilmour",123,"2012-Adam Gilmour"
"D","R",75,207,NA,NA,1994-01-14,"USA","2012","Joshua Hanson",125.5,"2012-Joshua Hanson"
"LW","L",73,175,NA,NA,1994-02-10,"USA","2012","Alexander Gonye",148.5,"2012-Alexander Gonye"
"C","L",74,210,"Brandon","WHL",1994-01-06,"CAN","2012","Tyrel Seaman",77,"2012-Tyrel Seaman"
"LW","L",73,190,NA,NA,1994-06-08,"USA","2012","Jacob Montgomery",147,"2012-Jacob Montgomery"
"D","R",74,186,"Shattuck-St. Mary's","HIGH-MN",1993-12-02,"USA","2012","John Draeger",88.5,"2012-John Draeger"
"RW","R",78,230,"Guelph","OHL",1994-05-14,"CAN","2012","Justin Auger",143,"2012-Justin Auger"
"LW","R",75,173,"Phillips-Exeter","HIGH-NH",1992-12-14,"USA","2012","Matthew Beattie",118.5,"2012-Matthew Beattie"
"RW","R",71,170,"Erie","OHL",1994-01-14,"CAN","2012","Connor Brown",97.5,"2012-Connor Brown"
"C","L",74,213,"CARDIFF","ENGLAND",1993-12-06,"CAN","2012","Kristoff Kontos",105,"2012-Kristoff Kontos"
"LW","L",68,172,NA,NA,1993-11-10,"USA","2012","Austin Farley",149.5,"2012-Austin Farley"
"RW","R",74,205,NA,NA,1994-02-14,"CAN","2012","Joel Wigle",147.5,"2012-Joel Wigle"
"LW","L",69,174,"Portland","WHL",1994-05-19,"CAN","2012","Brendan Leipsic",114,"2012-Brendan Leipsic"
"C","R",69,170,"Waterloo","USHL",1994-04-03,"USA","2012","Vincent Hinostroza",126,"2012-Vincent Hinostroza"
"C","L",73,185,"Shattuck-St. Mary's","HIGH-MN",1994-08-15,"LVA","2012","Theodor Blugers",92.5,"2012-Theodor Blugers"
"D","L",73,193,NA,NA,1993-12-14,"USA","2012","Cody Corbett",104.5,"2012-Cody Corbett"
"C","L",73,190,"London","OHL",1994-07-01,"CAN","2012","Chris Tierney",90.5,"2012-Chris Tierney"
"C","L",71,191,"Windsor","OHL",1994-04-29,"CAN","2012","Michael Clarke",92.5,"2012-Michael Clarke"
"D","L",74,215,"Erie","OHL",1994-08-16,"CAN","2012","Adam Pelech",87,"2012-Adam Pelech"
"LW","L",72,198,NA,NA,1994-02-23,"CAN","2012","Chris Marchese",109,"2012-Chris Marchese"
"D","R",79,190,NA,NA,1994-02-18,"USA","2012","Troy Donnay",118.5,"2012-Troy Donnay"
"C","L",70,178,"Prince George","WHL",1994-03-30,"CAN","2012","Troy Bourke",115,"2012-Troy Bourke"
"D","R",70,199,"USA U-18","USHL",1994-04-13,"USA","2012","Connor Carrick",140.5,"2012-Connor Carrick"
"D","R",72,185,"Niagara","OHL",1994-05-13,"CAN","2012","Jesse Graham",122,"2012-Jesse Graham"
"C","L",71,185,NA,NA,1994-06-29,"CAN","2012","Morgan Zulinick",115,"2012-Morgan Zulinick"
"LW","L",72,202,"Vancouver","WHL",1992-07-25,"CAN","2012","Jordan Martinook",128,"2012-Jordan Martinook"
"LW","L",73,195,"Baie Comeau","QMJHL",1993-11-05,"CAN","2012","Raphael Bussieres",93,"2012-Raphael Bussieres"
"LW","L",73,190,NA,NA,1994-01-12,"USA","2012","Will Merchant",142.5,"2012-Will Merchant"
"LW","L",70,180,"Portland","WHL",1994-02-15,"CAN","2012","Taylor Leier",124,"2012-Taylor Leier"
"C","L",74,184,"K-ESPOO","FINLAND",1994-04-17,"USA","2012","John Stevens",151,"2012-John Stevens"
"C","L",72,176,NA,NA,1993-12-21,"USA","2012","Alexander Iafallo",133,"2012-Alexander Iafallo"
"C","R",72,192,"Cape Breton","QMJHL",1994-03-02,"USA","2012","Cameron Darcy",118.5,"2012-Cameron Darcy"
"D","L",76,207,"Calgary","WHL",1993-09-21,"CAN","2012","Jaynen Rissling",150,"2012-Jaynen Rissling"
"D","L",74,188,"Rouyn-Noranda","QMJHL",1994-06-15,"CAN","2012","Dillon Fournier",137,"2012-Dillon Fournier"
"RW","R",72,198,"Shawinigan","QMJHL",1993-02-22,"RUS","2012","Anton Zlobin",132.5,"2012-Anton Zlobin"
"LW","L",75,180,"Brother Rice H.S.","HIGH-MI",1994-03-09,"USA","2012","Mackenzie MacEachern",138,"2012-Mackenzie MacEachern"
"D","R",75,222,"Owen Sound","OHL",1994-03-24,"CAN","2012","Jake Dotchin",113.5,"2012-Jake Dotchin"
"D","R",76,205,NA,NA,1994-02-14,"CAN","2012","Justin Hamonic",140,"2012-Justin Hamonic"
"RW","L",70,183,NA,NA,1994-03-06,"RUS","2012","Denis Kamayev",123,"2012-Denis Kamayev"
"RW","R",71,194,"Penticton","BCHL",1993-10-22,"CAN","2012","Wade Murphy",173,"2012-Wade Murphy"
"LW","L",69,168,"Malden Catholic H.S.","HIGH-MA",1993-10-08,"USA","2012","Brendan Collier",137,"2012-Brendan Collier"
"D","R",74,210,NA,NA,1994-04-13,"USA","2012","Justin Wade",155,"2012-Justin Wade"
"RW","R",77,210,NA,NA,1994-01-16,"USA","2012","Kevin Duane",134,"2012-Kevin Duane"
"RW","R",74,210,"Plymouth","OHL",1994-01-14,"USA","2012","Cody Payne",173,"2012-Cody Payne"
"D","L",72,182,"Grand Rapids","HIGH-MN",1994-07-25,"USA","2012","Jake Bischoff",139.5,"2012-Jake Bischoff"
"D","L",71,160,"Union College","ECAC",1993-04-20,"USA","2012","Shayne Gostisbehere",148,"2012-Shayne Gostisbehere"
"C","L",72,180,"Duluth East H.S.","HIGH-MN",1994-03-09,"USA","2012","Dominic Toninato",173.5,"2012-Dominic Toninato"
"C/LW","L",70,175,NA,NA,1994-03-15,"USA","2012","Matthew Lane",141.5,"2012-Matthew Lane"
"RW","R",72,186,NA,NA,1993-01-07,"CAN","2012","Zachery Mitchell",151,"2012-Zachery Mitchell"
"D","L",73,206,"Shawinigan","QMJHL",1994-01-10,"CAN","2012","Justin Hache",134,"2012-Justin Hache"
"RW","R",74,196,NA,NA,1993-09-23,"RUS","2012","Vladislav Shalimov",120,"2012-Vladislav Shalimov"
"D","R",74,227,NA,NA,1994-05-20,"CAN","2012","Marcus McIvor",133.5,"2012-Marcus McIvor"
"LW","L",71,175,NA,NA,1993-09-26,"CAN","2012","Patrick Watling",138,"2012-Patrick Watling"
"D","L",73,205,"MOUNTFIELD HK","CZECHIA",1993-05-29,"CZE","2012","Tomas Pavelka",141,"2012-Tomas Pavelka"
"C/LW","L",74,205,NA,NA,1994-06-02,"CAN","2012","Garrett Hooey",109,"2012-Garrett Hooey"
"C","L",71,185,NA,NA,1994-03-09,"CAN","2012","Mathew Campagna",139,"2012-Mathew Campagna"
"C","R",71,191,"Dubuque","USHL",1994-03-09,"CAN","2012","Peter Quenneville",154.5,"2012-Peter Quenneville"
"D","L",73,201,"Sault Ste. Marie","OHL",1994-02-25,"CAN","2012","Gianluca Curcuruto",154,"2012-Gianluca Curcuruto"
"D","R",74,215,NA,NA,1994-09-03,"CAN","2012","Alex Gudbranson",164,"2012-Alex Gudbranson"
"RW","R",72,190,"RAPPERSWIL","SWISS",1994-08-24,"SWE","2012","Malte Stromwall",162,"2012-Malte Stromwall"
"RW","L",73,188,NA,NA,1994-01-12,"CZE","2012","Dominik Volek",129,"2012-Dominik Volek"
"LW","L",68,174,"LUGANO","SWISS",1993-07-30,"CHE","2012","Alessio Bertaggia",143,"2012-Alessio Bertaggia"
"C","L",68,169,"Coquitlam","BCHL",1994-08-11,"CAN","2012","Alexander Kerfoot",123,"2012-Alexander Kerfoot"
"RW","L",72,198,NA,NA,1994-06-17,"USA","2012","Alex Rauter",169,"2012-Alex Rauter"
"D","R",74,220,"Okotoks","AJHL",1993-09-25,"CAN","2012","Rhett Holland",179.5,"2012-Rhett Holland"
"LW","L",71,190,NA,NA,1994-07-09,"USA","2012","Alex Kile",125,"2012-Alex Kile"
"C/LW","L",73,213,NA,NA,1994-07-29,"CAN","2012","Liam O'Brien",135.5,"2012-Liam O'Brien"
"D","L",74,208,"Sioux City","USHL",1993-12-21,"USA","2012","Clifford Watson",161.5,"2012-Clifford Watson"
"C","R",75,210,NA,NA,1994-05-27,"CAN","2012","Colton Heffley",181,"2012-Colton Heffley"
"D","R",75,190,NA,NA,1994-03-23,"USA","2012","Tyler Wood",187,"2012-Tyler Wood"
"C","R",69,176,"HV71","SWEDEN",1993-11-30,"USA","2012","Justin Kloos",173,"2012-Justin Kloos"
"LW","L",74,198,NA,NA,1994-02-22,"USA","2012","Chase Hatcher",149.5,"2012-Chase Hatcher"
"D","L",75,200,"Toronto Lakeshore","OJHL",1994-05-03,"CAN","2012","James De Haas",179.5,"2012-James De Haas"
"D","R",72,200,"Spruce Grove","AJHL",1994-05-25,"CAN","2012","Matthew Benning",176,"2012-Matthew Benning"
"D","L",69,175,"USA U-18","USHL",1994-01-05,"USA","2012","Matthew Grzelcyk",177,"2012-Matthew Grzelcyk"
"C","R",74,194,"Saskatoon","WHL",1994-03-25,"CAN","2012","Ryan Olsen",178,"2012-Ryan Olsen"
"RW","R",72,194,NA,NA,1994-01-10,"CAN","2012","Dalton Sward",183.5,"2012-Dalton Sward"
"D","R",74,182,NA,NA,1993-11-23,"CAN","2012","Christian Weidauer",167,"2012-Christian Weidauer"
"D","R",75,194,"LITVINOV","CZECHIA",1994-02-21,"CZE","2012","Michal Plutnar",133,"2012-Michal Plutnar"
"C","R",71,194,"Baie Comeau","QMJHL",1994-05-09,"CAN","2012","Felix Girard",183,"2012-Felix Girard"
"D","L",74,189,NA,NA,1993-06-11,"USA","2012","Travis Jeke",184,"2012-Travis Jeke"
"C","L",71,183,"LAUSANNE","SWISS",1994-06-20,"CAN","2012","Drake Caggiula",191,"2012-Drake Caggiula"
"D","L",72,195,"CHICAGO","AHL",1994-05-12,"USA","2012","Gavin Bayreuther",186,"2012-Gavin Bayreuther"
"RW","L",69,177,"Benilde-St. Margaret's","HIGH-MN",1994-07-14,"USA","2012","William (Grant) Besse",187,"2012-William (Grant) Besse"
"LW","L",70,162,"Edina H.S.","HIGH-MN",1994-06-18,"USA","2012","Louis Nanne",193.5,"2012-Louis Nanne"
"C","L",72,186,NA,NA,1994-05-29,"CAN","2012","Luke Cairns",189,"2012-Luke Cairns"
"C","L",70,176,"MORZINE-AVORIAZ","FRANCE-2",1994-04-23,"CZE","2012","Patrik Machac",168.5,"2012-Patrik Machac"
"RW","R",72,180,NA,NA,1993-11-15,"USA","2012","Grant Opperman",176.5,"2012-Grant Opperman"
"C","R",73,199,NA,NA,1994-06-22,"CAN","2012","Taylor Burke",161,"2012-Taylor Burke"
"D","L",72,185,NA,NA,1994-04-30,"CAN","2012","Luke Mercer",193,"2012-Luke Mercer"
"D","L",72,201,NA,NA,1994-02-18,"CAN","2012","Austyn Hardie",194,"2012-Austyn Hardie"
"D","R",76,216,NA,NA,1994-03-10,"CAN","2012","Liam Maaskant",164.5,"2012-Liam Maaskant"
"RW","L",70,187,"Rouyn-Noranda","QMJHL",1993-03-21,"CHE","2012","Sven Andrighetto",191,"2012-Sven Andrighetto"
"C","R",72,195,NA,NA,1993-10-25,"CAN","2012","Daulton Siwak",197,"2012-Daulton Siwak"
"D","R",71,207,"Halifax","QMJHL",1994-01-07,"CAN","2012","Mackenzie Weegar",179,"2012-Mackenzie Weegar"
"C","L",70,182,"Blainville-Boisbriand","QMJHL",1994-02-22,"CAN","2012","Christopher Clapperton",177.5,"2012-Christopher Clapperton"
"D","L",74,183,"Nepean","CCHL",1993-04-20,"CAN","2012","Ben Hutton",200,"2012-Ben Hutton"
"RW","R",71,189,NA,NA,1994-06-25,"USA","2012","Miles Koules",176,"2012-Miles Koules"
"D","R",74,202,NA,NA,1994-01-31,"CAN","2012","Dominic Poulin",204.5,"2012-Dominic Poulin"
"C","L",78,225,"WICHITA","ECHL",1993-06-03,"USA","2012","Jay Dickman",203,"2012-Jay Dickman"
"D","L",72,187,"Guelph","OHL",1994-01-31,"CAN","2012","Zachary Leslie",204,"2012-Zachary Leslie"
"D","L",72,195,NA,NA,1994-04-09,"CAN","2012","Brady Gaudet",205,"2012-Brady Gaudet"
"D","R",74,194,NA,NA,1993-10-11,"USA","2012","Sam Wolfe",206,"2012-Sam Wolfe"
"D","L",72,198,NA,NA,1993-09-16,"USA","2012","Eli May",183,"2012-Eli May"
"D","R",74,185,"Nobles","HIGH-MA",1993-03-21,"USA","2012","Timothy Boyle",208,"2012-Timothy Boyle"
"D","R",78,220,"Cape Breton","QMJHL",1994-06-14,"CAN","2012","Loic Leduc",188.5,"2012-Loic Leduc"
"LW","L",76,205,NA,NA,1994-04-25,"CAN","2012","Zachary Pryzbek",195,"2012-Zachary Pryzbek"
"C","L",72,178,NA,NA,1994-08-10,"USA","2012","Zach Aston-Reese",76,"2012-Zach Aston-Reese"
"LW","R",70,175,NA,NA,1993-10-16,"USA","2012","Austyn Young",100,"2012-Austyn Young"
"D","R",76,216,NA,NA,1994-07-02,"USA","2012","Gavin Stoick",101,"2012-Gavin Stoick"
"LW","R",74,183,NA,NA,1994-03-28,"CAN","2012","Jeff Hubic",110,"2012-Jeff Hubic"
"RW","L",72,190,NA,NA,1994-06-14,"USA","2012","Nikolas Olsson",136,"2012-Nikolas Olsson"
"LW","L",72,180,NA,NA,1994-04-01,"USA","2012","Brian Morgan",140,"2012-Brian Morgan"
"D","R",75,173,NA,NA,1994-03-18,"CAN","2012","Cole Wedman",142,"2012-Cole Wedman"
"D","L",70,180,NA,NA,1994-03-15,"USA","2012","Colten Martin",146,"2012-Colten Martin"
"D","R",74,216,"IDAHO","ECHL",1992-10-01,"USA","2012","Charlie Dodero",152,"2012-Charlie Dodero"
"D","L",73,175,NA,NA,1994-05-20,"CAN","2012","Shayne Gwinner",158,"2012-Shayne Gwinner"
"RW","R",74,221,NA,NA,1994-04-23,"CAN","2012","Ty Bilcke",169,"2012-Ty Bilcke"
"RW","L",73,207,"Liberec","CZECHIA",1992-05-04,"CZE","2012","Tomas Filippi",173,"2012-Tomas Filippi"
"C","L",72,180,NA,NA,1993-10-31,"USA","2012","Charlie Sampair",174,"2012-Charlie Sampair"
"C","L",72,193,NA,NA,1993-10-02,"USA","2012","Justin Selman",175,"2012-Justin Selman"
"D","R",76,211,"Oshawa","OHL",1994-01-21,"CAN","2012","Joshua Brown",176,"2012-Joshua Brown"
"RW","R",76,203,NA,NA,1994-05-12,"CAN","2012","Raphael Corriveau",177,"2012-Raphael Corriveau"
"RW","R",74,188,NA,NA,1993-11-22,"USA","2012","Trevor Olson",178,"2012-Trevor Olson"
"D","L",71,175,"Quinnipiac","ECAC",1994-02-21,"CAN","2012","Devon Toews",181,"2012-Devon Toews"
"D","R",73,220,NA,NA,1994-04-27,"CAN","2012","Brandon Devlin",183,"2012-Brandon Devlin"
"D","L",70,182,NA,NA,1994-04-04,"CAN","2012","Reid Gow",185,"2012-Reid Gow"
"D","L",76,232,NA,NA,1994-02-23,"CAN","2012","Alexandre Leclerc",190,"2012-Alexandre Leclerc"
"D","L",73,200,NA,NA,1994-09-04,"CAN","2012","Jeremie Fraser",193,"2012-Jeremie Fraser"
"C/RW","L",72,195,"Owen Sound","OHL",1994-07-18,"CAN","2012","Joseph Blandisi",195,"2012-Joseph Blandisi"
"LW","L",72,206,NA,NA,1994-03-08,"CAN","2012","Luca Ciampini",196,"2012-Luca Ciampini"
"C","R",72,188,NA,NA,1994-05-23,"USA","2012","Bron Loiselle",201,"2012-Bron Loiselle"
"LW","L",74,187,NA,NA,1994-05-19,"USA","2012","Jason Stephanik",205,"2012-Jason Stephanik"
"RW","R",75,190,NA,NA,1994-01-13,"USA","2012","Brendan Silk",206,"2012-Brendan Silk"
"RW","R",75,187,"UFA","RUSSIA",1994-02-14,"CAN","2012","Jack Rodewald",208,"2012-Jack Rodewald"
"D","L",70,197,NA,NA,1993-07-15,"USA","2012","Thomas Parisi",209,"2012-Thomas Parisi"
"D","R",75,210,NA,NA,1993-08-14,"CAN","2012","Ori Abramson",210,"2012-Ori Abramson"
"D","R",76,205,"Portland","WHL",1994-10-03,"USA","2013","Seth Jones",1,"2013-Seth Jones"
"C","R",72,182,"Halifax","QMJHL",1995-09-01,"CAN","2013","Nathan MacKinnon",2,"2013-Nathan MacKinnon"
"LW","L",70,186,"Halifax","QMJHL",1995-03-28,"CAN","2013","Jonathan Drouin",3,"2013-Jonathan Drouin"
"D","L",76,221,"Sault Ste. Marie","OHL",1995-02-04,"CAN","2013","Darnell Nurse",6.5,"2013-Darnell Nurse"
"C","L",74,186,"Ottawa","OHL",1994-10-12,"CAN","2013","Sean Monahan",4.5,"2013-Sean Monahan"
"C","L",70,181,"Medicine Hat","WHL",1994-10-13,"CAN","2013","Hunter Shinkaruk",5.5,"2013-Hunter Shinkaruk"
"LW","R",73,225,"Baie Comeau","QMJHL",1995-05-15,"RUS","2013","Valentin Zykov",7.5,"2013-Valentin Zykov"
"C","L",76,214,"Rimouski","QMJHL",1995-04-26,"CAN","2013","Frederik Gauthier",7.5,"2013-Frederik Gauthier"
"D","L",75,209,"Everett","WHL",1995-03-21,"CHE","2013","Mirco Mueller",10.5,"2013-Mirco Mueller"
"RW","L",77,225,"Val d'Or","QMJHL",1994-09-16,"CAN","2013","Anthony Mantha",10,"2013-Anthony Mantha"
"D","L",74,195,"Seattle","WHL",1995-08-03,"CAN","2013","Shea Theodore",14,"2013-Shea Theodore"
"D","R",73,218,"Brandon","WHL",1994-10-06,"CAN","2013","Ryan Pulock",9,"2013-Ryan Pulock"
"RW","R",73,190,"Owen Sound","OHL",1995-03-30,"CAN","2013","Zach Nastasiuk",23,"2013-Zach Nastasiuk"
"D","L",73,189,"Owen Sound","OHL",1995-02-22,"CAN","2013","Chris Bigras",16.5,"2013-Chris Bigras"
"C","L",72,206,"London","OHL",1995-04-05,"CAN","2013","Bo Horvat",15,"2013-Bo Horvat"
"RW","R",71,194,"Plymouth","OHL",1994-09-20,"USA","2013","Ryan Hartman",20.5,"2013-Ryan Hartman"
"LW","L",73,205,"Windsor","OHL",1994-10-07,"USA","2013","Kerby Rychel",17.5,"2013-Kerby Rychel"
"LW","L",74,198,"Cape Breton","QMJHL",1994-12-20,"CAN","2013","William Carrier",16,"2013-William Carrier"
"C/LW","L",69,197,"London","OHL",1995-03-02,"CAN","2013","Max Domi",21,"2013-Max Domi"
"C/RW","R",72,207,"Edmonton","WHL",1995-02-02,"CAN","2013","Curtis Lazar",23,"2013-Curtis Lazar"
"C","R",73,175,"Saginaw","OHL",1995-03-05,"USA","2013","James Lodge",24.5,"2013-James Lodge"
"D","L",77,221,"London","OHL",1995-04-16,"RUS","2013","Nikita Zadorov",26,"2013-Nikita Zadorov"
"D","L",79,228,"Rimouski","QMJHL",1995-07-12,"CAN","2013","Samuel Morin",49.5,"2013-Samuel Morin"
"D","L",75,206,"Waterloo","USHL",1995-08-05,"USA","2013","Ian McCoshen",22.5,"2013-Ian McCoshen"
"LW","L",71,177,"Regina","WHL",1995-03-02,"CAN","2013","Morgan Klimchuk",24.5,"2013-Morgan Klimchuk"
"LW","L",73,220,"Quebec","QMJHL",1995-04-20,"USA","2013","Adam Erne",19.5,"2013-Adam Erne"
"D","L",72,194,"Prince Albert","WHL",1995-03-28,"CAN","2013","Joshua Morrissey",19,"2013-Joshua Morrissey"
"C","L",72,180,"Chicoutimi","QMJHL",1995-03-27,"CAN","2013","Laurent Dauphin",34.5,"2013-Laurent Dauphin"
"C","R",74,210,"USA U-18","USHL",1995-02-14,"USA","2013","John Hayden",44,"2013-John Hayden"
"C","L",74,191,"Guelph","OHL",1995-07-04,"CAN","2013","Jason Dickinson",23,"2013-Jason Dickinson"
"D","L",76,216,"Swift Current","WHL",1995-05-09,"CAN","2013","Dillon Heatherington",37.5,"2013-Dillon Heatherington"
"D","R",73,195,"Kelowna","WHL",1995-04-22,"CAN","2013","Madison Bowey",27,"2013-Madison Bowey"
"C","L",68,170,"Portland","WHL",1995-03-22,"CAN","2013","Nicolas Petan",33.5,"2013-Nicolas Petan"
"LW","R",71,185,"USA U-18","USHL",1995-04-08,"USA","2013","JT Compher",27,"2013-JT Compher"
"RW","R",78,233,"USA U-18","USHL",1995-03-07,"USA","2013","Michael McCarron",33,"2013-Michael McCarron"
"RW","R",71,176,"Portland","WHL",1995-04-10,"DNK","2013","Oliver Bjorkstrand",32.5,"2013-Oliver Bjorkstrand"
"D","L",76,259,"Victoriaville","QMJHL",1994-11-16,"CAN","2013","Jonathan-Ismael Diaby",41,"2013-Jonathan-Ismael Diaby"
"RW","R",75,202,"Kitchener","OHL",1995-07-01,"USA","2013","Justin Bailey",37.5,"2013-Justin Bailey"
"LW","L",73,186,"Gatineau","QMJHL",1994-12-14,"CAN","2013","Emile Poirier",41,"2013-Emile Poirier"
"D","R",75,180,"New Hampshire","H-EAST",1994-11-15,"USA","2013","Brett Pesce",38,"2013-Brett Pesce"
"D","L",74,195,"Brandon","WHL",1994-10-24,"CAN","2013","Eric Roy",40,"2013-Eric Roy"
"LW","L",75,194,"Surrey","BCHL",1994-11-01,"CAN","2013","Adam Tambellini",52,"2013-Adam Tambellini"
"D","R",73,200,"Rimouski","QMJHL",1995-02-17,"CZE","2013","Jan Kostalek",41.5,"2013-Jan Kostalek"
"D","R",74,173,"Minnetonka","HIGH-MN",1995-01-26,"USA","2013","Thomas Vannelli",60.5,"2013-Thomas Vannelli"
"C","L",74,180,"Edina H.S.","HIGH-MN",1995-09-15,"USA","2013","Connor Hurley",38.5,"2013-Connor Hurley"
"D","R",74,201,"USA U-18","USHL",1995-03-07,"USA","2013","Steven Santini",47,"2013-Steven Santini"
"RW","R",74,185,"Quebec","QMJHL",1994-10-23,"DNK","2013","Nick Sorensen",37.5,"2013-Nick Sorensen"
"D","L",75,185,"Dubuque","USHL",1995-05-19,"USA","2013","Michael Downing",49,"2013-Michael Downing"
"C/LW","L",72,197,"PEI","QMJHL",1995-04-23,"CAN","2013","Yan Pavel Laplante",50,"2013-Yan Pavel Laplante"
"D","L",75,189,"Green Bay","USHL",1994-12-01,"SWE","2013","Gustav Olofsson",54,"2013-Gustav Olofsson"
"LW","L",71,182,"Baie Comeau","QMJHL",1995-02-21,"CAN","2013","Gabryel Paquin-Boudreau",53,"2013-Gabryel Paquin-Boudreau"
"D","L",72,195,"USA U-18","USHL",1995-09-14,"USA","2013","Keaton Thompson",52,"2013-Keaton Thompson"
"C","L",73,187,"Blainville-Boisbriand","QMJHL",1994-11-05,"CAN","2013","Marc-Olivier Roy",56,"2013-Marc-Olivier Roy"
"D","R",69,182,"Belleville","OHL",1995-03-03,"CAN","2013","Jordan Subban",68,"2013-Jordan Subban"
"C","R",70,170,"Valley","EJHL",1994-10-19,"USA","2013","Ryan Fitzgerald",51,"2013-Ryan Fitzgerald"
"LW","L",71,192,"Quebec","QMJHL",1995-08-26,"CAN","2013","Anthony Duclair",46,"2013-Anthony Duclair"
"C","L",75,215,"Saginaw","OHL",1995-06-24,"CAN","2013","Nick Moutrey",53,"2013-Nick Moutrey"
"D","L",75,210,"Vancouver","WHL",1995-04-19,"CAN","2013","Mason Geertsen",57,"2013-Mason Geertsen"
"LW","L",76,188,"Islanders","EJHL",1994-11-09,"USA","2013","Zachary Sanford",71.5,"2013-Zachary Sanford"
"RW","R",73,200,"Sudbury","OHL",1995-08-04,"CAN","2013","Nicholas Baptiste",83,"2013-Nicholas Baptiste"
"C","L",72,190,"USA U-18","USHL",1995-04-30,"USA","2013","Sean Malone",80,"2013-Sean Malone"
"C","L",74,203,"Kingston","OHL",1995-03-30,"CAN","2013","Ryan Kujawinski",66,"2013-Ryan Kujawinski"
"D","L",72,185,"Burnsville","HIGH-MN",1995-06-17,"USA","2013","Teemu Kivihalme",69.5,"2013-Teemu Kivihalme"
"RW","R",72,190,"Vancouver","WHL",1995-02-27,"CAN","2013","Jackson Houck",88.5,"2013-Jackson Houck"
"D","R",74,200,"Medicine Hat","WHL",1994-12-05,"CAN","2013","Tyler Lewington",66.5,"2013-Tyler Lewington"
"LW","L",74,203,"West Kelowna","BCHL",1994-09-27,"CAN","2013","David Pope",85.5,"2013-David Pope"
"D","L",75,195,NA,NA,1995-04-09,"CAN","2013","Alexandre Coulombe",79.5,"2013-Alexandre Coulombe"
"D","R",77,222,"Kelowna","WHL",1995-02-06,"CAN","2013","Mitchell Wheaton",66,"2013-Mitchell Wheaton"
"RW","R",74,207,"USA U-18","USHL",1995-07-28,"USA","2013","Hudson Fasching",56,"2013-Hudson Fasching"
"LW","L",73,216,"London","OHL",1995-04-16,"CAN","2013","Remi Elie",63.5,"2013-Remi Elie"
"C","L",71,189,NA,NA,1994-11-12,"CAN","2013","Kurt Etchegary",62,"2013-Kurt Etchegary"
"C","L",70,185,"Val d'Or","QMJHL",1995-09-14,"CAN","2013","Vincent Dunn",63,"2013-Vincent Dunn"
"D","L",73,183,"Shawinigan","QMJHL",1995-01-09,"CAN","2013","Dylan Labbe",84.5,"2013-Dylan Labbe"
"D","R",73,210,"South Kent School","HIGH-CT",1995-01-30,"USA","2013","Anthony Florentino",77,"2013-Anthony Florentino"
"D","R",76,208,NA,NA,1995-07-02,"CAN","2013","Spenser Jensen",70.5,"2013-Spenser Jensen"
"C","L",74,201,"Grand Rapids","HIGH-MN",1995-06-20,"USA","2013","Avery Peterson",81.5,"2013-Avery Peterson"
"D","L",76,187,NA,NA,1995-05-23,"CAN","2013","Ty Stanton",73,"2013-Ty Stanton"
"C","R",72,197,"Baie Comeau","QMJHL",1995-09-05,"CAN","2013","Jeremy Gregoire",86,"2013-Jeremy Gregoire"
"C","L",70,165,"Sioux City","USHL",1994-10-06,"USA","2013","Jake Guentzel",97,"2013-Jake Guentzel"
"D","L",71,205,"Sioux City","USHL",1995-02-17,"USA","2013","Blake Heinrich",76.5,"2013-Blake Heinrich"
"C","L",69,170,"YEKATERINBURG","RUSSIA",1993-02-08,"CAN","2013","Curtis Valk",102.5,"2013-Curtis Valk"
"RW","R",72,190,"Kamloops","WHL",1993-07-10,"CAN","2013","JC Lipon",89.5,"2013-JC Lipon"
"C","L",70,185,"USA U-18","USHL",1995-03-10,"USA","2013","Tyler Motte",96.5,"2013-Tyler Motte"
"C","L",70,198,"BREGENZERWALD","AUSTRIA-2",1994-07-29,"LVA","2013","Roberts Lipsbergs",73,"2013-Roberts Lipsbergs"
"D","L",77,190,NA,NA,1994-04-16,"CAN","2013","Luke Ripley",75,"2013-Luke Ripley"
"D","L",71,200,"USA U-18","USHL",1995-01-06,"USA","2013","Will Butcher",128.5,"2013-Will Butcher"
"D","R",71,190,"USA U-18","USHL",1995-04-28,"USA","2013","Connor Clifton",80.5,"2013-Connor Clifton"
"C","L",72,201,NA,NA,1994-12-26,"CAN","2013","Colby Cave",114.5,"2013-Colby Cave"
"D","R",75,202,NA,NA,1995-06-19,"CAN","2013","Kayle Doetzel",70,"2013-Kayle Doetzel"
"LW","L",70,181,"Gatineau","QMJHL",1995-01-24,"CZE","2013","Martin Reway",134,"2013-Martin Reway"
"LW","L",71,174,"Kamloops","WHL",1995-02-20,"CAN","2013","Cole Ully",94.5,"2013-Cole Ully"
"RW","R",72,180,NA,NA,1994-12-02,"CAN","2013","Brendan Harms",103,"2013-Brendan Harms"
"C","L",74,209,"VILLACH","AUSTRIA",1995-04-27,"USA","2013","Nick Hutchison",113.5,"2013-Nick Hutchison"
"C","R",71,198,"Lincoln","USHL",1994-09-19,"USA","2013","Luke Johnson",87,"2013-Luke Johnson"
"C/LW","L",71,194,NA,NA,1994-10-01,"USA","2013","Jason Salvaggio",93.5,"2013-Jason Salvaggio"
"LW","L",72,194,NA,NA,1994-11-30,"CAN","2013","Connor Rankin",118,"2013-Connor Rankin"
"D","L",70,161,"SAN DIEGO","AHL",1995-02-07,"CAN","2013","Nikolas Brouillard",123.5,"2013-Nikolas Brouillard"
"LW","L",74,217,"KYIV CAPITALS","LATVIA",1995-03-11,"USA","2013","Greg Betzold",129.5,"2013-Greg Betzold"
"D","L",78,217,"Guelph","OHL",1995-01-12,"CAN","2013","Ben Harpur",90.5,"2013-Ben Harpur"
"C","L",74,188,"Niagara","OHL",1995-08-14,"CAN","2013","Carter Verhaeghe",112,"2013-Carter Verhaeghe"
"D","L",77,219,NA,NA,1995-03-06,"CAN","2013","Jared Hauf",86.5,"2013-Jared Hauf"
"D","L",78,206,"Hotchkiss School","HIGH-CT",1995-05-24,"USA","2013","Wiley Sherman",114.5,"2013-Wiley Sherman"
"D","L",78,207,"Prince George","WHL",1995-04-05,"CAN","2013","Marc McNulty",94.5,"2013-Marc McNulty"
"RW","R",72,215,NA,NA,1994-11-18,"CAN","2013","Thomas Gobeil",90.5,"2013-Thomas Gobeil"
"RW","R",75,195,"Victory Honda Midget","MWEHL",1995-08-21,"CAN","2013","Aidan Muir",108,"2013-Aidan Muir"
"C/RW","R",72,184,"St. John's Prep","HIGH-MA",1995-05-11,"USA","2013","Brian Pinho",113,"2013-Brian Pinho"
"C","R",72,185,"London","OHL",1995-03-04,"CAN","2013","Kyle Platzer",113,"2013-Kyle Platzer"
"D","L",74,173,"Victoria","BCHL",1995-04-25,"CAN","2013","Nolan De Jong",130.5,"2013-Nolan De Jong"
"D","L",79,241,"Victoria","WHL",1995-02-26,"CAN","2013","Keegan Kanzig",153,"2013-Keegan Kanzig"
"D","L",74,183,NA,NA,1994-09-20,"CAN","2013","Jeff Corbett",89.5,"2013-Jeff Corbett"
"D","L",74,203,"FORT WAYNE","ECHL",1995-05-01,"CAN","2013","Matthew Murphy",112,"2013-Matthew Murphy"
"D","R",73,178,NA,NA,1995-02-12,"CAN","2013","Maxime Gravel",107,"2013-Maxime Gravel"
"D","L",76,208,"PEI","QMJHL",1995-05-21,"CAN","2013","Ryan Graves",117,"2013-Ryan Graves"
"C","R",73,205,"St. Michael's","OJHL",1995-05-05,"CAN","2013","Matt Buckles",125.5,"2013-Matt Buckles"
"LW","L",68,170,"MAGNITOGORSK","RUSSIA",1995-02-03,"RUS","2013","Sergey Tolchinsky",133.5,"2013-Sergey Tolchinsky"
"LW","L",73,190,"St. Michael's","OJHL",1994-05-09,"CAN","2013","Troy Josephs",142.5,"2013-Troy Josephs"
"C","R",72,194,"Oshawa","OHL",1995-05-04,"USA","2013","Cole Cassels",90,"2013-Cole Cassels"
"D","R",73,170,"Merritt","BCHL",1995-08-29,"CAN","2013","Dane Birks",141,"2013-Dane Birks"
"C","L",72,172,"Smiths Falls","CCHL",1995-02-21,"CAN","2013","Blaine Byron",105.5,"2013-Blaine Byron"
"LW","L",71,186,NA,NA,1995-02-11,"CAN","2013","Joshua Burnside",107.5,"2013-Joshua Burnside"
"LW","L",75,198,"Brampton","OHL",1995-03-20,"CAN","2013","Nicholas Paul",113,"2013-Nicholas Paul"
"LW","L",74,214,"Kitchener","OHL",1995-07-05,"CAN","2013","Brent Pedersen",126,"2013-Brent Pedersen"
"RW","R",75,190,NA,NA,1994-11-17,"CAN","2013","Trent Lofthouse",145.5,"2013-Trent Lofthouse"
"RW","R",70,198,"GKS KATOWICE","POLAND",1994-12-23,"CAN","2013","Stephen Anderson",127,"2013-Stephen Anderson"
"LW","L",74,214,"SHEFFIELD","ENGLAND",1995-03-25,"CAN","2013","Stephen Harper",83,"2013-Stephen Harper"
"D","L",76,191,"Spruce Grove","AJHL",1994-07-27,"CAN","2013","Carson Soucy",133,"2013-Carson Soucy"
"RW","R",74,208,"Penticton","BCHL",1994-05-12,"CAN","2013","Jedd Soleway",131,"2013-Jedd Soleway"
"C","L",72,202,"St. Cloud State","WCHA",1993-06-19,"USA","2013","Jonny Brodzinski",132,"2013-Jonny Brodzinski"
"D","R",71,196,"Regina","WHL",1995-07-12,"CAN","2013","Kyle Burroughs",169.5,"2013-Kyle Burroughs"
"C","R",74,209,NA,NA,1994-12-14,"CAN","2013","Jayden Hart",136.5,"2013-Jayden Hart"
"LW","L",73,190,NA,NA,1995-02-03,"ISR","2013","Daniel Nikandrov",135,"2013-Daniel Nikandrov"
"RW","R",72,181,"GUILDFORD","ENGLAND",1995-01-14,"CAN","2013","Jamal Watson",159.5,"2013-Jamal Watson"
"LW","L",73,160,"Nobles","HIGH-MA",1995-09-13,"USA","2013","Miles Wood",150.5,"2013-Miles Wood"
"LW","L",74,190,"Sudbury","OHL",1995-08-21,"CZE","2013","Dominik Kubalik",142.5,"2013-Dominik Kubalik"
"D","R",73,205,NA,NA,1995-01-20,"USA","2013","Parker Reno",129.5,"2013-Parker Reno"
"D","R",71,173,NA,NA,1995-07-29,"USA","2013","Neal Pionk",157.5,"2013-Neal Pionk"
"C","L",73,205,"U. of Michigan","CCHA",1994-07-08,"USA","2013","Andrew Copp",165.5,"2013-Andrew Copp"
"C","R",70,174,"LOWEN FRANKFURT","GERMANY",1993-04-08,"CAN","2013","Cameron Brace",122.5,"2013-Cameron Brace"
"C","L",71,188,"DUSSELDORF","GERMANY-2",1994-10-19,"CAN","2013","Erik Bradford",135.5,"2013-Erik Bradford"
"D","L",77,226,"Everett","WHL",1994-09-29,"CAN","2013","Ben Betker",147,"2013-Ben Betker"
"D","L",73,211,"USA U-18","USHL",1995-04-22,"USA","2013","Gage Ausmus",148,"2013-Gage Ausmus"
"D","L",73,199,NA,NA,1995-08-30,"CAN","2013","Ayrton Nikkel",152,"2013-Ayrton Nikkel"
"D","L",72,203,"London","OHL",1995-06-21,"USA","2013","Miles Liberati",119,"2013-Miles Liberati"
"LW","L",71,195,"Kelowna","WHL",1994-01-26,"CAN","2013","Tyrell Goulbourne",151,"2013-Tyrell Goulbourne"
"C","R",72,175,"EISBAREN BERLIN","GERMANY",1994-02-08,"CAN","2013","Jean-Sebastien Dea",166.5,"2013-Jean-Sebastien Dea"
"C","R",72,186,"Calgary","WHL",1995-01-01,"CAN","2013","Gregory Chase",123.5,"2013-Gregory Chase"
"LW","L",70,192,NA,NA,1993-06-01,"CAN","2013","Peter Trainor",154,"2013-Peter Trainor"
"C","L",73,189,"CRIMMITSCHAU","GERMANY-2",1995-07-23,"CAN","2013","Tim McGauley",153.5,"2013-Tim McGauley"
"C","R",68,185,"KASSEL","GERMANY-2",1995-02-04,"CAN","2013","Hunter Garlent",119,"2013-Hunter Garlent"
"C","R",71,200,NA,NA,1995-02-03,"USA","2013","Evan Allen",168.5,"2013-Evan Allen"
"C","L",70,172,NA,NA,1993-04-29,"CAN","2013","Zach Hall",143,"2013-Zach Hall"
"RW","R",70,172,NA,NA,1993-07-03,"CAN","2013","Rhyse Dieno",159,"2013-Rhyse Dieno"
"LW","L",75,195,NA,NA,1994-12-02,"USA","2013","Zach Glienke",137.5,"2013-Zach Glienke"
"C","L",72,191,NA,NA,1994-11-30,"CAN","2013","Brody Silk",134,"2013-Brody Silk"
"D","L",75,207,NA,NA,1995-04-25,"CAN","2013","Kevin Guiltinan",151.5,"2013-Kevin Guiltinan"
"RW","L",79,218,NA,NA,1995-01-30,"SWE","2013","Axel Blomqvist",174,"2013-Axel Blomqvist"
"D","L",72,192,NA,NA,1994-11-24,"CAN","2013","Adam Henry",165,"2013-Adam Henry"
"D","R",73,200,"Sault Ste. Marie","OHL",1995-03-22,"CAN","2013","Tyler Ganly",166,"2013-Tyler Ganly"
"LW","L",72,170,NA,NA,1995-03-08,"CAN","2013","Nicolas Beaudin",188,"2013-Nicolas Beaudin"
"D","L",75,193,NA,NA,1994-10-07,"CAN","2013","Mickael Beauregard",168,"2013-Mickael Beauregard"
"D","L",72,190,"Salisbury","HIGH-CT",1994-12-29,"USA","2013","Ryan Segalla",152.5,"2013-Ryan Segalla"
"C","L",72,190,"Tartan","HIGH-MN",1994-12-05,"USA","2013","Jacob Jackson",156.5,"2013-Jacob Jackson"
"LW","L",72,207,"Victoriaville","QMJHL",1995-05-07,"CAN","2013","Tommy Veilleux",158,"2013-Tommy Veilleux"
"D","R",74,210,NA,NA,1995-04-21,"CAN","2013","Jerret Smith",162.5,"2013-Jerret Smith"
"LW","R",73,159,"Prince George","WHL",1994-03-06,"USA","2013","Zachary Pochiro",173,"2013-Zachary Pochiro"
"D","R",77,197,NA,NA,1995-03-07,"CAN","2013","Austin Adam",185,"2013-Austin Adam"
"LW","L",68,191,NA,NA,1994-12-09,"CAN","2013","Ryan Lomberg",177,"2013-Ryan Lomberg"
"D","R",72,194,NA,NA,1995-03-14,"USA","2013","Willie Raskob",175.5,"2013-Willie Raskob"
"RW","R",72,186,NA,NA,1994-04-10,"CAN","2013","Levi Bews",179,"2013-Levi Bews"
"LW","L",72,190,"Kingston","OHL",1994-04-17,"FIN","2013","Henri Ikonen",180,"2013-Henri Ikonen"
"D","L",74,214,NA,NA,1995-01-12,"USA","2013","Clint Lewis",172.5,"2013-Clint Lewis"
"D","L",74,187,"Spruce Grove","AJHL",1993-09-05,"CAN","2013","Mike Williamson",183,"2013-Mike Williamson"
"D","L",72,190,NA,NA,1994-07-12,"CAN","2013","Josh Healey",184,"2013-Josh Healey"
"D","L",77,200,NA,NA,1995-02-08,"USA","2013","Connor Light",181.5,"2013-Connor Light"
"RW","L",76,215,NA,NA,1994-11-22,"USA","2013","Ross Olsson",153.5,"2013-Ross Olsson"
"LW","L",78,238,NA,NA,1995-04-13,"CAN","2013","Tyler Hill",136,"2013-Tyler Hill"
"LW","L",74,200,"GKS KATOWICE","POLAND",1994-10-06,"CAN","2013","Jean Dupuy",185.5,"2013-Jean Dupuy"
"D","L",76,211,NA,NA,1995-03-01,"CAN","2013","Jacob Sweeney",189,"2013-Jacob Sweeney"
"D","L",78,221,NA,NA,1995-01-11,"CAN","2013","Taylor Green",190,"2013-Taylor Green"
"C","L",68,165,"USA U-18","USHL",1995-02-10,"USA","2013","Anthony Louis",191,"2013-Anthony Louis"
"LW","L",69,175,NA,NA,1995-03-31,"USA","2013","Trevor Moore",150,"2013-Trevor Moore"
"C/LW","L",67,165,"Waterloo","USHL",1995-05-13,"USA","2013","Taylor Cammarata",193,"2013-Taylor Cammarata"
"C","R",73,189,NA,NA,1995-02-06,"CAN","2013","Bronson Beaton",148.5,"2013-Bronson Beaton"
"C","R",71,170,NA,NA,1995-05-20,"USA","2013","Daniel Lafontaine",183.5,"2013-Daniel Lafontaine"
"RW","L",71,174,"AMBRI","SWISS",1995-05-05,"CAN","2013","Michael Joly",163,"2013-Michael Joly"
"LW","L",71,198,NA,NA,1995-04-20,"CAN","2013","Anthony Difruscia",190.5,"2013-Anthony Difruscia"
"D","R",74,195,NA,NA,1994-09-21,NA,"2013","Quin Pompi",179,"2013-Quin Pompi"
"RW","R",70,190,NA,NA,1995-01-25,"CAN","2013","Stephen Nosad",193.5,"2013-Stephen Nosad"
"C","L",70,188,NA,NA,1994-12-04,"CAN","2013","Raphael Lafontaine",200,"2013-Raphael Lafontaine"
"RW","R",71,190,NA,NA,1995-04-30,"USA","2013","Thomas Aldworth",201,"2013-Thomas Aldworth"
"RW","R",71,190,NA,NA,1995-03-31,"USA","2013","Kiefer Sherwood",200,"2013-Kiefer Sherwood"
"D","L",72,203,NA,NA,1995-03-09,"CAN","2013","Paul Stoykewych",204,"2013-Paul Stoykewych"
"D","L",73,198,NA,NA,1994-09-17,"SVN","2013","Jurij Repe",188,"2013-Jurij Repe"
"LW","L",73,190,"Guelph","OHL",1995-02-24,"CAN","2013","Tyler Bertuzzi",207,"2013-Tyler Bertuzzi"
"C","L",69,192,NA,NA,1995-05-03,"USA","2013","Gabe Guertler",208,"2013-Gabe Guertler"
"C","R",70,182,"TORONTO","AHL",1995-02-06,"USA","2013","Vinni Lettieri",209,"2013-Vinni Lettieri"
"LW","L",72,215,NA,NA,1993-09-22,"USA","2013","Frank Dichiara",210,"2013-Frank Dichiara"
"C","L",71,183,NA,NA,1994-09-28,"USA","2013","Thomas Ebbing",100,"2013-Thomas Ebbing"
"RW","R",76,221,NA,NA,1995-07-18,"USA","2013","Nick Betz",106,"2013-Nick Betz"
"RW","R",70,190,NA,NA,1995-05-27,"CAN","2013","Johnathon Merkley",111,"2013-Johnathon Merkley"
"LW","L",74,205,NA,NA,1995-01-12,"USA","2013","Eddie Ellis",120,"2013-Eddie Ellis"
"RW","R",70,192,NA,NA,1994-12-07,"CAN","2013","Matthieu Bellerive",129,"2013-Matthieu Bellerive"
"RW","L",74,218,NA,NA,1994-10-06,"RUS","2013","Sergei Kuptsov",131,"2013-Sergei Kuptsov"
"D","L",80,226,NA,NA,1993-06-30,"CAN","2013","Cooper Rush",132,"2013-Cooper Rush"
"D","L",74,212,"Kootenay","WHL",1995-05-11,"RUS","2013","Rinat Valiyev",142,"2013-Rinat Valiyev"
"RW","R",72,198,NA,NA,1994-04-01,"CAN","2013","Connor Honey",144,"2013-Connor Honey"
"D","R",74,194,NA,NA,1995-04-18,"CAN","2013","Mark Raycroft",147,"2013-Mark Raycroft"
"LW","L",74,192,NA,NA,1995-02-01,"CAN","2013","Dexter Dancs",154,"2013-Dexter Dancs"
"D","L",73,198,NA,NA,1995-05-24,"CAN","2013","Michael Webster",157,"2013-Michael Webster"
"LW","L",71,165,"Ingolstadt","GERMANY",1994-12-21,"CAN","2013","Riley Sheen",158,"2013-Riley Sheen"
"LW","R",73,196,"VLADIVOSTOK","RUSSIA",1995-01-22,"RUS","2013","Vladimir Bryukvin",167,"2013-Vladimir Bryukvin"
"D","L",74,188,NA,NA,1994-11-20,"USA","2013","Christopher Forney",168,"2013-Christopher Forney"
"D","R",76,205,NA,NA,1994-11-11,"USA","2013","Steven Duda",169,"2013-Steven Duda"
"C","L",74,192,NA,NA,1994-12-28,"CAN","2013","Carson Perreaux",175,"2013-Carson Perreaux"
"LW","L",71,179,NA,NA,1994-11-01,"CAN","2013","Alexandre Boivin",176,"2013-Alexandre Boivin"
"D","R",74,188,NA,NA,1994-09-27,"CAN","2013","Wil Tomchuk",179,"2013-Wil Tomchuk"
"D","L",76,220,NA,NA,1995-03-01,"CAN","2013","Adam Power",187,"2013-Adam Power"
"RW","R",71,174,NA,NA,1994-12-19,"CAN","2013","Mathieu Lemay",190,"2013-Mathieu Lemay"
"D","L",74,219,NA,NA,1994-01-03,"USA","2013","Mark Hamilton",191,"2013-Mark Hamilton"
"RW","R",73,196,NA,NA,1995-01-20,"CAN","2013","Landon Schiller",193,"2013-Landon Schiller"
"D","L",75,221,NA,NA,1995-03-07,"USA","2013","Alec Rauhauser",196,"2013-Alec Rauhauser"
"RW","R",71,198,"PORUBA","CZECHIA-2",1995-03-05,"CAN","2013","Aaron Berisha",199,"2013-Aaron Berisha"
"C","R",71,183,"Omaha","USHL",1994-04-14,"USA","2013","Tyler Vesel",200,"2013-Tyler Vesel"
"LW/RW","R",74,170,NA,NA,1994-09-19,NA,"2013","Brett Boehm",201,"2013-Brett Boehm"
"RW","R",72,202,NA,NA,1995-01-18,"CAN","2013","Simon Fortier",202,"2013-Simon Fortier"
"D","R",72,194,"Regina","WHL",1995-01-26,"CAN","2013","Colby Williams",203,"2013-Colby Williams"
"LW","L",73,196,NA,NA,1994-09-18,"CAN","2013","Simon Tremblay",204,"2013-Simon Tremblay"
"RW","R",76,209,NA,NA,1994-04-22,"USA","2013","Tyler Andrew",207,"2013-Tyler Andrew"
"LW","L",74,194,NA,NA,1995-09-13,"USA","2013","Chad Otterman",NA,"2013-Chad Otterman"
"C","L",72,178,"Kingston","OHL",1996-06-20,"CAN","2014","Samuel Bennett",1,"2014-Samuel Bennett"
"D","R",76,216,"Barrie","OHL",1996-02-07,"CAN","2014","Aaron Ekblad",2.5,"2014-Aaron Ekblad"
"C","R",73,192,"Kootenay","WHL",1995-11-06,"CAN","2014","Sam Reinhart",3.5,"2014-Sam Reinhart"
"C","L",74,212,"Prince Albert","WHL",1995-10-27,"DEU","2014","Leon Draisaitl",3,"2014-Leon Draisaitl"
"LW","L",75,194,"Oshawa","OHL",1996-06-20,"CAN","2014","Michael Dal Colle",5,"2014-Michael Dal Colle"
"RW","R",73,226,"Calgary","WHL",1996-08-17,"CAN","2014","Jake Virtanen",7.5,"2014-Jake Virtanen"
"LW","L",74,227,"Peterborough","OHL",1995-12-05,"CAN","2014","Nicholas Ritchie",7,"2014-Nicholas Ritchie"
"LW","L",76,212,"Niagara","OHL",1996-04-27,"GBR","2014","Brendan Perlini",8,"2014-Brendan Perlini"
"D","L",74,203,"Red Deer","WHL",1996-07-08,"CAN","2014","Haydn Fleury",7.5,"2014-Haydn Fleury"
"C","L",72,179,"Sault Ste. Marie","OHL",1996-05-31,"CAN","2014","Jared McCann",10.5,"2014-Jared McCann"
"D","R",71,185,"Swift Current","WHL",1995-12-03,"FIN","2014","Julius Honka",12,"2014-Julius Honka"
"RW","R",76,213,"USA U-18","USHL",1996-05-10,"USA","2014","Alex Tuch",16.5,"2014-Alex Tuch"
"D","R",70,175,"Sarnia","OHL",1995-10-24,"USA","2014","Anthony Deangelo",12,"2014-Anthony Deangelo"
"RW","L",74,191,"Saskatoon","WHL",1995-12-30,"RUS","2014","Nikita Scherbak",19.5,"2014-Nikita Scherbak"
"LW","L",72,190,"USA U-18","USHL",1996-05-12,"USA","2014","Sonny Milano",16,"2014-Sonny Milano"
"C","L",73,192,"USA U-18","USHL",1996-07-30,"USA","2014","Dylan Larkin",17,"2014-Dylan Larkin"
"C","L",72,188,"Moncton","QMJHL",1995-12-14,"RUS","2014","Ivan Barbashev",15,"2014-Ivan Barbashev"
"C","R",72,180,"Green Bay","USHL",1996-02-23,"USA","2014","Nick Schmaltz",19,"2014-Nick Schmaltz"
"C","L",76,200,"Kitchener","OHL",1996-02-14,"USA","2014","Ryan MacInnis",26.5,"2014-Ryan MacInnis"
"C","L",70,178,"Guelph","OHL",1996-01-22,"CAN","2014","Robert Fabbri",23,"2014-Robert Fabbri"
"RW","R",72,170,"Windsor","OHL",1996-01-22,"CAN","2014","Joshua Ho-Sang",20,"2014-Joshua Ho-Sang"
"C","L",72,182,"Brandon","WHL",1996-04-16,"CAN","2014","John Quenneville",28.5,"2014-John Quenneville"
"LW","L",72,191,"Sarnia","OHL",1995-10-07,"RUS","2014","Nikolay Goldobin",19,"2014-Nikolay Goldobin"
"C","R",74,198,"Peterborough","OHL",1996-04-11,"CAN","2014","Eric Cornel",24,"2014-Eric Cornel"
"D","L",74,194,"Swift Current","WHL",1996-05-09,"CAN","2014","Brycen Martin",23,"2014-Brycen Martin"
"D","R",73,198,"Kingston","OHL",1996-01-20,"CAN","2014","Roland McKeown",21,"2014-Roland McKeown"
"LW","L",72,206,"Barrie","OHL",1996-03-15,"USA","2014","Brendan Lemieux",33,"2014-Brendan Lemieux"
"RW","R",71,198,"VAXJO","SWEDEN",1996-01-19,"CAN","2014","Reid Gardiner",34.5,"2014-Reid Gardiner"
"D","R",73,195,"USA U-18","USHL",1996-05-25,"USA","2014","Jack Dougherty",29.5,"2014-Jack Dougherty"
"C","R",70,161,"Moose Jaw","WHL",1996-03-13,"CAN","2014","Brayden Point",42,"2014-Brayden Point"
"RW","R",74,195,"Kitchener","OHL",1996-05-29,"USA","2014","Nicholas Magyar",42,"2014-Nicholas Magyar"
"LW","L",72,193,"Saginaw","OHL",1996-04-02,"CAN","2014","Dylan Sadowy",61,"2014-Dylan Sadowy"
"LW","L",75,198,"Edmonton","WHL",1996-03-17,"CAN","2014","Brett Pollock",52.5,"2014-Brett Pollock"
"C","R",72,192,"Red Deer","WHL",1996-02-07,"CAN","2014","Conner Bleackley",33,"2014-Conner Bleackley"
"C","L",69,178,"Portland","WHL",1995-10-25,"USA","2014","Chase De Leo",31,"2014-Chase De Leo"
"C","R",70,190,"Brandon","WHL",1996-01-01,"CAN","2014","Jayce Hawryluk",39.5,"2014-Jayce Hawryluk"
"D","R",75,190,"USA U-18","USHL",1996-05-17,"USA","2014","Jack Glover",32.5,"2014-Jack Glover"
"RW","R",79,220,NA,NA,1995-09-11,"CAN","2014","Hunter Smith",89.5,"2014-Hunter Smith"
"RW","R",72,194,"Val d'Or","QMJHL",1996-05-10,"CAN","2014","Nicolas Aube-Kubel",42.5,"2014-Nicolas Aube-Kubel"
"RW","R",73,201,"Gatineau","QMJHL",1996-05-02,"CZE","2014","Vaclav Karabacek",38,"2014-Vaclav Karabacek"
"D","L",72,180,"Eden Prarie","HIGH-MN",1995-09-18,"USA","2014","Luc Snuggerud",51.5,"2014-Luc Snuggerud"
"D","R",74,193,"Indiana","USHL",1996-02-15,"USA","2014","Joshua Jacobs",42,"2014-Joshua Jacobs"
"D","R",74,200,"USA U-18","USHL",1996-06-02,"USA","2014","Johnathan MacLeod",44,"2014-Johnathan MacLeod"
"C/LW","L",74,200,"Dubuque","USHL",1995-10-10,"USA","2014","Shane Eiserman",42,"2014-Shane Eiserman"
"RW","R",74,225,"Plymouth","OHL",1995-10-30,"USA","2014","Connor Chatham",38,"2014-Connor Chatham"
"D","L",72,170,"Toronto JC","OJHL",1996-02-20,"CAN","2014","Jake Walman",53.5,"2014-Jake Walman"
"LW","L",72,192,"Sault Ste. Marie","OHL",1995-09-17,"CAN","2014","Michael Bunting",43,"2014-Michael Bunting"
"LW","L",74,203,"Brandon","WHL",1994-05-02,"CZE","2014","Richard Nejezchleb",82,"2014-Richard Nejezchleb"
"C","L",72,200,"Rouyn-Noranda","QMJHL",1996-09-06,"CAN","2014","Julien Nantel",50.5,"2014-Julien Nantel"
"D","R",76,201,"Swift Current","WHL",1995-09-24,"CAN","2014","Brett Lernout",66,"2014-Brett Lernout"
"D","L",75,178,"Calgary","WHL",1996-03-29,"CAN","2014","Travis Sanheim",110,"2014-Travis Sanheim"
"D","R",75,213,"Niagara","OHL",1996-01-06,"USA","2014","Aaron Haydon",41,"2014-Aaron Haydon"
"D","R",73,203,"Niagara","OHL",1996-02-27,"USA","2014","Blake Siebenaler",51,"2014-Blake Siebenaler"
"D","L",76,217,"Plymouth","OHL",1996-07-02,"CAN","2014","Alexander Peters",46,"2014-Alexander Peters"
"D","R",77,210,"USA U-18","USHL",1996-05-06,"USA","2014","Ryan Collins",44.5,"2014-Ryan Collins"
"C","L",72,174,"Dexter School","HIGH-MA",1996-04-09,"USA","2014","Ryan Donato",56,"2014-Ryan Donato"
"RW","R",70,169,"Kingston","OHL",1996-04-25,"CAN","2014","Spencer Watson",51,"2014-Spencer Watson"
"LW","R",70,172,"MAGNITOGORSK","RUSSIA",1995-10-05,"RUS","2014","Vladimir Tkachev",37,"2014-Vladimir Tkachev"
"D","L",73,190,"Ashwaubenon","HIGH-WI",1996-02-16,"USA","2014","Matthew Berkovitz",69.5,"2014-Matthew Berkovitz"
"LW","L",72,181,"Cape Breton","QMJHL",1996-06-28,"CAN","2014","Julien Pelletier",109,"2014-Julien Pelletier"
"D","L",74,177,"Spruce Grove","AJHL",1996-04-13,"CAN","2014","Brandon Hickey",63,"2014-Brandon Hickey"
"LW","L",72,188,"TOLEDO","ECHL",1996-07-19,"USA","2014","Darby Llewellyn",88.5,"2014-Darby Llewellyn"
"C","L",72,200,NA,NA,1996-04-05,"CAN","2014","Alexandre Goulet",83,"2014-Alexandre Goulet"
"LW","L",74,190,"St. Andrew's College","HIGH-ON",1996-04-01,"CAN","2014","Warren Foegele",64,"2014-Warren Foegele"
"LW","L",75,186,"Kelowna","WHL",1996-08-02,"CAN","2014","Justin Kirkland",70.5,"2014-Justin Kirkland"
"C","R",73,196,"North Bay","OHL",1996-05-13,"CAN","2014","Michael Amadio",62,"2014-Michael Amadio"
"D","L",72,180,"Sault Ste. Marie","OHL",1996-04-22,"CAN","2014","Kyle Jenkins",72,"2014-Kyle Jenkins"
"LW","L",72,163,"Rouyn-Noranda","QMJHL",1996-04-18,"CAN","2014","Francis Perron",86.5,"2014-Francis Perron"
"LW","L",72,187,"London","OHL",1996-02-02,"USA","2014","Christian Dvorak",70,"2014-Christian Dvorak"
"C","L",74,205,"Spokane","WHL",1995-07-21,"CAN","2014","Adam Helewka",72,"2014-Adam Helewka"
"D","R",74,191,"Carleton Place","CCHL",1996-04-29,"CAN","2014","Kelly Summers",114,"2014-Kelly Summers"
"D","L",74,183,"Rivers Academy","HIGH-MA",1996-06-28,"USA","2014","Miles Gendron",79.5,"2014-Miles Gendron"
"C","L",69,174,"Sherbrooke","QMJHL",1996-05-06,"USA","2014","Daniel Audette",67,"2014-Daniel Audette"
"D","R",74,228,"Kamloops","WHL",1995-11-07,"CAN","2014","Ryan Rehill",87,"2014-Ryan Rehill"
"C","L",72,197,NA,NA,1995-12-08,"USA","2014","Daniel Moynihan",71.5,"2014-Daniel Moynihan"
"RW","R",73,203,"Portland","WHL",1995-12-12,"USA","2014","Alex Schoenborn",67.5,"2014-Alex Schoenborn"
"C/LW","L",77,197,"South Shore","USPHL PRE.",1995-11-01,"USA","2014","Beau Starrett",81,"2014-Beau Starrett"
"C","R",69,180,"FARJESTAD","SWEDEN",1995-11-06,"CAN","2014","Luke Philp",102.5,"2014-Luke Philp"
"LW","L",72,180,NA,NA,1996-04-20,"USA","2014","Mitchel Slattery",74,"2014-Mitchel Slattery"
"D","R",72,185,"Edmonton","WHL",1996-08-17,"CAN","2014","Dysin Mayo",83,"2014-Dysin Mayo"
"C","L",71,183,NA,NA,1995-01-17,"CAN","2014","Joshua Sterk",139.5,"2014-Joshua Sterk"
"RW","R",73,223,"Portland","WHL",1996-04-05,"USA","2014","Keegan Iverson",74.5,"2014-Keegan Iverson"
"D","R",74,198,"Calgary","WHL",1996-05-28,"CAN","2014","Ben Thomas",67.5,"2014-Ben Thomas"
"C","L",75,187,"Youngstown","USHL",1996-02-20,"RUS","2014","Maxim Letunov",77.5,"2014-Maxim Letunov"
"LW","L",74,190,"Plymouth","OHL",1995-10-17,"CAN","2014","Matthew Mistele",69.5,"2014-Matthew Mistele"
"D","L",76,217,NA,NA,1996-07-21,"USA","2014","Nick Wolff",93,"2014-Nick Wolff"
"D","R",73,205,"Edmonton","WHL",1996-03-03,"CAN","2014","Aaron Irving",104.5,"2014-Aaron Irving"
"C","L",75,184,NA,NA,1996-01-27,"CAN","2014","Ryan Foss",95,"2014-Ryan Foss"
"D","R",72,190,"Waterloo","USHL",1994-04-11,"CAN","2014","Brandon Montour",139,"2014-Brandon Montour"
"D","R",74,201,"Saskatoon","WHL",1996-05-27,"CAN","2014","Nelson Nogier",74,"2014-Nelson Nogier"
"C/RW","R",71,180,"ROGLE","SWEDEN",1995-09-26,"USA","2014","Karson Kuhlman",93,"2014-Karson Kuhlman"
"RW","R",68,192,"Kootenay","WHL",1995-02-22,"CAN","2014","Jaedon Descheneau",108.5,"2014-Jaedon Descheneau"
"RW","R",72,202,"Eden Prarie","HIGH-MN",1995-12-15,"USA","2014","Steven Spinner",83,"2014-Steven Spinner"
"C","L",74,201,"Portland","WHL",1996-02-25,"CAN","2014","Dominic Turgeon",113.5,"2014-Dominic Turgeon"
"RW","L",74,204,"Muskegon","USHL",1994-05-15,"USA","2014","Matheson Iacopelli",115,"2014-Matheson Iacopelli"
"LW","L",70,187,NA,NA,1996-01-16,"CAN","2014","Riley Stadel",78.5,"2014-Riley Stadel"
"RW","R",73,198,"Tri-City","USHL",1996-02-16,"USA","2014","Austin Poganski",86,"2014-Austin Poganski"
"LW","L",72,182,"USA U-18","USHL",1996-08-05,"USA","2014","Anders Bjork",93.5,"2014-Anders Bjork"
"D","L",71,165,"Blainville-Boisbriand","QMJHL",1994-02-19,"CAN","2014","Daniel Walcott",131,"2014-Daniel Walcott"
"C","L",72,192,"Cape Breton","QMJHL",1996-03-29,"CAN","2014","Clark Bishop",76,"2014-Clark Bishop"
"D","R",76,211,NA,NA,1996-05-28,"CAN","2014","Dallas Valentine",107,"2014-Dallas Valentine"
"C/RW","R",72,172,"St. Michael's","OJHL",1996-06-02,"CAN","2014","Jake Evans",105,"2014-Jake Evans"
"D","R",70,193,"USA U-18","USHL",1996-05-14,"USA","2014","Louis Belpedio",107,"2014-Louis Belpedio"
"D","L",73,183,"Toronto Lakeshore","OJHL",1996-01-07,"CAN","2014","Michael Prapavessis",122.5,"2014-Michael Prapavessis"
"C","R",71,182,"Kimball Union Academy","HIGH-NH",1996-01-29,"USA","2014","Joey Dudek",133,"2014-Joey Dudek"
"LW","L",74,230,"Gatineau","QMJHL",1996-04-24,"CAN","2014","Alexis Pepin",123,"2014-Alexis Pepin"
"D","R",75,207,"Plymouth","OHL",1996-04-09,"USA","2014","Josh Wesley",95,"2014-Josh Wesley"
"D","L",78,225,"Baie Comeau","QMJHL",1995-12-21,"CAN","2014","Alexis Vanier",97,"2014-Alexis Vanier"
"D","R",70,190,NA,NA,1996-04-28,"CAN","2014","Santino Centorame",113,"2014-Santino Centorame"
"RW","R",76,205,"Omaha","USHL",1996-03-06,"USA","2014","Anthony Angello",110.5,"2014-Anthony Angello"
"RW","R",71,186,"Barrie","OHL",1995-12-12,"USA","2014","Kevin Labanc",101.5,"2014-Kevin Labanc"
"C","L",72,181,"Williston-North Hampton","HIGH-MA",1995-02-13,"USA","2014","Maxwell Willman",146.5,"2014-Maxwell Willman"
"RW","R",74,200,"Kimball Union Academy","HIGH-NH",1996-08-14,"USA","2014","Tyler Bird",120,"2014-Tyler Bird"
"D","R",70,183,"Edina H.S.","HIGH-MN",1996-03-17,"USA","2014","Tyler Nanne",143,"2014-Tyler Nanne"
"C","R",70,183,"KANSAS CITY","ECHL",1996-08-16,"USA","2014","Robert Carpenter",132.5,"2014-Robert Carpenter"
"C","L",72,185,NA,NA,1996-01-08,"CAN","2014","Tanner MacMaster",107,"2014-Tanner MacMaster"
"C","L",73,191,"Calgary","WHL",1996-01-07,"RUS","2014","Radel Fazleyev",125,"2014-Radel Fazleyev"
"LW","L",73,189,NA,NA,1996-02-04,"FIN","2014","Waltteri Hopponen",156.5,"2014-Waltteri Hopponen"
"D","L",72,198,NA,NA,1996-03-16,"CAN","2014","Stefan Leblanc",127,"2014-Stefan Leblanc"
"D","R",70,185,"ROGLE","SWEDEN",1995-12-25,"CAN","2014","Mark Friedman",128.5,"2014-Mark Friedman"
"D","L",76,205,"Oshawa","OHL",1996-01-26,"CAN","2014","Stephen Desrocher",125,"2014-Stephen Desrocher"
"D","L",71,167,"Saint John","QMJHL",1996-02-17,"CAN","2014","Olivier Leblanc",119,"2014-Olivier Leblanc"
"D","L",76,209,"Prince George","WHL",1996-06-03,"CAN","2014","Sam Ruopp",131,"2014-Sam Ruopp"
"D","R",73,194,"FRIBOURG","SWISS",1995-10-24,"CHE","2014","Yannick Rathgeb",141,"2014-Yannick Rathgeb"
"D","L",74,198,NA,NA,1996-03-17,"CAN","2014","Colton Bobyk",130,"2014-Colton Bobyk"
"LW","L",70,170,NA,NA,1996-03-30,"USA","2014","Ryan Hitchcock",113,"2014-Ryan Hitchcock"
"C","L",71,185,"USA U-18","USHL",1996-07-10,"USA","2014","Shane Gersich",106.5,"2014-Shane Gersich"
"LW","L",72,192,"Edina H.S.","HIGH-MN",1996-03-17,"USA","2014","Miguel Fidler",156.5,"2014-Miguel Fidler"
"LW","L",74,202,NA,NA,1996-01-24,"USA","2014","Blake Clarke",113.5,"2014-Blake Clarke"
"RW","R",72,190,"Youngstown","USHL",1996-06-12,"USA","2014","John Piccinich",149.5,"2014-John Piccinich"
"C","L",71,185,"Kelowna","WHL",1996-04-03,"CAN","2014","Rourke Chartier",136,"2014-Rourke Chartier"
"RW","R",72,190,"Lethbridge","WHL",1996-01-28,"CAN","2014","Reid Duke",101,"2014-Reid Duke"
"C","R",72,183,"Cranbrook Kingswood","HIGH-MI",1996-02-22,"USA","2014","Christopher Brown",156.5,"2014-Christopher Brown"
"RW","L",75,232,"USA U-18","USHL",1996-06-16,"USA","2014","Joe Wegwerth",140,"2014-Joe Wegwerth"
"D","L",77,232,"Windsor","OHL",1996-06-28,"CAN","2014","Patrick Sanvido",140,"2014-Patrick Sanvido"
"C","R",70,159,NA,NA,1995-11-16,"CAN","2014","Tyson Baillie",115.5,"2014-Tyson Baillie"
"LW","L",73,206,"USA U-18","USHL",1996-01-23,"USA","2014","Jared Fiegl",121,"2014-Jared Fiegl"
"C","L",72,205,NA,NA,1996-08-13,"CAN","2014","Niki Petti",153,"2014-Niki Petti"
"LW","L",72,199,NA,NA,1995-11-24,"CAN","2014","Dryden Hunt",144,"2014-Dryden Hunt"
"LW","L",72,189,"Edmonton","WHL",1994-11-13,"LVA","2014","Edgars Kulda",145,"2014-Edgars Kulda"
"D","L",73,192,NA,NA,1995-07-02,"USA","2014","Jonathan Barry",147,"2014-Jonathan Barry"
"D","R",72,198,NA,NA,1996-03-17,"CAN","2014","Josh Thrower",132,"2014-Josh Thrower"
"D","R",77,225,"Sioux City","USHL",1996-06-18,"USA","2014","Ryan Mantha",164,"2014-Ryan Mantha"
"D","R",73,190,"ANGERS","FRANCE",1996-05-10,"CAN","2014","Cody Donaghey",161,"2014-Cody Donaghey"
"D","R",72,180,NA,NA,1996-02-01,"RUS","2014","Alexey Sleptsov",147,"2014-Alexey Sleptsov"
"RW","R",73,183,NA,NA,1996-07-10,"CAN","2014","Jacob Busch",136,"2014-Jacob Busch"
"RW","R",74,210,"London","OHL",1996-01-26,"USA","2014","Chandler Yakimowicz",153,"2014-Chandler Yakimowicz"
"RW","R",73,215,"Owen Sound","OHL",1996-01-11,"CAN","2014","Jaden Lindo",125,"2014-Jaden Lindo"
"C","L",70,186,"BRIDGEPORT","AHL",1996-02-27,"CAN","2014","Matthew Highmore",147,"2014-Matthew Highmore"
"D","L",71,174,"BELFAST","ENGLAND",1996-04-25,"USA","2014","Michael Lee",157.5,"2014-Michael Lee"
"C","L",74,188,"Sioux Falls","USHL",1996-05-15,"USA","2014","Dakota Joshua",180,"2014-Dakota Joshua"
"C","R",71,179,"KARLOVY VARY","CZECHIA",1996-06-02,"CAN","2014","Nicholas Jones",169.5,"2014-Nicholas Jones"
"LW","R",72,214,"ANGLET","FRANCE",1994-09-09,"LVA","2014","Nikita Jevpalovs",155.5,"2014-Nikita Jevpalovs"
"LW","L",73,192,NA,NA,1995-11-01,"CAN","2014","Taylor Cooper",154,"2014-Taylor Cooper"
"C","L",76,200,"Erie","OHL",1996-01-19,"CAN","2014","Kyle Pettit",161,"2014-Kyle Pettit"
"C/LW","R",74,188,NA,NA,1995-02-07,"USA","2014","Jason Cotton",140,"2014-Jason Cotton"
"LW","L",72,180,NA,NA,1996-04-26,"USA","2014","Chase Phelps",162.5,"2014-Chase Phelps"
"D","R",75,213,NA,NA,1995-09-17,"CAN","2014","Dylan Chanter",164,"2014-Dylan Chanter"
"LW","L",74,214,NA,NA,1996-06-14,"CAN","2014","Cordell James",145.5,"2014-Cordell James"
"C/LW","L",74,200,"North Dakota","NCHC",1996-02-28,"CAN","2014","Rhett Gardner",167,"2014-Rhett Gardner"
"C","L",74,185,"GUILDFORD","ENGLAND",1996-01-03,"CAN","2014","Tyler Busch",169.5,"2014-Tyler Busch"
"LW","L",72,180,NA,NA,1995-12-30,"USA","2014","Zach Yon",169,"2014-Zach Yon"
"C","R",76,207,NA,NA,1996-02-07,"USA","2014","Steven Merl",169.5,"2014-Steven Merl"
"D","L",75,213,"Ottawa","OHL",1996-01-02,"CAN","2014","Jacob Middleton",129.5,"2014-Jacob Middleton"
"RW","R",73,195,"Saint John","QMJHL",1996-09-09,"CAN","2014","Spencer Smallman",159,"2014-Spencer Smallman"
"D","L",74,207,NA,NA,1996-06-03,"CAN","2014","Brandon Prophet",125,"2014-Brandon Prophet"
"D","L",74,180,NA,NA,1996-06-29,"CAN","2014","Kevin Laliberte",158.5,"2014-Kevin Laliberte"
"D","R",74,202,"GRAZ","AUSTRIA",1996-06-01,"USA","2014","Frank Hora",170.5,"2014-Frank Hora"
"D","R",72,198,"PROVIDENCE","AHL",1996-02-06,"USA","2014","Billy Sweezey",185,"2014-Billy Sweezey"
"LW","L",74,200,NA,NA,1994-03-09,"USA","2014","Evan Anderson",179,"2014-Evan Anderson"
"C","L",70,180,NA,NA,1996-05-06,"USA","2014","Seamus Malone",154,"2014-Seamus Malone"
"RW","R",74,186,"Penticton","BCHL",1995-11-02,"USA","2014","Jack Ramsey",166,"2014-Jack Ramsey"
"C","L",70,176,NA,NA,1996-08-18,"USA","2014","Dylan Malmquist",190.5,"2014-Dylan Malmquist"
"D","L",74,202,"Drummondville","QMJHL",1996-01-24,"RUS","2014","Sergei Boikov",190.5,"2014-Sergei Boikov"
"C/LW","R",72,187,"Deerfield Academy","HIGH-MA",1995-03-06,"USA","2014","Sam Lafferty",184,"2014-Sam Lafferty"
"RW","R",74,195,NA,NA,1995-11-07,"USA","2014","Jake Bresser",185,"2014-Jake Bresser"
"LW","L",73,183,NA,NA,1996-01-06,"CAN","2014","Zachary Bratina",186,"2014-Zachary Bratina"
"D","L",75,231,"Ottawa","OHL",1995-09-23,"FIN","2014","Alex Lintuniemi",187,"2014-Alex Lintuniemi"
"C/LW","L",74,180,NA,NA,1995-12-04,"CAN","2014","Jeff Wight",186,"2014-Jeff Wight"
"D","L",71,181,NA,NA,1994-10-24,"CAN","2014","Brett Beauvais",162,"2014-Brett Beauvais"
"D","R",79,223,"North Bay","OHL",1996-05-04,"CAN","2014","Kyle Wood",191,"2014-Kyle Wood"
"D","L",75,208,"DUNAUJVAROSI ACELBIKAK","HUNGARY",1996-07-01,"RUS","2014","Alexander Mikulovich",150,"2014-Alexander Mikulovich"
"RW","R",75,198,NA,NA,1996-04-22,"USA","2014","James Winkler",151.5,"2014-James Winkler"
"D","L",73,195,NA,NA,1995-04-11,"USA","2014","Scott Savage",177.5,"2014-Scott Savage"
"RW","L",71,199,NA,NA,1994-05-25,"USA","2014","Bryan Moore",195,"2014-Bryan Moore"
"D","L",75,198,NA,NA,1996-01-22,"CHE","2014","Edson Harlacher",196,"2014-Edson Harlacher"
"D","L",72,208,"Langnau","SWISS",1995-11-13,"CHE","2014","Phil Baltisberger",201,"2014-Phil Baltisberger"
"LW","R",72,196,NA,NA,1994-01-07,"CAN","2014","Louick Marcotte",198,"2014-Louick Marcotte"
"C","L",72,195,NA,NA,1996-08-28,"CAN","2014","Evan Smith",201.5,"2014-Evan Smith"
"RW","R",69,186,NA,NA,1995-11-20,"USA","2014","Tyler Sheehy",175,"2014-Tyler Sheehy"
"C","L",72,189,NA,NA,1995-10-08,"SWE","2014","Emil Aronsson",124,"2014-Emil Aronsson"
"D","L",70,190,"TULSA","ECHL",1995-10-29,"USA","2014","John-Claude Brassard",203,"2014-John-Claude Brassard"
"D","R",72,181,NA,NA,1996-03-14,"CAN","2014","Daniel De Sousa",204,"2014-Daniel De Sousa"
"D","R",74,187,"Olds","AJHL",1996-01-19,"CAN","2014","Nikolas Koberstein",205,"2014-Nikolas Koberstein"
"D","R",74,220,NA,NA,1995-09-21,"USA","2014","Hunter Warner",206,"2014-Hunter Warner"
"RW","R",72,190,"Tri-City","USHL",1996-07-10,"USA","2014","Christopher Wilkie",159,"2014-Christopher Wilkie"
"LW","R",71,194,NA,NA,1995-12-31,"LVA","2014","Rihards Bukarts",208,"2014-Rihards Bukarts"
"D","L",72,172,NA,NA,1995-06-10,"CAN","2014","Marshall Donald",189.5,"2014-Marshall Donald"
"C","L",72,189,NA,NA,1995-10-12,"CAN","2014","Kris Hodge",167,"2014-Kris Hodge"
"LW","R",73,202,NA,NA,1996-02-27,"RUS","2014","Nikita Yazkov",77,"2014-Nikita Yazkov"
"LW","L",71,180,NA,NA,1995-05-19,"CAN","2014","Alex Gillies",102,"2014-Alex Gillies"
"LW","L",72,194,"Windsor","OHL",1996-01-10,"CAN","2014","Cristiano Digiacinto",117,"2014-Cristiano Digiacinto"
"LW","L",73,192,NA,NA,1995-09-23,"USA","2014","Michael Turner",121,"2014-Michael Turner"
"C","L",72,211,"PARDUBICE","CZECHIA",1995-11-18,"CZE","2014","Jan Mandat",138,"2014-Jan Mandat"
"D","L",72,191,NA,NA,1996-02-24,"CAN","2014","Guillaume Beaudoin",144,"2014-Guillaume Beaudoin"
"LW","L",72,207,NA,NA,1996-06-02,"CAN","2014","Ryan Verbeek",147,"2014-Ryan Verbeek"
"D","L",74,201,"ESBJERG","DENMARK",1996-05-23,"CAN","2014","Kevin Spinozzi",149,"2014-Kevin Spinozzi"
"D","R",72,200,NA,NA,1996-02-28,"CAN","2014","Darren Raddysh",154,"2014-Darren Raddysh"
"C","L",73,199,NA,NA,1994-02-23,"CAN","2014","Mason Blacklock",158,"2014-Mason Blacklock"
"C","R",75,209,"OMSK KRYLIA","RUSSIA-2",1996-08-16,"RUS","2014","Alexander Protapovich",166,"2014-Alexander Protapovich"
"D","L",75,202,NA,NA,1996-04-18,"USA","2014","Cooper Watson",173,"2014-Cooper Watson"
"D","L",74,211,"OMSK","RUSSIA",1996-02-17,"RUS","2014","Damir Sharipzyanov",176,"2014-Damir Sharipzyanov"
"C","L",78,191,NA,NA,1995-04-24,"CAN","2014","Mark Simpson",178,"2014-Mark Simpson"
"D","R",74,203,"BOLZANO","AUSTRIA",1996-04-26,"CAN","2014","Dylan Di Perna",184,"2014-Dylan Di Perna"
"RW","R",71,196,NA,NA,1995-10-04,"CAN","2014","Demico Hannoun",185,"2014-Demico Hannoun"
"D","R",74,216,"Sherbrooke","QMJHL",1996-07-06,"CAN","2014","Carl Neill",187,"2014-Carl Neill"
"C","R",76,210,NA,NA,1996-01-07,"USA","2014","Dominic Franco",188,"2014-Dominic Franco"
"D","L",74,212,NA,NA,1996-04-16,"CAN","2014","Jonathan Deschamps",189,"2014-Jonathan Deschamps"
"C","L",76,210,NA,NA,1995-12-22,"USA","2014","Justin Gutierrez",190,"2014-Justin Gutierrez"
"LW","L",78,224,NA,NA,1995-09-21,"USA","2014","Alex Pawelczyk",192,"2014-Alex Pawelczyk"
"D","R",72,176,NA,NA,1995-12-08,"CAN","2014","Dexter Weber",194,"2014-Dexter Weber"
"RW","L",69,201,NA,NA,1995-02-11,"CAN","2014","Anthony De Luca",196,"2014-Anthony De Luca"
"LW","L",69,191,NA,NA,1994-03-08,"USA","2014","Jacob Randolph",197,"2014-Jacob Randolph"
"C","L",69,176,"NIZHNEKAMSK","RUSSIA",1996-04-12,"USA","2014","Ivan Nikolishin",201,"2014-Ivan Nikolishin"
"D","L",73,180,"U. of Denver","NCHC",1996-01-26,"USA","2014","Blake Hillman",207,"2014-Blake Hillman"
"D","L",75,190,"MICHALOVCE","SLOVAKIA",1995-09-18,"LVA","2014","Kristofers Bindulis",208,"2014-Kristofers Bindulis"
"LW","L",71,190,NA,NA,1996-08-28,"CAN","2014","Mitchell Smith",210,"2014-Mitchell Smith"
"D","R",75,215,"Kootenay","WHL",1995-10-05,"CAN","2014","Tanner Faith",NA,"2014-Tanner Faith"
"D","L",67,178,"ONTARIO","AHL",1996-05-04,"CAN","2014","Joseph Hicketts",NA,"2014-Joseph Hicketts"
"LW","L",72,195,NA,NA,1996-04-12,"USA","2014","Taylor Vickerman",NA,"2014-Taylor Vickerman"
"LW","L",71,180,NA,NA,1996-03-07,"USA","2014","Lawton Courtnall",NA,"2014-Lawton Courtnall"
"C","L",73,195,"Erie","OHL",1997-01-13,"CAN","2015","Connor McDavid",1,"2015-Connor McDavid"
"C","R",74,196,"Boston University","H-EAST",1996-10-28,"USA","2015","Jack Eichel",2,"2015-Jack Eichel"
"D","L",75,203,"Boston College","H-EAST",1997-01-25,"USA","2015","Noah Hanifin",3,"2015-Noah Hanifin"
"C","L",75,185,"Erie","OHL",1997-03-07,"CAN","2015","Dylan Strome",4.5,"2015-Dylan Strome"
"LW","L",76,215,"Kingston","OHL",1997-06-23,"CAN","2015","Lawson Crouse",4.5,"2015-Lawson Crouse"
"RW","R",71,160,"London","OHL",1997-05-05,"CAN","2015","Mitchell Marner",6.5,"2015-Mitchell Marner"
"D","L",73,201,"Brandon","WHL",1997-01-13,"RUS","2015","Ivan Provorov",8.5,"2015-Ivan Provorov"
"C","L",75,210,"Sarnia","OHL",1997-04-06,"CZE","2015","Pavel Zacha",8,"2015-Pavel Zacha"
"D","L",74,206,"U. of Michigan","BIG10",1997-07-19,"USA","2015","Zachary Werenski",7.5,"2015-Zachary Werenski"
"RW","L",74,213,"Halifax","QMJHL",1996-10-08,"CHE","2015","Timo Meier",11,"2015-Timo Meier"
"C","R",71,175,"Seattle","WHL",1997-05-26,"CAN","2015","Mathew Barzal",10,"2015-Mathew Barzal"
"D","L",73,194,"Saint John","QMJHL",1997-02-21,"CZE","2015","Jakub Zboril",11.5,"2015-Jakub Zboril"
"LW","L",73,177,"Youngstown","USHL",1996-12-09,"USA","2015","Kyle Connor",13.5,"2015-Kyle Connor"
"RW","R",70,183,"Ottawa","OHL",1997-03-11,"CAN","2015","Travis Konecny",20,"2015-Travis Konecny"
"C","L",74,230,"Prince George","WHL",1997-05-23,"USA","2015","Jansen Harkins",16.5,"2015-Jansen Harkins"
"D","L",74,190,"Saint John","QMJHL",1997-01-30,"CAN","2015","Thomas Chabot",15.5,"2015-Thomas Chabot"
"RW","L",75,205,"Cape Breton","QMJHL",1996-10-31,"RUS","2015","Evgeny Svechnikov",19,"2015-Evgeny Svechnikov"
"C","L",73,201,"Charlottetown","QMJHL",1997-06-03,"CZE","2015","Filip Chlapik",17.5,"2015-Filip Chlapik"
"LW","L",72,174,"Swift Current","WHL",1996-10-17,"CAN","2015","Jake DeBRUSK",21.5,"2015-Jake DeBRUSK"
"RW","R",73,190,"Charlottetown","QMJHL",1997-03-17,"NLD","2015","Daniel Sprong",20,"2015-Daniel Sprong"
"D","R",73,196,"Sherbrooke","QMJHL",1997-05-14,"CAN","2015","Jeremy Roy",22,"2015-Jeremy Roy"
"D","R",74,186,"Everett","WHL",1997-04-02,"CAN","2015","Noah Juulsen",30,"2015-Noah Juulsen"
"C","R",70,191,"Kelowna","WHL",1997-05-23,"CAN","2015","Nicholas Merkley",18,"2015-Nicholas Merkley"
"D","L",74,206,"Brandon","WHL",1996-10-10,"CAN","2015","Ryan Pilon",27.5,"2015-Ryan Pilon"
"D","R",77,202,"Tri-City","WHL",1996-11-26,"USA","2015","Brandon Carlo",20.5,"2015-Brandon Carlo"
"LW","L",76,208,"Portland","WHL",1996-11-04,"USA","2015","Paul Bittner",22.5,"2015-Paul Bittner"
"RW","R",72,191,"Waterloo","USHL",1997-02-25,"USA","2015","Brock Boeser",27.5,"2015-Brock Boeser"
"C","L",72,179,"Waterloo","USHL",1997-04-28,"USA","2015","Thomas Novak",28.5,"2015-Thomas Novak"
"C","R",72,183,"USA U-18","USHL",1997-01-30,"USA","2015","Colin White",28,"2015-Colin White"
"LW","L",74,194,"Shawinigan","QMJHL",1997-04-14,"USA","2015","Dennis Yan",32.5,"2015-Dennis Yan"
"C","R",73,190,"Omaha","USHL",1996-10-31,"SWE","2015","Jakob Forsbacka Karlsson",35,"2015-Jakob Forsbacka Karlsson"
"D","L",72,188,"Niagara","OHL",1996-10-29,"CAN","2015","Vince Dunn",42.5,"2015-Vince Dunn"
"C","L",70,182,"Shawinigan","QMJHL",1997-06-08,"CAN","2015","Anthony Beauvillier",41,"2015-Anthony Beauvillier"
"D","L",70,190,"Oshawa","OHL",1997-02-11,"CAN","2015","Mitchell Vande Sompel",33.5,"2015-Mitchell Vande Sompel"
"LW","L",73,194,"SHANGHAI DRAGONS","RUSSIA",1997-06-23,"CAN","2015","Austin Wagner",39,"2015-Austin Wagner"
"RW","R",77,190,"Victoriaville","QMJHL",1996-11-11,"CAN","2015","Gabriel Gagne",42,"2015-Gabriel Gagne"
"RW","R",74,212,"USA U-18","USHL",1997-04-15,"USA","2015","Christian Fischer",38.5,"2015-Christian Fischer"
"RW","R",74,205,"Sault Ste. Marie","OHL",1997-03-30,"CAN","2015","Zachary Senyshyn",47,"2015-Zachary Senyshyn"
"C","R",72,182,"USA U-18","USHL",1997-01-29,"USA","2015","John (Jack) Roslovic",45.5,"2015-John (Jack) Roslovic"
"D","R",75,207,"Baie Comeau","QMJHL",1997-07-18,"CAN","2015","Nicolas Meloche",42.5,"2015-Nicolas Meloche"
"D","L",74,182,"Acadie-Bathurst","QMJHL",1997-07-21,"CAN","2015","Guillaume Brisebois",35.5,"2015-Guillaume Brisebois"
"D","L",72,184,"Rouyn-Noranda","QMJHL",1997-04-28,"CAN","2015","Jeremy Lauzon",53.5,"2015-Jeremy Lauzon"
"D","L",72,170,NA,NA,1997-08-24,"CAN","2015","Parker Wotherspoon",44.5,"2015-Parker Wotherspoon"
"D","L",74,187,"Sudbury","OHL",1997-08-13,"CAN","2015","Kyle Capobianco",55.5,"2015-Kyle Capobianco"
"C","R",76,207,"Chicoutimi","QMJHL",1997-02-05,"CAN","2015","Nicolas Roy",35,"2015-Nicolas Roy"
"D","L",71,210,"Erie","OHL",1996-12-22,"CAN","2015","Travis Dermott",46.5,"2015-Travis Dermott"
"LW","L",77,222,"USA U-18","USHL",1997-02-16,"USA","2015","Jordan Greenway",34.5,"2015-Jordan Greenway"
"C","L",74,205,"Gatineau","QMJHL",1997-01-13,"RUS","2015","Iakov Trenin",49,"2015-Iakov Trenin"
"C","R",71,184,"Sault Ste. Marie","OHL",1997-01-02,"CAN","2015","Blake Speers",46.5,"2015-Blake Speers"
"RW","R",74,205,"Sarnia","OHL",1997-02-08,"RUS","2015","Nikita Korostelev",45.5,"2015-Nikita Korostelev"
"LW","L",72,185,"Cedar Rapids","USHL",1997-06-30,"USA","2015","Erik Foley",54,"2015-Erik Foley"
"D","R",75,207,"Lethbridge","WHL",1996-11-13,"CAN","2015","Andrew Nielsen",60.5,"2015-Andrew Nielsen"
"C","R",72,173,"Sioux Falls","USHL",1996-12-20,"USA","2015","Cooper Marody",58,"2015-Cooper Marody"
"C","R",70,179,"Saint John","QMJHL",1997-06-21,"CAN","2015","Nathan Noel",54.5,"2015-Nathan Noel"
"LW","L",72,155,"Saint John","QMJHL",1997-08-22,"USA","2015","Adam Marsh",48.5,"2015-Adam Marsh"
"D","L",74,184,"Prince Albert","WHL",1997-07-29,"CAN","2015","Brendan Guhle",66,"2015-Brendan Guhle"
"LW","L",76,195,"Niagara","OHL",1997-01-13,"CAN","2015","Graham Knott",55.5,"2015-Graham Knott"
"D","L",74,201,"Chicago","USHL",1996-10-30,"USA","2015","Dennis Gilbert",65,"2015-Dennis Gilbert"
"C","R",73,186,"Swift Current","WHL",1997-03-25,"CAN","2015","Glenn Gawdin",48,"2015-Glenn Gawdin"
"RW","R",71,196,"USA U-18","USHL",1997-03-17,"USA","2015","Jeremy Bracco",48,"2015-Jeremy Bracco"
"C","R",75,202,"Red Deer","WHL",1997-03-26,"CAN","2015","Adam Musil",46.5,"2015-Adam Musil"
"C","L",74,207,"Cushing Academy","HIGH-MA",1997-07-09,"USA","2015","David Cotton",68.5,"2015-David Cotton"
"D","R",74,190,"South Shore","USPHL PRE.",1997-05-21,"USA","2015","John Marino",63.5,"2015-John Marino"
"C","R",73,194,"Rouyn-Noranda","QMJHL",1997-03-25,"CAN","2015","Jean-Christophe Beaudin",64,"2015-Jean-Christophe Beaudin"
"RW","R",73,227,"Seattle","WHL",1997-04-08,"CAN","2015","Keegan Kolesar",79.5,"2015-Keegan Kolesar"
"LW","L",72,191,"USA U-18","USHL",1997-05-07,"USA","2015","Brendan Warren",50,"2015-Brendan Warren"
"C","L",72,181,"Oshawa","OHL",1997-07-15,"CAN","2015","Anthony Cirelli",77.5,"2015-Anthony Cirelli"
"D","R",74,202,"Peterborough","OHL",1997-03-24,"CAN","2015","Matthew Spencer",59.5,"2015-Matthew Spencer"
"LW","L",75,204,"Boston University","H-EAST",1996-12-14,"CAN","2015","Anthony-John (AJ) Greer",70,"2015-Anthony-John (AJ) Greer"
"C","L",74,203,"Saint John","QMJHL",1997-04-10,"CAN","2015","Samuel Dove-Mcfalls",71.5,"2015-Samuel Dove-Mcfalls"
"LW","L",74,190,"Seattle","WHL",1996-09-16,"CAN","2015","Ryan Gropp",66.5,"2015-Ryan Gropp"
"D","R",73,204,"Regina","WHL",1997-01-04,"CAN","2015","Connor Hobbs",86,"2015-Connor Hobbs"
"LW","L",72,205,"Regina","WHL",1997-06-17,"CAN","2015","Jesse Gabrielle",67,"2015-Jesse Gabrielle"
"D","R",72,187,"Sault Ste. Marie","OHL",1997-01-24,"SWE","2015","Gustav Bouramman",71.5,"2015-Gustav Bouramman"
"D","L",74,198,"Rimouski","QMJHL",1997-01-12,"CAN","2015","Simon Bourque",76,"2015-Simon Bourque"
"C","L",70,163,"Val d'Or","QMJHL",1996-12-20,"CAN","2015","Anthony Richard",90,"2015-Anthony Richard"
"C","L",72,180,"Victoria","WHL",1997-02-10,"CAN","2015","Tyler Soy",115,"2015-Tyler Soy"
"D","R",74,185,"Lakeville North","HIGH-MN",1997-04-19,"USA","2015","Jack Sadek",81,"2015-Jack Sadek"
"D","L",73,187,"Kimball Union Academy","HIGH-NH",1997-01-21,"CAN","2015","Jake Massie",80.5,"2015-Jake Massie"
"D","L",79,220,"London","OHL",1996-09-25,"USA","2015","Chris Martenet",86.5,"2015-Chris Martenet"
"D","L",75,225,"Victoria","WHL",1997-01-01,"CAN","2015","Chaz Reddekopp",140.5,"2015-Chaz Reddekopp"
"C","R",72,185,"DUNDEE","ENGLAND",1996-12-13,"CAN","2015","Kameron Kielly",81.5,"2015-Kameron Kielly"
"RW","R",74,183,NA,NA,1997-03-11,"USA","2015","Taggart Corriveau",85,"2015-Taggart Corriveau"
"LW","L",70,182,"Barrie","OHL",1996-04-04,"CAN","2015","Andrew Mangiapane",116,"2015-Andrew Mangiapane"
"LW","R",69,160,"Moncton","QMJHL",1996-03-11,"USA","2015","Conor Garland",86,"2015-Conor Garland"
"LW","L",70,179,"Culver Academy","HIGH-IN",1997-03-10,"USA","2015","Karch Bachman",82.5,"2015-Karch Bachman"
"D","R",74,209,"Muskegon","USHL",1997-05-23,"USA","2015","Joseph Cecconi",79,"2015-Joseph Cecconi"
"D","R",74,178,NA,NA,1997-04-17,"USA","2015","Grant Gabriele",86,"2015-Grant Gabriele"
"D","R",75,202,"Owen Sound","OHL",1996-10-26,"CAN","2015","Thomas Schemitsch",94.5,"2015-Thomas Schemitsch"
"LW","L",70,192,"Quebec","QMJHL",1996-10-01,"UKR","2015","Dmytro Timashov",75,"2015-Dmytro Timashov"
"D","R",73,212,"Barrie","OHL",1996-10-27,"SWE","2015","Rasmus Andersson",88.5,"2015-Rasmus Andersson"
"D","L",78,200,"Wausau West","HIGH-WI",1997-01-03,"USA","2015","Adam Parsells",99.5,"2015-Adam Parsells"
"D","L",76,217,NA,NA,1997-03-13,"CAN","2015","David Henley",97,"2015-David Henley"
"RW","R",76,195,NA,NA,1997-05-05,"CAN","2015","Matt Luff",95.5,"2015-Matt Luff"
"D","R",71,203,"Seattle","WHL",1997-06-26,"CAN","2015","Ethan Bear",115,"2015-Ethan Bear"
"LW","L",72,180,NA,NA,1997-02-25,"CAN","2015","Alexandre Fortin",117,"2015-Alexandre Fortin"
"D","L",74,195,NA,NA,1997-08-24,"CAN","2015","Cameron Lizotte",135,"2015-Cameron Lizotte"
"D","L",73,180,NA,NA,1997-05-19,"CAN","2015","Austin Cho",112.5,"2015-Austin Cho"
"D","R",75,199,"UTICA","AHL",1997-02-17,"CAN","2015","Austin Strand",83.5,"2015-Austin Strand"
"D","L",74,203,"London","OHL",1997-02-02,"USA","2015","Brandon Crawley",137.5,"2015-Brandon Crawley"
"D","R",75,209,"Regina","WHL",1997-02-21,"RUS","2015","Sergei Zborovsky",150,"2015-Sergei Zborovsky"
"RW","R",74,204,"Barrie","OHL",1996-12-10,"USA","2015","Roy Radke",107.5,"2015-Roy Radke"
"C","L",74,196,"Green Bay","USHL",1997-08-12,"USA","2015","Brent Gates",89.5,"2015-Brent Gates"
"C","L",74,196,NA,NA,1997-05-15,"USA","2015","John McDermott",107.5,"2015-John McDermott"
"RW","R",70,160,"USA U-18","USHL",1997-09-10,"USA","2015","Troy Terry",97,"2015-Troy Terry"
"C","R",73,170,"Cedar Rapids","USHL",1996-10-03,"USA","2015","Adam Gaudette",147.5,"2015-Adam Gaudette"
"C","R",68,178,"CHAMONIX","FRANCE",1996-11-15,"CAN","2015","Dante Salituro",127,"2015-Dante Salituro"
"C","L",72,188,NA,NA,1996-08-24,"USA","2015","Jacob Jaremko",108.5,"2015-Jacob Jaremko"
"C","R",71,192,"Saginaw","OHL",1997-02-05,"CAN","2015","Mitchell Stephens",112.5,"2015-Mitchell Stephens"
"D","R",74,189,"Moorhead","HIGH-MN",1996-12-19,"USA","2015","William Borgen",154,"2015-William Borgen"
"D","L",73,192,"USA U-18","USHL",1997-06-06,"USA","2015","Caleb Jones",96,"2015-Caleb Jones"
"D","L",74,190,"Kelowna","WHL",1997-01-02,"CAN","2015","Devante Stephens",112,"2015-Devante Stephens"
"D","R",72,197,"USA U-18","USHL",1997-09-08,"USA","2015","Nicholas Boka",146.5,"2015-Nicholas Boka"
"C","L",74,211,"Calgary","WHL",1997-03-15,"BLR","2015","Pavel Karnaukhov",129,"2015-Pavel Karnaukhov"
"LW","L",74,217,"SAN JOSE","AHL",1997-04-10,"CAN","2015","Samuel Laberge",119,"2015-Samuel Laberge"
"C","L",73,194,"North Bay","OHL",1997-03-12,"CAN","2015","Brett McKenzie",122,"2015-Brett McKenzie"
"D","R",72,223,NA,NA,1996-09-25,"CAN","2015","Loik Leveille",106,"2015-Loik Leveille"
"D","R",75,204,NA,NA,1997-09-08,"CAN","2015","Bailey Webster",135,"2015-Bailey Webster"
"C","L",74,202,"Youngstown","USHL",1997-08-23,"CAN","2015","Chase Pearson",146.5,"2015-Chase Pearson"
"C","L",70,168,"Prince George","WHL",1997-01-04,"CAN","2015","Brad Morrison",137,"2015-Brad Morrison"
"RW","R",73,190,"Saint John","QMJHL",1997-02-09,"CAN","2015","Mathieu Joseph",125,"2015-Mathieu Joseph"
"C","R",71,192,"Medicine Hat","WHL",1997-01-22,"CAN","2015","Matthew Bradley",135,"2015-Matthew Bradley"
"C","L",74,196,"Prince Albert","WHL",1997-03-30,"CAN","2015","Matteo Gennaro",127,"2015-Matteo Gennaro"
"D","L",72,194,"Sault Ste. Marie","OHL",1997-05-03,"CAN","2015","Colton White",141,"2015-Colton White"
"LW","L",72,192,"Ottawa","OHL",1996-10-21,"CAN","2015","Jeremiah Addison",128,"2015-Jeremiah Addison"
"C","R",72,188,NA,NA,1997-03-03,"CAN","2015","Alexandre Alain",109.5,"2015-Alexandre Alain"
"C","R",72,211,"Langley","BCHL",1997-03-03,"CAN","2015","Marcus Vela",127,"2015-Marcus Vela"
"LW","L",73,195,NA,NA,1997-02-15,"USA","2015","Matthew Freytag",140.5,"2015-Matthew Freytag"
"RW","R",72,185,NA,NA,1997-02-05,"USA","2015","Collin Peters",130.5,"2015-Collin Peters"
"RW","R",72,175,"Kamloops","WHL",1997-04-14,"CAN","2015","Deven Sideroff",122,"2015-Deven Sideroff"
"D","R",76,191,NA,NA,1996-05-28,"USA","2015","Tristen Pfeifer",157,"2015-Tristen Pfeifer"
"D","L",73,176,"SHEFFIELD","ENGLAND",1995-07-08,"USA","2015","Brien Diffley",137.5,"2015-Brien Diffley"
"D","R",74,207,NA,NA,1997-02-13,"CAN","2015","Justin Lemcke",128,"2015-Justin Lemcke"
"C","R",70,200,NA,NA,1997-06-12,"USA","2015","Lucas Michaud",150,"2015-Lucas Michaud"
"LW","L",75,200,NA,NA,1997-07-16,"CAN","2015","Trent Fox",141,"2015-Trent Fox"
"C","L",72,205,NA,NA,1996-09-24,"CAN","2015","Brandon Lindberg",146.5,"2015-Brandon Lindberg"
"C","L",70,166,"COLORADO","AHL",1997-05-21,"CAN","2015","Alex Barre Boulet",141,"2015-Alex Barre Boulet"
"D","L",73,203,"BANSKA BYSTRICA","SLOVAKIA",1997-05-22,"CAN","2015","Olivier Galipeau",100.5,"2015-Olivier Galipeau"
"D","L",72,213,NA,NA,1997-03-24,"USA","2015","Keoni Texeira",143,"2015-Keoni Texeira"
"RW","R",72,196,"Lethbridge","WHL",1997-02-03,"CAN","2015","Giorgio Estephan",144,"2015-Giorgio Estephan"
"D","L",74,188,"Prince George","WHL",1997-03-21,"CAN","2015","Tate Olson",126,"2015-Tate Olson"
"C","L",75,193,NA,NA,1997-04-11,"CAN","2015","Hayden McCool",132,"2015-Hayden McCool"
"D","R",70,186,"Boston College","H-EAST",1997-02-25,"USA","2015","Casey Fitzgerald",125,"2015-Casey Fitzgerald"
"LW","L",76,192,"Noble & Greenough","HIGH-MA",1997-02-11,"USA","2015","Luke Stevens",176,"2015-Luke Stevens"
"RW","R",70,208,NA,NA,1997-01-17,"RUS","2015","Artem Artemov",154.5,"2015-Artem Artemov"
"RW","R",74,194,"PREROV","CZECHIA-2",1994-02-07,"CZE","2015","Jiri Fronk",118,"2015-Jiri Fronk"
"C","L",69,166,NA,NA,1997-04-08,"USA","2015","Jackson Keane",156.5,"2015-Jackson Keane"
"C","L",79,211,"Des Moines","USHL",1997-03-23,"RUS","2015","Nikita Pavlychev",121.5,"2015-Nikita Pavlychev"
"C","R",74,211,NA,NA,1997-05-13,"USA","2015","Cameron Askew",116.5,"2015-Cameron Askew"
"D","L",72,177,"Boston College H.S.","HIGH-MA",1997-02-11,"USA","2015","Ryan Shea",163.5,"2015-Ryan Shea"
"LW","L",76,209,NA,NA,1997-07-20,"USA","2015","Connor Moynihan",149,"2015-Connor Moynihan"
"D","R",77,207,NA,NA,1997-01-25,"CAN","2015","Philippe Myers",156,"2015-Philippe Myers"
"D","L",74,194,NA,NA,1997-08-19,"USA","2015","Lukas Jaycox",145,"2015-Lukas Jaycox"
"RW","R",72,194,NA,NA,1997-04-18,"USA","2015","Evan Weinger",161,"2015-Evan Weinger"
"D","R",72,183,NA,NA,1997-03-14,"CAN","2015","Kevin Davis",150,"2015-Kevin Davis"
"C","R",76,198,"Mahtomedi","HIGH-MN",1997-06-24,"USA","2015","Jack Becker",165,"2015-Jack Becker"
"RW","R",78,214,"Sudbury","OHL",1996-03-21,"CAN","2015","Matt Schmalz",167,"2015-Matt Schmalz"
"C","R",69,165,NA,NA,1997-04-08,"CAN","2015","Adam Laishram",177,"2015-Adam Laishram"
"LW","L",72,188,NA,NA,1997-03-22,"CAN","2015","Grayson Pawlenchuk",131,"2015-Grayson Pawlenchuk"
"D","L",74,181,NA,NA,1997-08-18,"USA","2015","Brendan Demler",184.5,"2015-Brendan Demler"
"D","L",75,210,NA,NA,1997-01-13,"USA","2015","Nick Azar",170,"2015-Nick Azar"
"D","R",72,194,"STORHAMAR","NORWAY",1997-05-15,"CAN","2015","Joe Gatenby",154,"2015-Joe Gatenby"
"D","R",76,200,NA,NA,1997-05-25,"CAN","2015","Tyler MacArthur",155,"2015-Tyler MacArthur"
"C","L",70,177,"Regina","WHL",1996-05-06,"CAN","2015","Adam Brooks",176,"2015-Adam Brooks"
"C","R",71,183,"TUCSON","AHL",1997-01-21,"CAN","2015","Cameron Hebig",177,"2015-Cameron Hebig"
"C","R",71,181,"KARLSKOGA","SWEDEN-2",1996-09-22,"SWE","2015","Gustaf Franzen",164.5,"2015-Gustaf Franzen"
"C","L",73,202,"Rouyn-Noranda","QMJHL",1997-04-30,"CAN","2015","Gabriel Fontaine",154.5,"2015-Gabriel Fontaine"
"D","L",79,218,NA,NA,1996-02-19,"CAN","2015","Jack Van Boekel",153,"2015-Jack Van Boekel"
"D","L",76,193,NA,NA,1996-11-27,"CAN","2015","Ethan Spaxman",178,"2015-Ethan Spaxman"
"D","R",72,204,NA,NA,1997-02-03,"USA","2015","Mckay Flanagan",175,"2015-Mckay Flanagan"
"D","L",74,215,NA,NA,1997-05-03,"CAN","2015","Kade Jensen",174,"2015-Kade Jensen"
"LW","L",74,203,NA,NA,1997-02-05,"CAN","2015","Michael Davies",185,"2015-Michael Davies"
"LW","L",72,180,NA,NA,1996-08-29,"USA","2015","Jack Poehling",186,"2015-Jack Poehling"
"D","L",74,182,NA,NA,1997-04-26,"CAN","2015","Jason Bell",191.5,"2015-Jason Bell"
"D","L",73,201,"GHERDEINA","AUSTRIA-2",1997-02-22,"CAN","2015","Carmine Buono",188,"2015-Carmine Buono"
"D","L",73,203,NA,NA,1996-09-20,"CAN","2015","Michael Zipp",189,"2015-Michael Zipp"
"D","R",74,197,"RPI","ECAC",1997-07-23,"CAN","2015","William Reilly",190,"2015-William Reilly"
"C","L",70,173,NA,NA,1996-08-29,"USA","2015","Nicklaus Poehling",191,"2015-Nicklaus Poehling"
"C","L",74,180,NA,NA,1996-11-14,"CAN","2015","Antoine Marcoux",154,"2015-Antoine Marcoux"
"C","R",71,167,"ZELL AM SEE","AUSTRIA-2",1997-01-28,"CAN","2015","Ethan Szypula",145,"2015-Ethan Szypula"
"C","L",72,163,"TEXAS","AHL",1996-10-09,"CAN","2015","Cameron Hughes",189.5,"2015-Cameron Hughes"
"LW","L",74,226,"LJUBLJANA","AUSTRIA",1996-02-19,"CAN","2015","Evan Polei",197,"2015-Evan Polei"
"LW","L",69,156,"Merrimack","H-EAST",1996-02-28,"CAN","2015","Brett Seney",169.5,"2015-Brett Seney"
"RW","R",67,154,NA,NA,1997-02-18,"CAN","2015","Liam Finlay",194,"2015-Liam Finlay"
"LW","L",72,200,NA,NA,1997-02-04,"CAN","2015","Adam Berg",200,"2015-Adam Berg"
"D","R",80,235,NA,NA,1996-10-13,NA,"2015","Jarett Meyer",201,"2015-Jarett Meyer"
"D","L",72,195,"Sioux City","USHL",1997-07-01,"USA","2015","Ryan Zuhlsdorf",193.5,"2015-Ryan Zuhlsdorf"
"D","L",74,180,NA,NA,1996-02-29,"CAN","2015","James Vermeulen",203,"2015-James Vermeulen"
"D","L",70,175,NA,NA,1997-02-26,"USA","2015","Liam Darcy",180,"2015-Liam Darcy"
"D","R",75,216,"DAVOS","SWISS",1995-10-31,"CHE","2015","Michael Fora",159.5,"2015-Michael Fora"
"RW","R",74,201,NA,NA,1997-04-04,"CAN","2015","Jordan Fournier",159,"2015-Jordan Fournier"
"RW","L",73,187,NA,NA,1997-03-01,"BLR","2015","Dmitri Buinitsky",154.5,"2015-Dmitri Buinitsky"
"D","R",71,190,"KANSAS CITY","ECHL",1997-03-21,"CAN","2015","Marcus Crawford",201,"2015-Marcus Crawford"
"D","R",75,185,NA,NA,1996-12-18,"USA","2015","Jack McNeely",192.5,"2015-Jack McNeely"
"D","R",78,207,"Providence","H-EAST",1996-05-29,"CAN","2015","Vincent Desharnais",208.5,"2015-Vincent Desharnais"
"D","R",79,206,"North Bay","OHL",1997-07-16,"CAN","2015","Riley Bruce",210,"2015-Riley Bruce"
"RW","R",72,177,NA,NA,1996-10-15,"CAN","2015","Zachary Zborosky",97,"2015-Zachary Zborosky"
"LW","L",72,189,NA,NA,1997-01-20,"CAN","2015","Jared Bethune",101,"2015-Jared Bethune"
"D","R",72,201,NA,NA,1997-08-01,"CAN","2015","Bradley Lalonde",118,"2015-Bradley Lalonde"
"D","L",74,187,"Bloomington","USHL",1997-04-14,"CAN","2015","Wyatt Kalynuk",131,"2015-Wyatt Kalynuk"
"D","L",75,210,NA,NA,1997-02-05,"USA","2015","Jacob Olson",157,"2015-Jacob Olson"
"C","R",69,185,NA,NA,1996-09-25,"CAN","2015","David Miller",158,"2015-David Miller"
"LW","L",71,192,"NORFOLK","ECHL",1997-02-17,"USA","2015","Kevin Conley",165,"2015-Kevin Conley"
"C","L",72,174,NA,NA,1997-08-08,"CAN","2015","Ty Comrie",169,"2015-Ty Comrie"
"RW","R",75,210,NA,NA,1997-02-12,"USA","2015","Jacob Henderson",174,"2015-Jacob Henderson"
"LW","L",75,204,NA,NA,1997-06-23,"USA","2015","Gage Mackie",178,"2015-Gage Mackie"
"RW","L",66,175,"Owen Sound","OHL",1997-07-16,"FIN","2015","Petrus Palmu",180,"2015-Petrus Palmu"
"C","L",72,185,NA,NA,1997-01-15,"USA","2015","Alex Overhardt",184,"2015-Alex Overhardt"
"C","R",72,163,"NORFOLK","ECHL",1997-05-25,"CAN","2015","David Jankowski",188,"2015-David Jankowski"
"LW","L",72,197,NA,NA,1997-05-04,"USA","2015","Sam Miletic",192,"2015-Sam Miletic"
"D","L",70,182,"BELFAST","ENGLAND",1997-08-21,"CAN","2015","Garrett McFadden",193,"2015-Garrett McFadden"
"D","R",72,220,"RUNGSTED","DENMARK",1997-03-11,"CAN","2015","Andrew Peski",200,"2015-Andrew Peski"
"D","L",72,190,"U. of Connecticut","H-EAST",1997-02-17,"USA","2015","Joseph Masonius",201,"2015-Joseph Masonius"
"D","R",74,190,NA,NA,1996-06-17,"CAN","2015","Callum Fryer",202,"2015-Callum Fryer"
"D","L",74,220,NA,NA,1997-05-25,"USA","2015","Christian Evers",204,"2015-Christian Evers"
"LW","L",76,216,NA,NA,1997-01-14,"USA","2015","William Somers",206,"2015-William Somers"
"D","L",77,207,"FREIBURG","GERMANY-2",1996-08-25,"DEU","2015","David Trinkberger",207,"2015-David Trinkberger"
"D","R",70,183,"BELFAST","ENGLAND",1996-12-20,"CAN","2015","Gabe Bast",209,"2015-Gabe Bast"
"D","L",71,165,NA,NA,1996-10-20,"CHE","2015","Daniel Gysi",210,"2015-Daniel Gysi"
"D","L",75,204,NA,NA,1997-05-17,"CAN","2015","Connor Schlichting",NA,"2015-Connor Schlichting"
"LW","L",74,205,"Cape Breton","QMJHL",1998-06-24,"CAN","2016","Pierre-Luc Dubois",4,"2016-Pierre-Luc Dubois"
"LW","L",74,202,"London","OHL",1997-12-11,"USA","2016","Matthew Tkachuk",1.5,"2016-Matthew Tkachuk"
"LW","R",73,198,"Mississauga","OHL",1998-03-02,"CAN","2016","Alexander Nylander",3,"2016-Alexander Nylander"
"D","L",74,202,"Sarnia","OHL",1998-03-31,"USA","2016","Jakob Chychrun",3,"2016-Jakob Chychrun"
"D","L",74,194,"London","OHL",1998-05-05,"FIN","2016","Olli Juolevi",5,"2016-Olli Juolevi"
"D","R",72,199,"Boston University","H-EAST",1997-12-21,"USA","2016","Charles McAvoy",7.5,"2016-Charles McAvoy"
"D","L",75,210,"Windsor","OHL",1998-06-25,"RUS","2016","Mikhail Sergachev",9,"2016-Mikhail Sergachev"
"C","L",70,170,"USA U-18","USHL",1998-07-29,"USA","2016","Clayton Keller",8.5,"2016-Clayton Keller"
"LW","L",72,197,"USA U-18","USHL",1998-06-10,"USA","2016","Kieffer Bellows",11,"2016-Kieffer Bellows"
"C","R",72,193,"U. of Wisconsin","BIG10",1997-12-04,"USA","2016","Luke Kunin",13.5,"2016-Luke Kunin"
"RW","R",75,231,"Val d'Or","QMJHL",1997-10-15,"CAN","2016","Julien Gauthier",8,"2016-Julien Gauthier"
"C","R",74,185,"Mississauga","OHL",1998-02-03,"CAN","2016","Michael McLeod",9.5,"2016-Michael McLeod"
"C","L",74,178,"JYP","FINLAND",1998-05-21,"FIN","2016","Otto Makinen",13,"2016-Otto Makinen"
"LW","L",74,203,"London","OHL",1998-02-17,"USA","2016","Max Jones",12.5,"2016-Max Jones"
"D","L",73,166,"Calgary","WHL",1998-06-09,"CAN","2016","Jake Bean",14,"2016-Jake Bean"
"C","L",71,190,"Penticton","BCHL",1998-03-14,"CAN","2016","Tyson Jost",15.5,"2016-Tyson Jost"
"LW","L",77,211,"Blaine","HIGH-MN",1998-04-10,"USA","2016","Riley Tufte",17,"2016-Riley Tufte"
"D","R",72,192,"Penticton","BCHL",1998-06-20,"CAN","2016","Dante Fabbro",18,"2016-Dante Fabbro"
"D","L",80,235,"Windsor","OHL",1998-05-26,"CAN","2016","Logan Stanley",21,"2016-Logan Stanley"
"C","R",78,195,"U. of Connecticut","H-EAST",1997-10-30,"USA","2016","Tage Thompson",22,"2016-Tage Thompson"
"RW","R",67,165,"Erie","OHL",1997-12-18,"USA","2016","Alexander Debrincat",20.5,"2016-Alexander Debrincat"
"C","L",74,198,"Moose Jaw","WHL",1998-03-29,"CAN","2016","Brett Howden",24.5,"2016-Brett Howden"
"D","L",73,193,"Chilliwack","BCHL",1998-02-15,"CAN","2016","Dennis Cholowski",35.5,"2016-Dennis Cholowski"
"LW","L",72,193,"Vancouver","WHL",1998-03-15,"CAN","2016","Tyler Benson",22.5,"2016-Tyler Benson"
"LW","L",73,190,"Sault Ste. Marie","OHL",1998-06-18,"CAN","2016","Boris Katchouk",28.5,"2016-Boris Katchouk"
"D","L",74,185,"Kelowna","WHL",1997-11-16,"CAN","2016","Lucas Johansen",32,"2016-Lucas Johansen"
"D","L",72,177,"Brandon","WHL",1998-06-05,"CAN","2016","Kale Clague",24.5,"2016-Kale Clague"
"RW","R",73,190,"Victoriaville","QMJHL",1998-04-09,"CAN","2016","Pascal Laberge",29.5,"2016-Pascal Laberge"
"RW","L",69,185,"Gatineau","QMJHL",1998-05-08,"RUS","2016","Vitaly Abramov",42.5,"2016-Vitaly Abramov"
"C","L",71,180,"Regina","WHL",1998-02-03,"CAN","2016","Sam Steel",29.5,"2016-Sam Steel"
"D","L",75,210,"Saskatoon","WHL",1998-02-04,"CZE","2016","Libor Hajek",28.5,"2016-Libor Hajek"
"D","R",73,185,"Chicoutimi","QMJHL",1997-12-27,"CAN","2016","Frederic Allard",34,"2016-Frederic Allard"
"LW","L",74,200,"Sault Ste. Marie","OHL",1998-03-05,"USA","2016","Jack Kopacka",33,"2016-Jack Kopacka"
"RW","R",72,177,"Sarnia","OHL",1998-05-05,"CAN","2016","Jordan Kyrou",39.5,"2016-Jordan Kyrou"
"RW","R",75,206,"Mississauga","OHL",1997-12-06,"CAN","2016","Nathan Bastian",27,"2016-Nathan Bastian"
"RW","R",74,208,"Erie","OHL",1998-02-18,"CAN","2016","Taylor Raddysh",35,"2016-Taylor Raddysh"
"LW","L",78,215,"Sault Ste. Marie","OHL",1998-04-14,"USA","2016","Timothy Gettinger",32.5,"2016-Timothy Gettinger"
"D","L",70,167,"Shawinigan","QMJHL",1998-05-12,"CAN","2016","Samuel Girard",39,"2016-Samuel Girard"
"D","L",71,185,"North Bay","OHL",1998-06-19,"USA","2016","Cam Dineen",78,"2016-Cam Dineen"
"D","R",72,186,"Saint John","QMJHL",1998-01-12,"CAN","2016","Luke Green",38.5,"2016-Luke Green"
"C","L",70,186,"Kelowna","WHL",1998-07-20,"CAN","2016","Dillon Dube",38,"2016-Dillon Dube"
"LW","L",69,197,"Kitchener","OHL",1998-06-06,"CAN","2016","Adam Mascherin",49.5,"2016-Adam Mascherin"
"C","R",70,190,"Flint","OHL",1998-07-10,"CAN","2016","William Bitten",42.5,"2016-William Bitten"
"D","L",73,183,"Swift Current","WHL",1997-11-05,"CAN","2016","Maxime Lajoie",42.5,"2016-Maxime Lajoie"
"C","L",72,186,"Moose Jaw","WHL",1998-07-28,"CAN","2016","Noah Gregor",60,"2016-Noah Gregor"
"LW","L",74,209,"Youngstown","USHL",1998-08-27,"CAN","2016","Cameron Morrison",52.5,"2016-Cameron Morrison"
"C","L",74,204,"USA U-18","USHL",1998-02-11,"USA","2016","Trent Frederic",43,"2016-Trent Frederic"
"LW","L",71,185,"BRNO","CZECHIA",1997-12-21,"CZE","2016","Simon Stransky",36.5,"2016-Simon Stransky"
"D","L",72,203,"USA U-18","USHL",1998-02-11,"USA","2016","Ryan Lindgren",50,"2016-Ryan Lindgren"
"D","L",71,176,"BERN","SWISS",1998-02-22,"KAZ","2016","Alexander Yakovenko",47,"2016-Alexander Yakovenko"
"D","R",71,181,"USA U-18","USHL",1998-02-17,"USA","2016","Adam Fox",58.5,"2016-Adam Fox"
"LW","L",73,198,"Cedar Rapids","USHL",1997-12-31,"USA","2016","Matt Filipe",57.5,"2016-Matt Filipe"
"D","L",77,198,"Saginaw","OHL",1998-06-08,"FIN","2016","Markus Niemelainen",49,"2016-Markus Niemelainen"
"D","L",71,185,"USA U-18","USHL",1998-04-10,"USA","2016","Chad Krys",41.5,"2016-Chad Krys"
"RW","L",74,218,"Guelph","OHL",1998-02-28,"CAN","2016","Givani Smith",58.5,"2016-Givani Smith"
"LW","L",74,206,"SHANGHAI DRAGONS","RUSSIA",1998-02-18,"RUS","2016","Vladimir Kuznetsov",49.5,"2016-Vladimir Kuznetsov"
"RW","R",71,202,"USA U-18","USHL",1998-06-19,"USA","2016","Joseph Anderson",54,"2016-Joseph Anderson"
"D","R",74,196,"Green Bay","USHL",1998-03-17,"USA","2016","Andrew Peeke",53.5,"2016-Andrew Peeke"
"D","L",73,188,"IOWA","AHL",1998-03-25,"USA","2016","Benjamin Gleason",55.5,"2016-Benjamin Gleason"
"D","L",75,218,"Mississauga","OHL",1998-01-09,"BEL","2016","Sean Day",51,"2016-Sean Day"
"C","L",76,197,"Grand Rapids","HIGH-MN",1998-01-02,"USA","2016","Mitchell Mattson",55,"2016-Mitchell Mattson"
"RW","R",74,204,"Tri-City","USHL",1997-10-14,"CAN","2016","Wade Allison",127,"2016-Wade Allison"
"LW","L",71,174,"GLASGOW","ENGLAND",1997-01-01,"CAN","2016","Brayden Burke",65.5,"2016-Brayden Burke"
"LW","L",74,193,"Calgary","WHL",1997-11-24,"CAN","2016","Carsen Twarynski",79.5,"2016-Carsen Twarynski"
"C","L",74,185,"Calgary","WHL",1997-09-18,"CAN","2016","Jordan Stallard",74.5,"2016-Jordan Stallard"
"D","L",73,189,"Oshawa","OHL",1998-03-09,"CAN","2016","Riley Stillman",77,"2016-Riley Stillman"
"C","R",72,179,"U. of Denver","NCHC",1996-08-26,"USA","2016","Dylan Gambrell",108,"2016-Dylan Gambrell"
"C","L",77,198,"Spokane","WHL",1997-10-12,"CAN","2016","Hudson Elynuik",95,"2016-Hudson Elynuik"
"LW","L",74,200,"Flint","OHL",1998-09-07,"CAN","2016","Nicholas Caamano",108.5,"2016-Nicholas Caamano"
"RW","L",71,194,"YUNOST MINSK","BELARUS",1998-01-22,"RUS","2016","Ivan Kosorenkov",49,"2016-Ivan Kosorenkov"
"D","L",75,223,"DUNDEE","ENGLAND",1998-03-10,"USA","2016","Griffin Luce",62,"2016-Griffin Luce"
"D","L",78,236,"Saginaw","OHL",1998-02-10,"CAN","2016","Keaton Middleton",63,"2016-Keaton Middleton"
"C","L",73,199,"Calgary","WHL",1998-02-04,"CAN","2016","Beck Malenstyn",98.5,"2016-Beck Malenstyn"
"D","L",69,185,"London","OHL",1998-06-07,"CAN","2016","Victor Mete",66,"2016-Victor Mete"
"RW","R",74,191,"London","OHL",1998-06-03,"CAN","2016","Cliff Pu",79,"2016-Cliff Pu"
"D","R",75,193,NA,NA,1998-01-22,"CAN","2016","Gabriel Sylvestre",75,"2016-Gabriel Sylvestre"
"LW","L",72,189,"Chicago","USHL",1997-10-29,"USA","2016","Max Zimmer",71.5,"2016-Max Zimmer"
"C","L",74,191,"Halifax","QMJHL",1998-01-12,"FIN","2016","Otto Somppi",62.5,"2016-Otto Somppi"
"C","L",73,205,"Brandon","WHL",1998-01-28,"CAN","2016","Tanner Kaspick",77.5,"2016-Tanner Kaspick"
"C","R",75,214,NA,NA,1998-03-14,"CAN","2016","Jeffrey De Wit",89,"2016-Jeffrey De Wit"
"C","R",67,141,"Victoria","WHL",1998-04-06,"CAN","2016","Matthew Phillips",81,"2016-Matthew Phillips"
"LW","L",72,196,"Calgary","WHL",1997-03-06,"CAN","2016","Jakob Stukel",97.5,"2016-Jakob Stukel"
"LW","L",77,235,"Carleton Place","CCHL",1998-07-20,"CAN","2016","Brett Murray",78,"2016-Brett Murray"
"C","L",71,180,"Sarnia","OHL",1998-03-05,"CAN","2016","Anthony Salinitri",105,"2016-Anthony Salinitri"
"D","L",72,188,"Hamilton","OHL",1998-02-13,"CAN","2016","Cole Candella",75,"2016-Cole Candella"
"D","L",74,205,"Georgetown","OJHL",1998-04-27,"CAN","2016","Matthew Cairns",89.5,"2016-Matthew Cairns"
"C","L",74,218,"Kitchener","OHL",1998-04-16,"CAN","2016","Connor Bunnaman",84,"2016-Connor Bunnaman"
"RW","R",68,171,"Vancouver","WHL",1997-10-20,"CAN","2016","Ty Ronning",85,"2016-Ty Ronning"
"C","L",72,190,"Cedar Rapids","USHL",1996-09-11,"USA","2016","Ross Colton",89,"2016-Ross Colton"
"D","L",73,209,"Prince Albert","WHL",1998-01-29,"CZE","2016","Vojtech Budik",75.5,"2016-Vojtech Budik"
"D","L",79,224,"Ottawa","OHL",1996-12-18,"BLR","2016","Stepan Falkovsky",85,"2016-Stepan Falkovsky"
"RW","L",72,198,"Tri-City","USHL",1997-05-22,"USA","2016","Brandon Duhaime",92,"2016-Brandon Duhaime"
"C","L",69,196,"Muskegon","USHL",1997-04-02,"CAN","2016","Rem Pitlick",117,"2016-Rem Pitlick"
"LW","L",73,193,"Ottawa","OHL",1998-08-17,"CAN","2016","Travis Barron",77,"2016-Travis Barron"
"LW","L",69,174,"Tri-City","USHL",1998-04-19,"SWE","2016","Linus Weissbach",104.5,"2016-Linus Weissbach"
"C","R",72,173,"Peterborough","OHL",1998-01-31,"CAN","2016","Jonathan Ang",116,"2016-Jonathan Ang"
"D","R",74,194,"Erie","OHL",1998-04-11,"CAN","2016","Jordan Sambrook",93,"2016-Jordan Sambrook"
"C","L",74,199,NA,NA,1997-08-13,"CAN","2016","Brogan O'Brien",95.5,"2016-Brogan O'Brien"
"C","L",71,185,"Shawinigan","QMJHL",1997-11-07,"CAN","2016","Brandon Gignac",115,"2016-Brandon Gignac"
"D","L",77,226,"PLZEN","CZECHIA",1997-12-11,"LVA","2016","Kristians Rubins",96.5,"2016-Kristians Rubins"
"C","R",72,190,"Lincoln","USHL",1997-06-01,"USA","2016","Tanner Laczynski",100,"2016-Tanner Laczynski"
"D","L",75,202,"Kitchener","OHL",1998-02-21,"CAN","2016","Connor Hall",100,"2016-Connor Hall"
"D","L",76,211,"C. BUDEJOVICE","CZECHIA",1998-04-30,"CZE","2016","Ondrej Kachyna",137,"2016-Ondrej Kachyna"
"D","L",76,213,"C. BUDEJOVICE","CZECHIA",1998-04-13,"CZE","2016","Ondrej Vala",86,"2016-Ondrej Vala"
"LW","L",70,187,"HERNING","DENMARK",1998-03-10,"CAN","2016","Kyle Maksimovich",107,"2016-Kyle Maksimovich"
"LW","L",73,169,"Red Deer","WHL",1998-08-27,"CAN","2016","Brandon Hagel",109,"2016-Brandon Hagel"
"RW","R",76,194,"CALGARY","AHL",1997-07-11,"RUS","2016","Daniil Miromanov",103.5,"2016-Daniil Miromanov"
"RW","L",69,172,"TYUMEN","RUSSIA-2",1997-02-05,"RUS","2016","Yegor Babenko",91.5,"2016-Yegor Babenko"
"D","R",74,214,NA,NA,1998-01-12,"CAN","2016","Jacob Neveu",89.5,"2016-Jacob Neveu"
"RW","R",72,171,"USA U-18","USHL",1998-06-20,"USA","2016","William Lockwood",88.5,"2016-William Lockwood"
"C","R",72,185,"Kamloops","WHL",1998-04-13,"CAN","2016","Garrett Pilon",148,"2016-Garrett Pilon"
"LW","L",72,173,"USA U-18","USHL",1998-07-24,"USA","2016","Graham McPhee",101,"2016-Graham McPhee"
"C","R",72,184,NA,NA,1998-02-19,"CAN","2016","Domenico Commisso",117,"2016-Domenico Commisso"
"LW","L",72,202,"USA U-18","USHL",1998-01-21,"USA","2016","Nick Pastujov",106,"2016-Nick Pastujov"
"RW","R",72,181,"JACKSONVILLE","ECHL",1997-11-27,"CAN","2016","Patrick Bajkov",92,"2016-Patrick Bajkov"
"D","R",70,181,"Waterloo","USHL",1998-03-19,"USA","2016","Jake Ryczek",115,"2016-Jake Ryczek"
"D","L",70,190,NA,NA,1997-11-24,"CAN","2016","Brinson Pasichnuk",131,"2016-Brinson Pasichnuk"
"C","L",72,185,"KALMAR","SWEDEN-2",1997-12-12,"FRA","2016","Gustaf Westlund",130,"2016-Gustaf Westlund"
"D","L",75,227,"GREENSBORO","ECHL",1998-05-28,"USA","2016","Kenneth Johnson",107,"2016-Kenneth Johnson"
"C","L",80,225,NA,NA,1998-04-27,"CAN","2016","Keenan Suthers",102.5,"2016-Keenan Suthers"
"C","R",73,187,"MANNHEIM","GERMANY",1998-06-11,"CZE","2016","Kristian Reichel",105.5,"2016-Kristian Reichel"
"LW","L",73,183,NA,NA,1998-03-12,"USA","2016","Mathieu Sevigny",117.5,"2016-Mathieu Sevigny"
"D","L",77,212,"USA U-18","USHL",1998-04-27,"USA","2016","James Greenway",124.5,"2016-James Greenway"
"C","R",71,185,NA,NA,1998-02-23,"USA","2016","Kevin O'Neil",150.5,"2016-Kevin O'Neil"
"D","L",73,189,NA,NA,1998-03-16,"CAN","2016","Marshall Rifai",111,"2016-Marshall Rifai"
"LW","L",72,200,NA,NA,1998-08-07,"USA","2016","Jamie Armstrong",128.5,"2016-Jamie Armstrong"
"C","L",69,177,NA,NA,1997-10-17,"CAN","2016","Hayden Verbeek",144.5,"2016-Hayden Verbeek"
"D","R",72,185,"Quinnipiac","ECAC",1996-03-19,"USA","2016","Chase Priskie",154.5,"2016-Chase Priskie"
"C","R",73,197,NA,NA,1997-11-25,"USA","2016","Michael Graham",106.5,"2016-Michael Graham"
"LW","L",72,209,"Sudbury","OHL",1998-04-14,"RUS","2016","Dmitry Sokolov",110,"2016-Dmitry Sokolov"
"C","R",74,206,"Niagara","OHL",1998-03-27,"CAN","2016","Christopher Paquette",108.5,"2016-Christopher Paquette"
"D","R",74,200,"Portage","MJHL",1998-06-12,"CAN","2016","Dean Stewart",128,"2016-Dean Stewart"
"D","R",72,190,NA,NA,1998-02-06,"USA","2016","Mitchell Eliot",110.5,"2016-Mitchell Eliot"
"D","R",74,211,NA,NA,1998-06-04,"CAN","2016","Gabriel Bilodeau",144.5,"2016-Gabriel Bilodeau"
"LW","L",71,185,"GKS TYCHY","POLAND",1998-02-17,"POL","2016","Alan Lyszczarczyk",126.5,"2016-Alan Lyszczarczyk"
"D","L",76,206,"Mississauga","OHL",1998-04-30,"USA","2016","Austin Osmanski",144,"2016-Austin Osmanski"
"D","R",77,225,"London","OHL",1998-03-05,"CAN","2016","Nicolas Mattinen",119.5,"2016-Nicolas Mattinen"
"D","L",72,195,NA,NA,1998-08-22,"CAN","2016","Justin Murray",154,"2016-Justin Murray"
"C","L",73,194,"ROGLE","SWEDEN",1997-11-17,"CAN","2016","Josh Dickinson",165.5,"2016-Josh Dickinson"
"D","L",73,183,"Guelph","OHL",1997-12-02,"CAN","2016","Noah Carroll",109.5,"2016-Noah Carroll"
"D","L",74,187,"DJURGARDEN","SWEDEN",1998-01-15,"CAN","2016","Colby Sissons",140,"2016-Colby Sissons"
"D","L",70,175,NA,NA,1998-07-29,"USA","2016","Luke McInnis",129.5,"2016-Luke McInnis"
"LW","R",69,172,"FEHERVAR","AUSTRIA",1998-04-04,"USA","2016","Maxwell Gerlach",110,"2016-Maxwell Gerlach"
"C","L",67,150,"Avon Old Farms H.S.","HIGH-CT",1998-07-29,"USA","2016","Patrick Harper",144.5,"2016-Patrick Harper"
"D","R",68,190,"Medicine Hat","WHL",1998-03-13,"CAN","2016","David Quenneville",172.5,"2016-David Quenneville"
"RW","R",70,182,"SAIPA","FINLAND",1997-12-15,"CAN","2016","Maxime Fortier",145,"2016-Maxime Fortier"
"C","L",74,198,NA,NA,1998-02-25,"USA","2016","James Sanchez",140.5,"2016-James Sanchez"
"C","L",72,175,"FLORIDA","ECHL",1997-09-17,"CAN","2016","Kyle Betts",152,"2016-Kyle Betts"
"C","L",74,194,"Hamilton","OHL",1998-06-14,"CAN","2016","Brandon Saigeon",154,"2016-Brandon Saigeon"
"RW","R",75,228,NA,NA,1998-01-22,"USA","2016","William Knierim",139.5,"2016-William Knierim"
"RW","R",74,187,"CARDIFF","ENGLAND",1998-02-01,"CAN","2016","Kohen Olischefski",141,"2016-Kohen Olischefski"
"LW","L",74,198,NA,NA,1997-12-29,"USA","2016","Christopher (CJ) Dodero",140.5,"2016-Christopher (CJ) Dodero"
"C","R",72,200,NA,NA,1997-11-07,"CAN","2016","William Bower",155.5,"2016-William Bower"
"D","R",71,197,NA,NA,1998-01-15,"USA","2016","Adam Karashik",158,"2016-Adam Karashik"
"D","R",74,197,NA,NA,1998-02-19,"CAN","2016","Dylan Coghlan",166,"2016-Dylan Coghlan"
"D","R",76,205,NA,NA,1997-05-08,"USA","2016","Erich Fear",157,"2016-Erich Fear"
"D","L",72,186,"Hill-Murray H.S.","HIGH-MN",1998-01-08,"USA","2016","Casey Staum",159,"2016-Casey Staum"
"LW","L",74,215,NA,NA,1998-05-04,"USA","2016","Gregory Printz",143.5,"2016-Gregory Printz"
"D","L",69,172,"Minnesota-Duluth","NCHC",1998-08-18,"USA","2016","Scott Perunovich",135,"2016-Scott Perunovich"
"RW","R",74,207,"MANITOBA","AHL",1997-11-23,"USA","2016","Walker Duehr",162,"2016-Walker Duehr"
"C","L",71,195,NA,NA,1997-03-15,"CAN","2016","James McEwan",182.5,"2016-James McEwan"
"C","R",74,198,"PREROV","CZECHIA-2",1997-02-15,"CZE","2016","Tomas Soustal",158,"2016-Tomas Soustal"
"RW","R",74,185,NA,NA,1997-10-01,"USA","2016","Vito Bavaro",165,"2016-Vito Bavaro"
"RW","R",72,200,NA,NA,1998-08-02,"USA","2016","Zachary Walker",164.5,"2016-Zachary Walker"
"LW","L",71,193,"COLORADO","AHL",1998-08-05,"CAN","2016","Tye Felhaber",153,"2016-Tye Felhaber"
"LW","L",74,207,NA,NA,1998-09-09,"CAN","2016","Luke Coleman",159,"2016-Luke Coleman"
"RW","R",76,203,NA,NA,1998-07-03,"USA","2016","Jackson MacNab",169,"2016-Jackson MacNab"
"D","R",72,182,NA,NA,1998-01-22,"CAN","2016","Owen Grant",154,"2016-Owen Grant"
"D","L",75,201,"CALGARY","AHL",1997-07-09,"CAN","2016","Turner Ottenbreit",171.5,"2016-Turner Ottenbreit"
"D","R",71,179,NA,NA,1998-04-21,"USA","2016","Brian Matthews",191.5,"2016-Brian Matthews"
"LW","L",73,200,NA,NA,1997-07-20,"CAN","2016","Jordan Topping",176,"2016-Jordan Topping"
"C","R",72,170,NA,NA,1997-09-24,"CAN","2016","Colin Grannary",182,"2016-Colin Grannary"
"RW","R",78,225,NA,NA,1998-02-02,"CAN","2016","Justin Brazeau",193,"2016-Justin Brazeau"
"RW","R",75,213,"FORT WAYNE","ECHL",1996-11-12,"USA","2016","Zachary Jordan",180,"2016-Zachary Jordan"
"LW","L",72,202,NA,NA,1997-01-28,"CAN","2016","Jeffrey Truchon Viel",181,"2016-Jeffrey Truchon Viel"
"RW","R",74,216,"DUSSELDORF","GERMANY-2",1995-08-18,"JPN","2016","Yushiroh Hirano",184,"2016-Yushiroh Hirano"
"RW","R",74,178,"Fairbanks","NAHL",1996-04-03,"USA","2016","Todd Burgess",194,"2016-Todd Burgess"
"D","R",76,202,NA,NA,1998-02-07,"CAN","2016","Tyler Nother",186,"2016-Tyler Nother"
"D","R",74,207,"Culver Academy","HIGH-IN",1998-05-08,"USA","2016","Nathan Clurman",187,"2016-Nathan Clurman"
"D","L",77,200,"Portland","WHL",1998-03-23,"CAN","2016","Brendan De Jong",184.5,"2016-Brendan De Jong"
"D","L",78,226,NA,NA,1998-03-11,"FIN","2016","Oliver Felixson",165.5,"2016-Oliver Felixson"
"D","L",74,196,NA,NA,1998-01-21,"CAN","2016","Michael Campoli",150,"2016-Michael Campoli"
"C","R",72,190,NA,NA,1997-11-18,"USA","2016","Robert Hampton",181.5,"2016-Robert Hampton"
"C","L",70,174,"Gatineau","QMJHL",1997-04-13,"CAN","2016","Alex Dostie",192,"2016-Alex Dostie"
"LW","L",72,190,"SHEFFIELD","ENGLAND",1998-03-19,"CAN","2016","Mitchell Balmas",152.5,"2016-Mitchell Balmas"
"C","L",72,193,"Muskegon","USHL",1998-01-26,"FIN","2016","Mikael Hakkarainen",186,"2016-Mikael Hakkarainen"
"D","L",74,197,NA,NA,1998-06-19,"USA","2016","Samuel Rossini",185,"2016-Samuel Rossini"
"C","L",76,216,NA,NA,1998-05-10,"USA","2016","Matt Gosiewski",190,"2016-Matt Gosiewski"
"C","L",73,210,"Sudbury","OHL",1998-03-13,"CAN","2016","Michael Pezzetta",197,"2016-Michael Pezzetta"
"C","R",71,175,NA,NA,1998-03-11,"CAN","2016","Jordan Maher",201,"2016-Jordan Maher"
"C","L",70,182,"Swift Current","WHL",1998-01-07,"CAN","2016","Tyler Steenbergen",199,"2016-Tyler Steenbergen"
"D","L",72,176,NA,NA,1998-02-25,"USA","2016","Rourke Russell",200,"2016-Rourke Russell"
"C","R",70,163,NA,NA,1998-01-11,"USA","2016","Ty Amonte",201,"2016-Ty Amonte"
"D","L",74,203,"FLORIDA","ECHL",1998-04-21,"CAN","2016","Sean Allen",202,"2016-Sean Allen"
"RW","L",74,202,"Victoria","WHL",1997-04-18,"RUS","2016","Vladimir Bobylev",203,"2016-Vladimir Bobylev"
"C","L",73,198,"AIK","SWEDEN-2",1996-06-16,"SWE","2016","Daniel Muzito Bagenda",205,"2016-Daniel Muzito Bagenda"
"C","L",74,211,"Kelowna","WHL",1997-06-27,"CHE","2016","Calvin Thurkauf",206,"2016-Calvin Thurkauf"
"D","R",76,209,NA,NA,1998-02-15,"CZE","2016","Filip Dusek",171,"2016-Filip Dusek"
"C","L",75,190,"Northeastern U.","H-EAST",1996-07-22,"CAN","2016","Nolan Stevens",209,"2016-Nolan Stevens"
"C","R",69,166,"MOUNTFIELD HK","CZECHIA",1997-06-05,"USA","2016","Kevin Klima",203,"2016-Kevin Klima"
"D","L",77,194,NA,NA,1998-02-13,"RUS","2016","Konstantin Chernyuk",104,"2016-Konstantin Chernyuk"
"C","L",76,191,"Portland","WHL",1996-01-05,"LVA","2016","Rodrigo Abols",121,"2016-Rodrigo Abols"
"C","R",72,200,"Sarnia","OHL",1998-08-06,"USA","2016","Drake Rymsha",143,"2016-Drake Rymsha"
"LW","L",72,171,NA,NA,1997-09-21,"CAN","2016","Jack Jeffers",154,"2016-Jack Jeffers"
"C","L",71,187,"SOUTH CAROLINA","ECHL",1998-03-27,"USA","2016","Benjamin Hawerchuk",159,"2016-Benjamin Hawerchuk"
"RW","R",73,185,"Moncton","QMJHL",1996-11-21,"DEU","2016","Manuel Wiederer",161,"2016-Manuel Wiederer"
"C","R",74,198,"SALZBURG","AUSTRIA",1996-08-08,"AUT","2016","Mario Huber",165,"2016-Mario Huber"
"LW","L",74,218,NA,NA,1997-09-23,"USA","2016","Luke Kirwan",166,"2016-Luke Kirwan"
"D","L",76,198,"WICHITA","ECHL",1998-05-08,"USA","2016","Tyler Jette",168,"2016-Tyler Jette"
"C","L",73,178,NA,NA,1998-05-08,"CAN","2016","Miguel Picard",174,"2016-Miguel Picard"
"C","R",71,192,NA,NA,1998-05-21,"CAN","2016","Ty Westgard",176,"2016-Ty Westgard"
"C","L",72,180,"HOCKEY PUNKS","LATVIA",1998-03-25,"CAN","2016","Luke Kutkevicius",180,"2016-Luke Kutkevicius"
"D","L",73,201,"FREDERIKSHAVN","DENMARK",1997-09-30,"DNK","2016","Christian Mieritz",182,"2016-Christian Mieritz"
"D","L",73,168,NA,NA,1997-11-20,"USA","2016","Matt Dillon",185,"2016-Matt Dillon"
"D","R",75,200,"GOMEL","BELARUS",1998-03-27,"RUS","2016","Artem Maltsev",188,"2016-Artem Maltsev"
"C","R",76,190,NA,NA,1997-11-21,"USA","2016","William Jerry",189,"2016-William Jerry"
"C","R",75,207,"SONDERJYSKE","DENMARK",1997-10-09,"CZE","2016","Nicolas Werbik",191,"2016-Nicolas Werbik"
"C","L",74,203,"KAUFBEUREN","GERMANY-2",1998-02-11,"DEU","2016","Maximilian Kislinger",194,"2016-Maximilian Kislinger"
"D","L",72,190,NA,NA,1998-04-07,"CAN","2016","Dawson Davidson",197,"2016-Dawson Davidson"
"LW","L",72,214,NA,NA,1998-01-20,"USA","2016","Liam Murphy",198,"2016-Liam Murphy"
"RW","R",71,209,NA,NA,1998-05-12,"CAN","2016","Zachary Poirier",199,"2016-Zachary Poirier"
"RW","R",73,183,NA,NA,1997-11-26,"USA","2016","Vincent De Mey",200,"2016-Vincent De Mey"
"D","R",75,213,NA,NA,1998-02-13,"USA","2016","Carter Long",205,"2016-Carter Long"
"LW","L",69,190,"NOTTINGHAM","ENGLAND",1998-07-04,"CAN","2016","Nolan Volcan",206,"2016-Nolan Volcan"
"D","L",73,205,NA,NA,1998-04-21,"CAN","2016","Charles-Edouard D'Astous",209,"2016-Charles-Edouard D'Astous"
"D","L",71,204,"COLORADO","AHL",1997-11-22,"USA","2016","Wyatt Aamodt",210,"2016-Wyatt Aamodt"
"D","L",73,184,"Red Deer","WHL",1998-05-05,"CAN","2016","Joshua Mahura",NA,"2016-Joshua Mahura"
"C","R",74,199,"Brandon","WHL",1998-09-19,"CAN","2017","Nolan Patrick",1,"2017-Nolan Patrick"
"C","L",74,179,"Halifax","QMJHL",1999-01-04,"CHE","2017","Nico Hischier",2,"2017-Nico Hischier"
"C","L",72,199,"Eden Prarie","HIGH-MN",1998-11-22,"USA","2017","Casey Mittelstadt",4,"2017-Casey Mittelstadt"
"C","R",75,203,"Windsor","OHL",1999-08-16,"CAN","2017","Gabriel Vilardi",3.5,"2017-Gabriel Vilardi"
"C","L",78,220,"Tri-City","WHL",1999-04-17,"CAN","2017","Michael Rasmussen",5.5,"2017-Michael Rasmussen"
"C","R",74,178,"Portland","WHL",1999-04-01,"CAN","2017","Cody Glass",7,"2017-Cody Glass"
"RW","R",73,215,"Mississauga","OHL",1999-02-16,"CAN","2017","Owen Tippett",5.5,"2017-Owen Tippett"
"RW","L",70,189,"Sioux City","USHL",1999-04-22,"FIN","2017","Eeli Tolvanen",7.5,"2017-Eeli Tolvanen"
"D","R",71,187,"Brooks","AJHL",1998-10-30,"CAN","2017","Cale Makar",9.5,"2017-Cale Makar"
"C","R",71,183,"Owen Sound","OHL",1999-08-10,"CAN","2017","Nick Suzuki",13,"2017-Nick Suzuki"
"D","L",74,211,"Tri-City","WHL",1998-10-06,"FIN","2017","Juuso Valimaki",10,"2017-Juuso Valimaki"
"D","R",76,215,"Kelowna","WHL",1998-12-13,"USA","2017","Callan Foote",12,"2017-Callan Foote"
"C","L",74,177,"St. Cloud State","NCHC",1999-01-03,"USA","2017","Ryan Poehling",13.5,"2017-Ryan Poehling"
"LW","L",74,198,"Kingston","OHL",1999-07-22,"USA","2017","Jason Robertson",24,"2017-Jason Robertson"
"LW","L",78,209,"Guelph","OHL",1999-02-15,"CAN","2017","Isaac Ratcliffe",17.5,"2017-Isaac Ratcliffe"
"C","L",74,178,"Waterloo","USHL",1999-07-30,"CAN","2017","Shane Bowers",14.5,"2017-Shane Bowers"
"RW","R",68,156,"Spokane","WHL",1998-09-29,"USA","2017","Kailer Yamamoto",17,"2017-Kailer Yamamoto"
"D","R",74,184,"Sault Ste. Marie","OHL",1998-09-18,"CAN","2017","Conor Timmins",22,"2017-Conor Timmins"
"D","R",72,188,"Portland","WHL",1999-06-17,"FIN","2017","Henri Jokiharju",20.5,"2017-Henri Jokiharju"
"D","L",78,207,"Mississauga","OHL",1998-12-05,"CAN","2017","Nicolas Hague",15.5,"2017-Nicolas Hague"
"C","L",71,194,"Spokane","WHL",1999-09-12,"CAN","2017","Jaret Anderson-Dolan",30.5,"2017-Jaret Anderson-Dolan"
"C","R",72,191,"London","OHL",1999-07-02,"CAN","2017","Robert Thomas",25,"2017-Robert Thomas"
"RW","R",73,185,"Kelowna","WHL",1998-10-16,"CAN","2017","Kole Lind",22,"2017-Kole Lind"
"C","L",71,190,"SKELLEFTEA","SWEDEN",1999-01-18,"SWE","2017","Rickard Hugg",22.5,"2017-Rickard Hugg"
"LW","L",72,185,"USA U-18","NTDP",1999-02-19,"USA","2017","Grant Mismash",27,"2017-Grant Mismash"
"RW","R",71,187,"Regina","WHL",1999-07-04,"CAN","2017","Nick Henry",25,"2017-Nick Henry"
"C","L",71,154,"Swift Current","WHL",1999-01-09,"FIN","2017","Aleksi Heponiemi",31,"2017-Aleksi Heponiemi"
"D","L",74,163,"Charlottetown","QMJHL",1999-07-01,"CAN","2017","Pierre-Olivier Joseph",34.5,"2017-Pierre-Olivier Joseph"
"LW","L",75,194,"London","OHL",1999-09-13,"CAN","2017","Alex Formenton",26.5,"2017-Alex Formenton"
"LW","L",74,207,"Victoriaville","QMJHL",1999-01-08,"CAN","2017","Maxime Comtois",22.5,"2017-Maxime Comtois"
"C","L",71,180,"Sault Ste. Marie","OHL",1999-05-14,"CAN","2017","Morgan Frost",30,"2017-Morgan Frost"
"D","R",79,228,"Kingston","OHL",1999-03-06,"FIN","2017","Eemeli Rasanen",44.5,"2017-Eemeli Rasanen"
"LW","L",76,219,"Hamilton","OHL",1999-01-06,"CAN","2017","Matthew Strome",26,"2017-Matthew Strome"
"C","L",72,189,"USA U-18","NTDP",1999-05-05,"USA","2017","Joshua Norris",40,"2017-Joshua Norris"
"D","R",71,179,"Spruce Grove","AJHL",1999-01-18,"CAN","2017","Ian Mitchell",40,"2017-Ian Mitchell"
"RW","R",70,185,"Erie","OHL",1999-08-31,"USA","2017","Ivan Lodnia",36.5,"2017-Ivan Lodnia"
"C","L",76,216,"Sarnia","OHL",1999-05-11,"SVK","2017","Adam Ruzicka",32,"2017-Adam Ruzicka"
"C","R",72,189,"Brandon","WHL",1999-06-14,"CAN","2017","Stelio Mattheos",30.5,"2017-Stelio Mattheos"
"LW","L",73,199,"Owen Sound","OHL",1998-10-12,"CAN","2017","Jonah Gadjovich",49.5,"2017-Jonah Gadjovich"
"C","R",73,201,"USA U-18","NTDP",1999-04-04,"USA","2017","Scott Reedy",43.5,"2017-Scott Reedy"
"D","L",74,188,"Seattle","WHL",1999-03-15,"CAN","2017","Jarret Tyszka",37,"2017-Jarret Tyszka"
"C","L",71,192,"Regina","WHL",1999-03-10,"USA","2017","Jake Leschyshyn",36.5,"2017-Jake Leschyshyn"
"C","R",72,187,"Ottawa","OHL",1999-06-09,"USA","2017","Alexander Chmelevski",40.5,"2017-Alexander Chmelevski"
"C","R",75,190,"Hamilton","OHL",1999-07-14,"CAN","2017","Mackenzie Entwistle",39.5,"2017-Mackenzie Entwistle"
"C","R",74,192,"Tri-City","WHL",1998-07-20,"CAN","2017","Morgan Geekie",47.5,"2017-Morgan Geekie"
"D","L",71,195,"USA U-18","NTDP",1999-06-23,"USA","2017","David Farrance",49,"2017-David Farrance"
"C","R",76,200,"Guelph","OHL",1999-02-25,"CAN","2017","Nate Schnarr",39.5,"2017-Nate Schnarr"
"D","R",75,209,"MINSK","RUSSIA",1999-06-06,"CAN","2017","Brady Lyle",50.5,"2017-Brady Lyle"
"D","R",73,194,"Moose Jaw","WHL",1999-06-17,"CAN","2017","Josh Brook",62,"2017-Josh Brook"
"D","L",73,202,"Owen Sound","OHL",1999-03-21,"CAN","2017","Markus Phillips",56,"2017-Markus Phillips"
"D","L",71,197,"Waterloo","USHL",1999-05-25,"USA","2017","Michael Anderson",53.5,"2017-Michael Anderson"
"RW","R",72,181,"Red Deer","WHL",1998-12-27,"CAN","2017","Lane Zablocki",61,"2017-Lane Zablocki"
"C","L",71,190,"Acadie-Bathurst","QMJHL",1999-02-18,"CAN","2017","Antoine Morand",53.5,"2017-Antoine Morand"
"D","L",75,192,"USA U-18","NTDP",1999-05-17,"USA","2017","Maxwell Gildon",65,"2017-Maxwell Gildon"
"C","L",68,173,"Medicine Hat","WHL",1998-11-03,"CAN","2017","Mason Shaw",59,"2017-Mason Shaw"
"C","R",72,172,"Tri-City","WHL",1999-03-22,"CAN","2017","Kyle Olson",57,"2017-Kyle Olson"
"D","L",70,172,"Dexter School","HIGH-MA",1999-05-20,"USA","2017","Jack Rathbone",67.5,"2017-Jack Rathbone"
"D","R",75,201,"MAGNITOGORSK","RUSSIA",1998-10-01,"RUS","2017","Artyom Minulin",53.5,"2017-Artyom Minulin"
"LW","L",71,177,NA,NA,1998-03-05,"CAN","2017","Ty Lewis",82,"2017-Ty Lewis"
"D","R",71,184,"Proctor Academy","HIGH-NH",1999-04-21,"USA","2017","Reilly Walsh",62.5,"2017-Reilly Walsh"
"D","R",74,218,"Michigan","BIG10",1998-09-20,"USA","2017","Luke Martin",64,"2017-Luke Martin"
"D","R",73,209,"Kootenay","WHL",1998-11-19,"CAN","2017","Cale Fleury",68,"2017-Cale Fleury"
"D","L",73,171,"Chicago","USHL",1999-05-08,"USA","2017","Benjamin Mirageas",55.5,"2017-Benjamin Mirageas"
"C","L",74,193,"Peterborough","OHL",1999-03-06,"CAN","2017","Zach Gallant",67.5,"2017-Zach Gallant"
"C","L",71,191,"USA U-18","NTDP",1999-02-18,"USA","2017","Evan Barratt",60,"2017-Evan Barratt"
"RW","R",75,207,"Niagara","OHL",1999-06-01,"RUS","2017","Kirill Maximov",125.5,"2017-Kirill Maximov"
"D","L",75,211,"Hermantown","HIGH-MN",1999-01-24,"USA","2017","Dylan Samberg",55,"2017-Dylan Samberg"
"D","L",73,192,"USA U-18","NTDP",1999-05-06,"USA","2017","Tyler Inamoto",66,"2017-Tyler Inamoto"
"D","L",74,198,"Guelph","OHL",1999-06-16,"RUS","2017","Dmitri Samorukov",95.5,"2017-Dmitri Samorukov"
"LW","L",71,194,"Baie Comeau","QMJHL",1999-01-04,"RUS","2017","Ivan Chekhovich",61,"2017-Ivan Chekhovich"
"RW","L",72,207,"Owen Sound","OHL",1999-02-10,"BLR","2017","Maksim Sushko",72.5,"2017-Maksim Sushko"
"C","L",71,190,"North York","OJHL",1999-02-16,"CAN","2017","Nick Campoli",92,"2017-Nick Campoli"
"D","R",72,183,"RAPPERSWIL","SWISS",1999-01-11,"CAN","2017","Matthew Kellenberger",119.5,"2017-Matthew Kellenberger"
"D","L",72,196,"Ottawa","OHL",1999-01-06,"CAN","2017","Noel Hoefenmayer",58,"2017-Noel Hoefenmayer"
"D","L",72,193,NA,NA,1999-08-19,"CAN","2017","Antoine Crete-Belzile",71,"2017-Antoine Crete-Belzile"
"D","L",71,185,"Des Moines","USHL",1998-09-17,"CAN","2017","Mario Ferraro",92.5,"2017-Mario Ferraro"
"D","L",75,196,NA,NA,1999-04-08,"USA","2017","Nathan Knoepke",92.5,"2017-Nathan Knoepke"
"RW","L",72,190,NA,NA,1999-08-23,"USA","2017","Michael Pastujov",80,"2017-Michael Pastujov"
"D","R",73,185,"SYRACUSE","AHL",1999-03-06,"USA","2017","Thomas Miller",71,"2017-Thomas Miller"
"C","L",70,196,"TRENCIN","SLOVAKIA",1999-05-02,"CAN","2017","Jordan Bellerive",86.5,"2017-Jordan Bellerive"
"C","L",72,205,"Drummondville","QMJHL",1999-02-17,"RUS","2017","Pavel Koltygin",63.5,"2017-Pavel Koltygin"
"LW","L",71,203,"SPISSKA NOVA VES","SLOVAKIA",1999-03-11,"CAN","2017","Joel Teasdale",80.5,"2017-Joel Teasdale"
"C","L",73,198,"Oakville","OJHL",1999-09-05,"CAN","2017","Bryce Misley",93,"2017-Bryce Misley"
"LW","L",72,199,NA,NA,1999-03-04,"CAN","2017","Ryan Peckford",86.5,"2017-Ryan Peckford"
"D","R",75,173,"St. Thomas","HIGH-MN",1998-09-30,"USA","2017","Robbie Stucker",98,"2017-Robbie Stucker"
"D","R",74,186,"Brockville","CCHL",1999-05-05,"CAN","2017","Cameron Crotty",78.5,"2017-Cameron Crotty"
"D","L",74,193,"Victoria","WHL",1999-01-12,"CAN","2017","Scott Walford",121.5,"2017-Scott Walford"
"LW","L",71,182,"VILLACH","AUSTRIA",1998-03-02,"CAN","2017","Kevin Hancock",119.5,"2017-Kevin Hancock"
"D","L",75,198,"Sioux Falls","USHL",1998-11-16,"FIN","2017","Kasper Kotkansalo",90.5,"2017-Kasper Kotkansalo"
"C","R",71,194,"Kitchener","OHL",1999-01-01,"CAN","2017","Greg Meireles",66,"2017-Greg Meireles"
"D","L",75,209,"GRENOBLE","FRANCE",1998-12-03,"SWE","2017","Alexis Binner",81.5,"2017-Alexis Binner"
"D","R",72,198,"Calgary","WHL",1999-04-23,"BLR","2017","Vladislav Yeryomenko",147,"2017-Vladislav Yeryomenko"
"D","R",72,190,NA,NA,1998-09-18,"SWE","2017","Adam Thilander",77.5,"2017-Adam Thilander"
"LW","L",75,230,NA,NA,1999-03-26,"SWE","2017","Hugo Leufvenius",90.5,"2017-Hugo Leufvenius"
"LW","R",74,184,"IOWA","ECHL",1999-01-24,"USA","2017","Isaac Johnson",107.5,"2017-Isaac Johnson"
"C","L",74,200,"St. Andrew's College","HIGH-ON",1998-12-02,"CAN","2017","Morgan Barron",93,"2017-Morgan Barron"
"D","L",71,188,"Fargo","USHL",1999-09-09,"USA","2017","Clayton Phillips",85.5,"2017-Clayton Phillips"
"RW","L",71,158,"ASSAT","FINLAND",1999-07-11,"FIN","2017","Linus Nyman",101,"2017-Linus Nyman"
"RW","L",73,180,"Hamilton","OHL",1998-10-28,"SVK","2017","Marian Studenic",93.5,"2017-Marian Studenic"
"RW","R",75,183,"Baie Comeau","QMJHL",1999-04-07,"CAN","2017","D'artagnan Joly",113.5,"2017-D'artagnan Joly"
"RW","R",74,204,NA,NA,1999-07-30,"USA","2017","Austin Pratt",93,"2017-Austin Pratt"
"D","L",78,220,"Flint","OHL",1999-01-27,"RUS","2017","Fedor Gordeev",146,"2017-Fedor Gordeev"
"D","L",75,215,"Kingston","OHL",1999-05-26,"CAN","2017","Jacob Paquette",97.5,"2017-Jacob Paquette"
"C","L",72,206,"EISBAREN BERLIN","GERMANY",1998-10-13,"USA","2017","Patrick Khodorenko",116.5,"2017-Patrick Khodorenko"
"C","L",72,178,"Sarnia","OHL",1999-01-29,"CAN","2017","Ryan McGregor",93,"2017-Ryan McGregor"
"LW","R",74,209,"Northwood School","HIGH-NY",1998-03-24,"USA","2017","Jonathan Dugan",95,"2017-Jonathan Dugan"
"D","L",74,200,"Youngstown","USHL",1998-12-18,"USA","2017","Michael Karow",113,"2017-Michael Karow"
"RW","L",69,180,NA,NA,1999-01-22,"FIN","2017","Sami Moilanen",101.5,"2017-Sami Moilanen"
"D","L",71,199,"IDAHO","ECHL",1999-04-11,"USA","2017","Matthew Anderson",119.5,"2017-Matthew Anderson"
"LW","L",72,184,NA,NA,1998-10-31,"CAN","2017","Shaw Boomhower",117.5,"2017-Shaw Boomhower"
"LW","L",72,183,NA,NA,1999-08-04,"CAN","2017","Zachary Roberts",146.5,"2017-Zachary Roberts"
"LW","L",70,155,"RYAZAN","RUSSIA-2",1999-01-17,"RUS","2017","Yaroslav Alexeyev",99.5,"2017-Yaroslav Alexeyev"
"LW","L",72,172,"INGOLSTADT","GERMANY",1999-03-07,"CAN","2017","Austen Keating",103.5,"2017-Austen Keating"
"C","R",72,187,NA,NA,1998-11-22,"CAN","2017","Philip Lagunov",143.5,"2017-Philip Lagunov"
"C","R",73,187,"Cape Breton","QMJHL",1998-04-27,"USA","2017","Drake Batherson",117,"2017-Drake Batherson"
"D","L",71,195,"Eden Prarie","HIGH-MN",1998-09-14,"USA","2017","Nick Leivermann",116.5,"2017-Nick Leivermann"
"C","R",72,171,"Oshawa","OHL",1999-02-18,"CAN","2017","Jack Studnicka",100,"2017-Jack Studnicka"
"LW","L",73,179,"Stillwater","HIGH-MN",1999-02-05,"USA","2017","Noah Cates",133,"2017-Noah Cates"
"RW","R",72,185,NA,NA,1998-11-05,"CAN","2017","Bobby Dow",118.5,"2017-Bobby Dow"
"LW","L",74,190,NA,NA,1999-01-15,"USA","2017","Dylan Seitz",111.5,"2017-Dylan Seitz"
"D","R",72,188,"Owen Sound","OHL",1998-10-21,"CAN","2017","Sean Durzi",131.5,"2017-Sean Durzi"
"D","R",74,198,"Sioux Falls","USHL",1999-07-22,"USA","2017","John St. Ivany",109.5,"2017-John St. Ivany"
"D","L",72,198,"Halifax","QMJHL",1999-09-08,"CAN","2017","Jocktan Chainey",110.5,"2017-Jocktan Chainey"
"LW","L",71,194,"WICHITA","ECHL",1999-03-21,"CZE","2017","Michal Stinil",135.5,"2017-Michal Stinil"
"LW","L",77,209,"Trail","BCHL",1997-06-10,"CAN","2017","Kale Howarth",128.5,"2017-Kale Howarth"
"RW","R",76,185,NA,NA,1999-08-21,"CAN","2017","Finn Evans",142,"2017-Finn Evans"
"LW","L",74,188,"NEMAN GRODNO","BELARUS",1999-06-09,"RUS","2017","German Poddubnyi",130,"2017-German Poddubnyi"
"RW","R",72,185,NA,NA,1998-09-11,"USA","2017","Sam Huff",131,"2017-Sam Huff"
"LW","L",73,177,NA,NA,1999-07-22,"CAN","2017","Ethan McIndoe",136.5,"2017-Ethan McIndoe"
"RW","R",76,210,"Prince Albert","WHL",1999-04-30,"CAN","2017","Brett Leason",131.5,"2017-Brett Leason"
"D","R",72,172,NA,NA,1999-04-22,"CAN","2017","Will Warm",144,"2017-Will Warm"
"D","L",72,194,"LANDSHUT","GERMANY-2",1999-04-27,"CAN","2017","Dylan Plouffe",122.5,"2017-Dylan Plouffe"
"D","L",73,202,"Val d'Or","QMJHL",1999-04-10,"CAN","2017","David Noel",136,"2017-David Noel"
"D","R",74,207,"Oshawa","OHL",1998-08-08,"CAN","2017","Matt Brassard",137,"2017-Matt Brassard"
"RW","R",71,190,"Waterloo","USHL",1997-09-09,"USA","2017","Nick Swaney",160,"2017-Nick Swaney"
"D","L",73,191,NA,NA,1999-03-21,"RUS","2017","Mark Rubinchik",129.5,"2017-Mark Rubinchik"
"C","R",76,195,"Guelph","OHL",1999-04-18,"CAN","2017","Liam Hawel",141,"2017-Liam Hawel"
"C","L",73,192,"Kootenay","WHL",1999-06-01,"CAN","2017","Brett Davis",142,"2017-Brett Davis"
"D","L",72,187,"Rouyn-Noranda","QMJHL",1998-10-10,"CAN","2017","Zachary Lauzon",153.5,"2017-Zachary Lauzon"
"D","L",72,180,"London","OHL",1999-03-20,"CAN","2017","Jacob Golden",143.5,"2017-Jacob Golden"
"LW","L",70,155,NA,NA,1999-02-13,"CAN","2017","Nicholas McHugh",160.5,"2017-Nicholas McHugh"
"C","L",74,212,"Saint John","QMJHL",1999-01-24,"CAN","2017","Cedric Pare",174.5,"2017-Cedric Pare"
"D","L",74,188,NA,NA,1999-04-15,"CAN","2017","Brayden Gorda",133.5,"2017-Brayden Gorda"
"LW","L",75,195,NA,NA,1999-08-11,"CAN","2017","Nick Isaacson",158,"2017-Nick Isaacson"
"D","L",72,183,NA,NA,1999-06-01,"CAN","2017","Jonathan Smart",123.5,"2017-Jonathan Smart"
"RW","R",72,207,"Saginaw","OHL",1999-06-01,"USA","2017","Cole Coskey",123,"2017-Cole Coskey"
"RW","R",70,180,"Miami","NCHC",1997-08-18,"USA","2017","Carson Meyer",133.5,"2017-Carson Meyer"
"LW","L",71,190,"CERGY-PONTOISE","FRANCE",1999-05-31,"CAN","2017","Matthew Philip",162.5,"2017-Matthew Philip"
"D","R",76,213,NA,NA,1999-03-26,"CAN","2017","Dakota Krebs",153,"2017-Dakota Krebs"
"D","L",74,214,"Owen Sound","OHL",1998-06-11,"CAN","2017","Trenton Bourque",154,"2017-Trenton Bourque"
"D","R",76,208,"Merrimack","H-EAST",1997-07-12,"CAN","2017","Johnathan Kovacevic",155,"2017-Johnathan Kovacevic"
"D","L",68,170,"COLORADO","AHL",1997-05-18,"USA","2017","Jack Ahcan",140,"2017-Jack Ahcan"
"C","L",74,179,"Selects Academy U18","USMAAAE",1999-07-27,"USA","2017","Skyler Brind'amour",179.5,"2017-Skyler Brind'amour"
"D","R",74,196,"SAVANNAH","ECHL",1998-12-10,"USA","2017","Keaton Pehrson",158,"2017-Keaton Pehrson"
"D","R",73,185,"Elk River","HIGH-MN",1998-11-25,"USA","2017","Benton Maass",158.5,"2017-Benton Maass"
"RW","R",73,178,"Providence","H-EAST",1999-07-12,"CAN","2017","Tyce Thompson",155,"2017-Tyce Thompson"
"RW","R",69,200,NA,NA,1998-10-29,"USA","2017","Micah Miller",159,"2017-Micah Miller"
"D","L",74,207,"SPARTA","CZECHIA",1998-12-20,"CZE","2017","Jakub Sirota",137.5,"2017-Jakub Sirota"
"D","R",78,203,"UTAH","ECHL",1999-04-21,"USA","2017","Noah Ganske",167.5,"2017-Noah Ganske"
"LW","L",70,180,NA,NA,1999-09-15,"CAN","2017","Oliver Castleman",176.5,"2017-Oliver Castleman"
"LW","R",68,164,NA,NA,1999-07-25,"USA","2017","Jacob Tortora",143,"2017-Jacob Tortora"
"RW","R",69,190,"TOGLIATTI","RUSSIA",1997-01-20,"RUS","2017","Artur Tyanulin",166,"2017-Artur Tyanulin"
"RW","L",68,185,"Penn State U.","BIG10",1997-08-12,"RUS","2017","Denis Smirnov",149,"2017-Denis Smirnov"
"C","L",67,165,"SIERRE","SWISS-2",1997-03-22,"CAN","2017","Jayden Halbgewachs",154,"2017-Jayden Halbgewachs"
"RW","R",68,161,"RODOVRE","DENMARK",1999-07-27,"CAN","2017","Ryan Hughes",173,"2017-Ryan Hughes"
"C","L",72,194,"Niagara","OHL",1999-02-26,"CAN","2017","Ben Jones",134.5,"2017-Ben Jones"
"LW","R",75,211,"NITRA","SLOVAKIA",1998-12-19,"SVK","2017","Samuel Bucek",134,"2017-Samuel Bucek"
"C","R",74,190,"HIFK","FINLAND",1999-01-05,"FIN","2017","Santeri Hartikainen",164,"2017-Santeri Hartikainen"
"D","R",77,220,"Brandon","WHL",1999-04-29,"CZE","2017","Daniel Bukac",173,"2017-Daniel Bukac"
"RW","R",74,204,"SAMARA","RUSSIA-2",1999-05-17,"RUS","2017","Andrei Grishakov",185.5,"2017-Andrei Grishakov"
"D","R",75,202,"USA U-18","NTDP",1999-02-12,"USA","2017","Philip Kemp",177,"2017-Philip Kemp"
"LW","L",69,170,"Portland","WHL",1998-01-20,"CAN","2017","Skyler McKenzie",176,"2017-Skyler McKenzie"
"LW","L",71,183,"Halifax","QMJHL",1999-01-14,"CAN","2017","Arnaud Durandeau",177,"2017-Arnaud Durandeau"
"LW","L",73,195,"UTAH","ECHL",1999-07-29,"USA","2017","Neil Shea",187,"2017-Neil Shea"
"D","L",72,184,"SYRACUSE","AHL",1998-10-20,"USA","2017","Matteo Pietroniro",155.5,"2017-Matteo Pietroniro"
"C","L",71,190,"ROCHESTER","AHL",1999-04-06,"USA","2017","Graham Slaggert",163,"2017-Graham Slaggert"
"C","R",76,213,"Calgary","WHL",1999-03-11,"USA","2017","Mark Kastelic",157.5,"2017-Mark Kastelic"
"RW","R",69,184,"MANNHEIM","GERMANY",1998-11-06,"USA","2017","Zachary Solow",183,"2017-Zachary Solow"
"RW","R",72,193,NA,NA,1999-03-26,"CAN","2017","Corey Andonovski",189.5,"2017-Corey Andonovski"
"RW","R",76,223,"Gatineau","QMJHL",1999-09-14,"CAN","2017","Shawn Boudrias",144,"2017-Shawn Boudrias"
"D","R",73,177,NA,NA,1999-02-08,"USA","2017","Hunter Lellig",173.5,"2017-Hunter Lellig"
"RW","R",75,207,NA,NA,1999-06-18,"CAN","2017","Cole Purboo",191.5,"2017-Cole Purboo"
"C","L",71,185,"SOUTH CAROLINA","ECHL",1997-06-11,"USA","2017","Joshua Wilkins",175,"2017-Joshua Wilkins"
"RW","R",69,176,"ADIRONDACK","ECHL",1999-07-05,"USA","2017","Brannon McManus",184.5,"2017-Brannon McManus"
"C","L",70,170,NA,NA,1999-06-14,"CAN","2017","Parker Kelly",192,"2017-Parker Kelly"
"D","R",73,182,NA,NA,1999-05-07,"CAN","2017","Walter Flower",159.5,"2017-Walter Flower"
"C","R",69,183,"BREMERHAVEN","GERMANY",1997-04-27,"CAN","2017","Colt Conrad",184,"2017-Colt Conrad"
"C","R",72,188,"BELFAST","ENGLAND",1999-06-18,"CAN","2017","Nicolas Guay",195,"2017-Nicolas Guay"
"C","L",72,192,"KRASNOYARSK","RUSSIA-2",1998-01-06,"RUS","2017","Vladislav Dzhioshvili",196,"2017-Vladislav Dzhioshvili"
"D","R",74,205,"Peterborough","OHL",1999-08-23,"CAN","2017","Cole Fraser",201.5,"2017-Cole Fraser"
"D","R",72,183,NA,NA,1999-02-28,"FIN","2017","Saku Vesterinen",167.5,"2017-Saku Vesterinen"
"D","R",73,198,"Cape Breton","QMJHL",1999-05-31,"DEU","2017","Leon Gawanke",200,"2017-Leon Gawanke"
"RW","R",71,196,NA,NA,1999-06-12,"USA","2017","Lucas Boka",206,"2017-Lucas Boka"
"D","L",75,218,"MILWAUKEE","AHL",1999-04-24,"CAN","2017","Zackary Hayes",177,"2017-Zackary Hayes"
"RW","R",72,180,"HIFK","FINLAND",1999-03-22,"CAN","2017","Sean Josling",203,"2017-Sean Josling"
"RW","R",74,169,NA,NA,1998-12-10,"CAN","2017","Ryan Bowen",158,"2017-Ryan Bowen"
"RW","R",74,204,NA,NA,1999-01-21,"CAN","2017","Josh Paterson",184,"2017-Josh Paterson"
"RW","R",73,187,"MICHALOVCE","SLOVAKIA",1998-02-24,"CAN","2017","Jordan Martel",207,"2017-Jordan Martel"
"D","L",73,170,"St. Andrew's College","HIGH-ON",1999-04-25,"CAN","2017","Ryan O'Connell",208,"2017-Ryan O'Connell"
"C","L",72,172,NA,NA,1999-04-29,"USA","2017","Kyle MacLean",209,"2017-Kyle MacLean"
"C","L",74,211,"Seattle","WHL",1999-05-25,"CAN","2017","Matthew Wedman",172,"2017-Matthew Wedman"
"D","L",75,200,"OSKARSHAMN","SWEDEN-2",1998-03-26,"CAN","2017","Marc-Olivier Duquette",208,"2017-Marc-Olivier Duquette"
"C","L",77,231,"FORT WAYNE","ECHL",1999-01-28,"CAN","2017","Nicholas Deakin-Poot",174,"2017-Nicholas Deakin-Poot"
"LW","L",68,165,"USA U-18","NTDP",1999-03-03,"USA","2017","Logan Cockerill",203,"2017-Logan Cockerill"
"LW","L",71,180,"TABOR","CZECHIA-2",1999-01-11,"CZE","2017","Ondrej Machala",181,"2017-Ondrej Machala"
"D","L",71,184,NA,NA,1999-07-27,"USA","2017","Jayson Dobay",216,"2017-Jayson Dobay"
"D","R",75,202,NA,NA,1999-05-27,"USA","2017","Ronald Brickey",217,"2017-Ronald Brickey"
"RW","R",70,172,"Boston College","H-EAST",1999-02-11,"USA","2017","Logan Hutsko",918,"2017-Logan Hutsko"
"RW","R",70,187,"Spokane","WHL",1999-02-25,"USA","2017","Jacob McGrew",919,"2017-Jacob McGrew"
"RW","R",75,197,"FORT WAYNE","ECHL",1999-09-04,"USA","2017","Matt Miller",81,"2017-Matt Miller"
"C","L",73,191,NA,NA,1998-11-27,"USA","2017","Paul Washe",104,"2017-Paul Washe"
"D","L",73,210,NA,NA,1999-03-04,"USA","2017","Corson Green",149,"2017-Corson Green"
"D","L",76,188,NA,NA,1999-03-17,"CAN","2017","Alexander Krief",151,"2017-Alexander Krief"
"D","L",72,192,NA,NA,1999-06-16,"USA","2017","Anthony Demeo",161,"2017-Anthony Demeo"
"C","L",71,194,"MICHALOVCE","SLOVAKIA",1998-10-18,"CZE","2017","Albert Michnac",162,"2017-Albert Michnac"
"LW","L",74,218,NA,NA,1999-01-02,"CZE","2017","Matyas Svoboda",166,"2017-Matyas Svoboda"
"D","L",74,178,NA,NA,1999-04-04,"USA","2017","Jesse Bjugstad",169,"2017-Jesse Bjugstad"
"D","L",71,183,"GENEVE","SWISS",1999-08-09,"CHE","2017","Simon Le Coultre",170,"2017-Simon Le Coultre"
"C","R",71,188,NA,NA,1999-02-16,"CAN","2017","Dawson Holt",181,"2017-Dawson Holt"
"C","L",73,189,"WORCESTER","ECHL",1999-03-12,"CAN","2017","Macauley Carson",183,"2017-Macauley Carson"
"LW","L",74,184,NA,NA,1999-06-03,"USA","2017","Bram Scheerer",184,"2017-Bram Scheerer"
"D","L",72,185,"SOCHI","RUSSIA",1997-02-18,"CAN","2017","Cameron Lee",186,"2017-Cameron Lee"
"D","R",75,191,"Elk River","HIGH-MN",1998-06-15,"USA","2017","Nicklaus Perbix",187,"2017-Nicklaus Perbix"
"RW","R",71,189,NA,NA,1999-02-21,"CAN","2017","Brendan Semchuk",190,"2017-Brendan Semchuk"
"C","L",67,174,NA,NA,1999-08-09,"CAN","2017","Joseph Garreffa",191,"2017-Joseph Garreffa"
"RW","L",70,184,"MAGNITKA MAGNITOGORSK","RUSSIA-2",1999-07-11,"RUS","2017","Denis Mikhnin",193,"2017-Denis Mikhnin"
"RW","R",74,184,"GRAND RAPIDS","AHL",1999-04-13,"USA","2017","Nolan Moyle",201,"2017-Nolan Moyle"
"D","L",71,178,"TROJA-LJUNGBY","SWEDEN-2",1999-08-10,"SWE","2017","Tom Hedberg",205,"2017-Tom Hedberg"
"D","R",75,185,"IOWA","AHL",1997-12-09,"USA","2017","Wyatt Newpower",207,"2017-Wyatt Newpower"
"D","L",69,176,NA,NA,1999-01-23,"CAN","2017","Elijah Roberts",208,"2017-Elijah Roberts"
"D","R",72,198,"INDY","ECHL",1999-03-07,"CAN","2017","Nicholas Grima",209,"2017-Nicholas Grima"
"D","L",74,208,NA,NA,1999-06-29,"CAN","2017","Jarrod Gourley",213,"2017-Jarrod Gourley"
"D","L",75,206,NA,NA,1999-02-14,"CAN","2017","Mathieu Charlebois",214,"2017-Mathieu Charlebois"
"D","L",76,211,"KLADNO","CZECHIA",1999-02-18,"CAN","2017","Griffin Mendel",215,"2017-Griffin Mendel"
"D","R",74,154,NA,NA,1999-04-18,"CAN","2017","Jack Cameron",216,"2017-Jack Cameron"
"D","R",72,185,NA,NA,1999-02-12,"CAN","2017","Joey Berkopec",217,"2017-Joey Berkopec"
"RW","L",74,192,"Barrie","OHL",2000-03-26,"RUS","2018","Andrei Svechnikov",1,"2018-Andrei Svechnikov"
"LW","L",75,192,"Boston University","H-EAST",1999-09-16,"USA","2018","Brady Tkachuk",2.5,"2018-Brady Tkachuk"
"RW","L",72,197,"Halifax","QMJHL",1999-11-27,"CZE","2018","Filip Zadina",2.5,"2018-Filip Zadina"
"D","R",74,195,"London","OHL",1999-10-20,"CAN","2018","Evan Bouchard",4.5,"2018-Evan Bouchard"
"D","R",75,177,"Acadie-Bathurst","QMJHL",2000-01-07,"CAN","2018","Noah Dobson",6.5,"2018-Noah Dobson"
"D","L",70,173,"Michigan","BIG10",1999-10-14,"USA","2018","Quintin Hughes",5,"2018-Quintin Hughes"
"RW","R",73,208,"USA U-18","NTDP",2000-06-13,"USA","2018","Oliver Wahlstrom",7,"2018-Oliver Wahlstrom"
"C","L",73,191,"Drummondville","QMJHL",2000-01-13,"CAN","2018","Joseph Veleno",10.5,"2018-Joseph Veleno"
"C","L",73,190,"Sault Ste. Marie","OHL",2000-06-09,"CAN","2018","Barrett Hayton",7.5,"2018-Barrett Hayton"
"RW","R",78,218,"Oshawa","OHL",2000-08-08,"CAN","2018","Serron Noel",9.5,"2018-Serron Noel"
"D","L",71,186,"Sault Ste. Marie","OHL",2000-03-07,"SWE","2018","Rasmus Sandin",13,"2018-Rasmus Sandin"
"LW","L",72,162,"USA U-18","NTDP",2000-02-25,"USA","2018","Joel Farabee",11.5,"2018-Joel Farabee"
"D","L",73,191,"Halifax","QMJHL",2000-03-27,"CAN","2018","Jared McIsaac",12.5,"2018-Jared McIsaac"
"D","L",71,177,"Spokane","WHL",2000-03-24,"CAN","2018","Ty Smith",14,"2018-Ty Smith"
"C","R",72,180,"Niagara","OHL",2000-01-02,"CAN","2018","Akil Thomas",12.5,"2018-Akil Thomas"
"C","L",74,206,"Mississauga","OHL",1999-09-21,"CAN","2018","Ryan McLeod",16,"2018-Ryan McLeod"
"D","R",75,194,"USA U-18","NTDP",2000-01-24,"CAN","2018","Bode Wilde",19.5,"2018-Bode Wilde"
"LW","L",74,207,"Sioux City","USHL",2000-05-31,"FIN","2018","Sampo Ranta",20.5,"2018-Sampo Ranta"
"C","L",72,178,"London","OHL",2000-02-04,"CAN","2018","Liam Foudy",55,"2018-Liam Foudy"
"C","L",73,194,"Halifax","QMJHL",2000-02-06,"CAN","2018","Benoit-Olivier Groulx",19,"2018-Benoit-Olivier Groulx"
"D","L",76,218,"USA U-18","NTDP",2000-03-14,"USA","2018","Mattias Samuelsson",19,"2018-Mattias Samuelsson"
"D","L",76,197,"Red Deer","WHL",1999-11-15,"RUS","2018","Alexander Alexeyev",24,"2018-Alexander Alexeyev"
"D","L",75,198,"USA U-18","NTDP",2000-01-21,"USA","2018","K'andre Miller",27,"2018-K'andre Miller"
"LW","L",72,161,"Chicago","USHL",2000-02-14,"USA","2018","Blake McLaughlin",24.5,"2018-Blake McLaughlin"
"C","R",72,191,"Flint","OHL",2000-07-21,"CAN","2018","Ty Dellandrea",50.5,"2018-Ty Dellandrea"
"LW","L",74,212,"Saginaw","OHL",2000-08-11,"USA","2018","Blade Jenkins",25,"2018-Blade Jenkins"
"C","L",71,174,"Waterloo","USHL",2000-02-03,"USA","2018","Jack Drury",43.5,"2018-Jack Drury"
"D","R",72,200,"Moose Jaw","WHL",2000-07-27,"CAN","2018","Jett Woo",24,"2018-Jett Woo"
"C","L",76,225,"SPARTA","CZECHIA",1999-09-24,"CZE","2018","Krystof Hrabik",21.5,"2018-Krystof Hrabik"
"D","L",78,216,"Ottawa","OHL",2000-06-27,"CAN","2018","Kevin Bahl",29.5,"2018-Kevin Bahl"
"D","R",70,178,"Lethbridge","WHL",2000-04-11,"CAN","2018","Calen Addison",32,"2018-Calen Addison"
"C","R",71,182,"Thayer Academy","HIGH-MA",1999-11-04,"USA","2018","Jay O'Brien",38,"2018-Jay O'Brien"
"D","R",72,187,"Okotoks","AJHL",2000-06-30,"CAN","2018","Jacob Bernard-Docker",47.5,"2018-Jacob Bernard-Docker"
"RW","R",73,179,"Ottawa","OHL",1999-10-13,"USA","2018","Kody Clark",31,"2018-Kody Clark"
"C","L",75,201,"Toronto JC","OJHL",2000-01-06,"CAN","2018","Jack McBain",32,"2018-Jack McBain"
"D","L",72,177,"Penticton","BCHL",2000-03-03,"CAN","2018","Jonathan Tychonick",40.5,"2018-Jonathan Tychonick"
"C","L",70,195,"USA U-18","NTDP",2000-02-28,"USA","2018","Jake Wise",479.5,"2018-Jake Wise"
"C","R",71,150,"Tri-City","USHL",1999-11-09,"USA","2018","Tyler Madden",44,"2018-Tyler Madden"
"D","L",74,190,"Wenatchee","BCHL",2000-04-04,"USA","2018","Stanislav Demin",36,"2018-Stanislav Demin"
"C","L",72,196,"Vancouver","WHL",1999-11-06,"SVK","2018","Milos Roman",40.5,"2018-Milos Roman"
"D","R",72,200,"USA U-18","NTDP",2000-05-23,"USA","2018","Ty Emberson",49.5,"2018-Ty Emberson"
"C","L",71,198,"Moncton","QMJHL",2000-04-12,"RUS","2018","Alexander Khovanov",480.5,"2018-Alexander Khovanov"
"D","L",71,179,"Kimball Union Academy","HIGH-NH",2000-07-07,"USA","2018","Jordan Harris",45,"2018-Jordan Harris"
"D","R",72,185,"Guelph","OHL",2000-08-14,"CAN","2018","Ryan Merkley",33,"2018-Ryan Merkley"
"C","L",72,186,"U.S. National Team","NTDP",2000-05-04,"USA","2018","Jonathan Gruden",47,"2018-Jonathan Gruden"
"RW","R",76,201,"SAN JOSE","AHL",2000-01-03,"USA","2018","Patrick Giles",33,"2018-Patrick Giles"
"C","L",78,230,"Muskegon","USHL",1999-12-21,"DEU","2018","Jachym Kondelik",37.5,"2018-Jachym Kondelik"
"LW","L",74,205,"ZUG","SWISS",1999-10-07,"CHE","2018","Nando Eggenberger",69.5,"2018-Nando Eggenberger"
"C","L",70,174,"Baie Comeau","QMJHL",2000-02-06,"CAN","2018","Gabriel Fortier",42,"2018-Gabriel Fortier"
"C","L",72,200,"Oshawa","OHL",2000-02-14,"CAN","2018","Allan McShane",41.5,"2018-Allan McShane"
"C","L",72,179,"Calgary","WHL",2000-01-05,"CAN","2018","Riley Stotts",69.5,"2018-Riley Stotts"
"D","L",73,193,"Peterborough","OHL",2000-01-12,"CAN","2018","Declan Chisholm",47,"2018-Declan Chisholm"
"C","L",74,207,"MLADA BOLESLAV","CZECHIA",2000-01-16,"SWE","2018","Carl Berglund",53,"2018-Carl Berglund"
"D","L",74,198,"Spokane","WHL",1999-10-20,"CZE","2018","Filip Kral",53,"2018-Filip Kral"
"LW","L",73,185,"Muskegon","USHL",2000-02-10,"CZE","2018","Matej Pekar",71,"2018-Matej Pekar"
"D","L",74,190,"Oshawa","OHL",2000-01-26,"CHE","2018","Nico Gross",51.5,"2018-Nico Gross"
"D","L",74,191,"Kitchener","OHL",2000-02-21,"CAN","2018","Giovanni Vallati",47.5,"2018-Giovanni Vallati"
"C","L",71,194,"MODO","SWEDEN-2",1999-11-18,"CAN","2018","Kyle Topping",61.5,"2018-Kyle Topping"
"C","R",74,200,"Youngstown","USHL",2000-04-26,"USA","2018","Curtis Hall",55,"2018-Curtis Hall"
"C","L",72,192,"Quebec","QMJHL",1999-10-12,"CHE","2018","Philipp Kurashev",64.5,"2018-Philipp Kurashev"
"C","L",72,176,"Ottawa","OHL",2000-01-27,"CAN","2018","Mitchell Hoelscher",72,"2018-Mitchell Hoelscher"
"C","L",80,236,"Windsor","OHL",2000-03-06,"CAN","2018","Curtis Douglas",66.5,"2018-Curtis Douglas"
"D","L",76,180,NA,NA,2000-03-30,"RUS","2018","Egor Zamula",82,"2018-Egor Zamula"
"LW","L",71,167,"Prince Albert","WHL",2000-04-24,"CAN","2018","Cole Fonstad",71.5,"2018-Cole Fonstad"
"LW","L",74,190,"SKELLEFTEA","SWEDEN",2000-05-24,"SVK","2018","Oliver Okuliar",61,"2018-Oliver Okuliar"
"C","R",70,174,"Guelph","OHL",2000-06-24,"CAN","2018","Cameron Hillis",63,"2018-Cameron Hillis"
"C","R",68,170,"Owen Sound","OHL",2000-06-15,"CAN","2018","Aidan Dudas",99.5,"2018-Aidan Dudas"
"RW","R",69,189,"Rimouski","QMJHL",2000-08-11,"RUS","2018","Dmitry Zavgorodniy",61.5,"2018-Dmitry Zavgorodniy"
"D","L",73,205,"Saint John","QMJHL",1999-02-18,"CZE","2018","Radim Salda",61.5,"2018-Radim Salda"
"D","R",72,190,"Everett","WHL",1999-11-02,"USA","2018","Wyatte Wylie",125,"2018-Wyatte Wylie"
"D","R",76,206,"London","OHL",2000-08-06,"USA","2018","Alec Regula",57.5,"2018-Alec Regula"
"D","R",76,206,"Baie Comeau","QMJHL",2000-02-28,"CAN","2018","Xavier Bouchard",57.5,"2018-Xavier Bouchard"
"D","R",76,195,"New Hampton School","HIGH-NH",2000-01-13,"USA","2018","Michael Kesselring",65,"2018-Michael Kesselring"
"D","L",74,203,"Drummondville","QMJHL",2000-01-06,"CAN","2018","Xavier Bernard",56.5,"2018-Xavier Bernard"
"D","L",78,236,"WORCESTER","ECHL",2000-06-21,"USA","2018","Adam Samuelsson",71.5,"2018-Adam Samuelsson"
"D","L",74,200,"LIPTOVSKY MIKULAS","SLOVAKIA",2000-01-15,"CAN","2018","Carter Robertson",69.5,"2018-Carter Robertson"
"LW","L",73,205,"TOGLIATTI","RUSSIA",2000-02-19,"RUS","2018","Pavel Gogolev",77,"2018-Pavel Gogolev"
"RW","R",75,209,"Everett","WHL",1999-10-25,"CAN","2018","Riley Sutter",76,"2018-Riley Sutter"
"RW","R",76,205,"DYNAMO ST. PETERSBURG","RUSSIA-2",2000-01-08,"RUS","2018","Vladislav Kotkov",77.5,"2018-Vladislav Kotkov"
"C","R",71,172,"Peterborough","OHL",2000-09-15,"RUS","2018","Semyon Der-Arguchintsev",70,"2018-Semyon Der-Arguchintsev"
"C","L",72,164,"Blainville-Boisbriand","QMJHL",2000-04-29,"CAN","2018","Luke Henman",115,"2018-Luke Henman"
"D","R",73,181,NA,NA,2000-01-20,"USA","2018","Caleb Everett",85,"2018-Caleb Everett"
"D","L",72,192,NA,NA,2000-04-27,"CAN","2018","Merrick Rippon",74,"2018-Merrick Rippon"
"C","L",71,185,NA,NA,1999-12-10,"USA","2018","Alexander Steeves",76.5,"2018-Alexander Steeves"
"LW","L",71,181,"West Salem","HIGH-WI",1999-09-15,"USA","2018","Jack Gorniak",71.5,"2018-Jack Gorniak"
"C","L",69,156,"Moose Jaw","WHL",1999-02-06,"CAN","2018","Justin Almeida",106.5,"2018-Justin Almeida"
"LW","L",70,151,"USA U-18","NTDP",2000-01-03,"USA","2018","Tyler Weiss",80.5,"2018-Tyler Weiss"
"LW","L",72,184,"Brandon","WHL",2000-01-07,"CAN","2018","Luka Burzan",90,"2018-Luka Burzan"
"C","R",72,190,"ABBOTSFORD","AHL",2000-02-08,"CAN","2018","Chase Wouters",97.5,"2018-Chase Wouters"
"D","L",70,180,"USA U-18","NTDP",2000-01-04,"USA","2018","Spencer Stastney",103.5,"2018-Spencer Stastney"
"D","R",75,196,"Trail","BCHL",1999-08-18,"CAN","2018","Seth Barton",87.5,"2018-Seth Barton"
"C","L",72,183,"RAPID CITY","ECHL",2000-05-14,"CAN","2018","Ryan Chyzowski",127.5,"2018-Ryan Chyzowski"
"RW","R",72,179,"Elk River","HIGH-MN",2000-09-13,"USA","2018","Jackson Perbix",89.5,"2018-Jackson Perbix"
"LW","L",72,185,"UTE","HUNGARY",2000-08-18,"CAN","2018","Maxim Golod",107.5,"2018-Maxim Golod"
"C","L",72,205,NA,NA,2000-08-31,"USA","2018","Jack Jensen",105.5,"2018-Jack Jensen"
"C","L",72,196,NA,NA,2000-03-22,"CAN","2018","Billy Moskal",114.5,"2018-Billy Moskal"
"C","R",70,180,"Kitchener","OHL",2000-03-20,"CAN","2018","Riley Damiani",109.5,"2018-Riley Damiani"
"LW","L",74,210,NA,NA,2000-05-16,"CAN","2018","Anderson MacDonald",83,"2018-Anderson MacDonald"
"RW","L",72,183,"FIFE FLYERS","ENGLAND",2000-02-22,"CAN","2018","Justin Ducharme",101,"2018-Justin Ducharme"
"C","L",71,194,"USA U-18","NTDP",2000-04-03,"USA","2018","Gavin Hain",94.5,"2018-Gavin Hain"
"C","L",72,201,"USA U-18","NTDP",2000-02-28,"USA","2018","Jacob Pivonka",87,"2018-Jacob Pivonka"
"C","L",73,192,"HERSHEY","AHL",2000-03-21,"CAN","2018","Samuel Bitten",100,"2018-Samuel Bitten"
"LW","R",76,216,"Cape Breton","QMJHL",2000-06-07,"RUS","2018","Egor Sokolov",90,"2018-Egor Sokolov"
"D","R",72,165,"GUILDFORD","ENGLAND",2000-01-30,"CAN","2018","Sean Comrie",106.5,"2018-Sean Comrie"
"C","L",71,185,"JACKSONVILLE","ECHL",2000-03-05,"CAN","2018","Nathan Dunkley",120.5,"2018-Nathan Dunkley"
"C","L",74,200,"Saskatoon","WHL",2000-01-10,"CAN","2018","Eric Florchuk",101.5,"2018-Eric Florchuk"
"D","R",72,180,"Barrie","OHL",1999-07-02,"USA","2018","Joey Keane",111,"2018-Joey Keane"
"C","L",72,195,"Lincoln","USHL",1999-11-16,"USA","2018","Paul Cotter",105,"2018-Paul Cotter"
"RW","R",73,171,"St. Sebastian's School","HIGH-MA",2000-06-27,"USA","2018","Riley Hughes",102.5,"2018-Riley Hughes"
"C","L",74,175,"ORLANDO","ECHL",2000-08-16,"CAN","2018","Andrew Bruder",114,"2018-Andrew Bruder"
"D","R",73,193,"BRNO","CZECHIA",2000-05-26,"CZE","2018","Libor Zabransky",112.5,"2018-Libor Zabransky"
"D","L",75,214,"INDY","ECHL",2000-05-31,"CAN","2018","William Ennis",144.5,"2018-William Ennis"
"C","L",70,178,"Everett","WHL",1999-06-26,"CAN","2018","Connor Dewar",117,"2018-Connor Dewar"
"D","R",69,170,"Sault Ste. Marie","OHL",1998-09-26,"CAN","2018","Mac Hollowell",125.5,"2018-Mac Hollowell"
"C","L",71,181,"Muskegon","USHL",2000-04-03,"NOR","2018","Mathias Emilio Pettersen",123,"2018-Mathias Emilio Pettersen"
"LW","L",73,200,"Brandon","WHL",2000-02-01,"CAN","2018","Cole Reinhardt",142.5,"2018-Cole Reinhardt"
"C","L",74,197,NA,NA,2000-01-18,"CAN","2018","Jackson Leppard",108.5,"2018-Jackson Leppard"
"D","R",74,194,"Windsor","OHL",2000-08-07,"CAN","2018","Connor Corcoran",109.5,"2018-Connor Corcoran"
"RW","R",74,198,"WINTERTHUR","SWISS-2",1999-01-25,"DNK","2018","David Madsen",113.5,"2018-David Madsen"
"C","L",74,205,"KALMAR","SWEDEN-2",1999-12-26,"CAN","2018","Matthew Struthers",116,"2018-Matthew Struthers"
"C","L",70,178,NA,NA,2000-06-06,"CAN","2018","Brendan Budy",131.5,"2018-Brendan Budy"
"C","R",70,179,NA,NA,1999-04-27,"USA","2018","Ben Copeland",126,"2018-Ben Copeland"
"C","R",73,194,"BIETIGHEIM","GERMANY-2",2000-03-23,"CAN","2018","Brett Kemp",147,"2018-Brett Kemp"
"C","L",70,185,"TULSA","ECHL",2000-03-10,"CAN","2018","Brodi Stuart",136.5,"2018-Brodi Stuart"
"C","R",73,181,"Cape Breton","QMJHL",2000-06-27,"CAN","2018","Mathias Laferriere",130,"2018-Mathias Laferriere"
"C","L",74,181,"Sioux City","USHL",1999-11-19,"SVK","2018","Martin Pospisil",116,"2018-Martin Pospisil"
"C","L",72,177,"Chicoutimi","QMJHL",2000-03-08,"CAN","2018","Samuel Houde",145,"2018-Samuel Houde"
"D","R",73,184,"Red Deer","WHL",2000-01-12,"CAN","2018","Dawson Barteaux",144.5,"2018-Dawson Barteaux"
"RW","R",76,194,"HERLEV","DENMARK",2000-05-04,"DNK","2018","Oliver True",134,"2018-Oliver True"
"LW","L",70,181,"Langley","BCHL",1999-10-02,"CAN","2018","Angus Crookshank",137,"2018-Angus Crookshank"
"LW","L",70,183,"Edina H.S.","HIGH-MN",2000-03-24,"USA","2018","Demetrios Koumontzis",138,"2018-Demetrios Koumontzis"
"D","L",73,206,"Portland","WHL",2000-08-02,"CZE","2018","John Ludvig",122,"2018-John Ludvig"
"D","R",72,188,"UTAH","ECHL",2000-02-04,"USA","2018","Christian Felton",122,"2018-Christian Felton"
"D","R",72,187,NA,NA,2000-01-18,"CAN","2018","Peter Stratis",127.5,"2018-Peter Stratis"
"C","R",76,215,"IOWA","AHL",2000-03-30,"USA","2018","Jaxon Nelson",109,"2018-Jaxon Nelson"
"D","L",72,185,"Salisbury","HIGH-CT",2000-03-31,"CAN","2018","Peter Diliberatore",127.5,"2018-Peter Diliberatore"
"D","L",74,191,"Youngstown","USHL",1999-09-23,"USA","2018","Michael Callahan",123.5,"2018-Michael Callahan"
"RW","R",76,212,NA,NA,2000-02-22,"CAN","2018","Connor Roberts",148,"2018-Connor Roberts"
"C","L",73,186,NA,NA,2000-01-25,"CAN","2018","Hunter Holmes",148.5,"2018-Hunter Holmes"
"D","L",75,192,"Lincoln","USHL",2000-05-05,"USA","2018","Cole Krygier",148.5,"2018-Cole Krygier"
"C","R",72,183,"WOLFSBURG","GERMANY",1998-06-16,"USA","2018","Robert Lynch",178.5,"2018-Robert Lynch"
"RW","R",72,183,"Minnetonka","HIGH-MN",2000-07-26,"USA","2018","Luke Loheit",158.5,"2018-Luke Loheit"
"LW","L",70,177,"KANSAS CITY","ECHL",2000-05-07,"USA","2018","Jack Randl",153,"2018-Jack Randl"
"C","L",72,178,"Calgary","WHL",2000-02-04,"CAN","2018","Carson Focht",177.5,"2018-Carson Focht"
"D","L",71,190,"CRIMMITSCHAU","GERMANY-2",2000-06-25,"CAN","2018","Adam McCormick",162,"2018-Adam McCormick"
"RW","R",72,195,NA,NA,1999-07-23,"CAN","2018","Leif Mattson",157,"2018-Leif Mattson"
"LW","L",71,184,"CHEREPOVETS","RUSSIA",1999-10-14,"SVK","2018","Adam Liska",160,"2018-Adam Liska"
"LW","L",76,216,"Kamloops","WHL",1998-01-18,NA,"2018","Jermaine Loewen",160,"2018-Jermaine Loewen"
"D","L",71,185,"TOLEDO","ECHL",2000-06-26,"CAN","2018","Riley McCourt",161,"2018-Riley McCourt"
"RW","R",70,194,"MUNCHEN","GERMANY",1999-04-20,"CAN","2018","Jeremy McKenna",142,"2018-Jeremy McKenna"
"D","L",74,185,"Pickering","OJHL",2000-08-04,"CAN","2018","Dustyn McFaul",180,"2018-Dustyn McFaul"
"C","R",76,191,NA,NA,2000-07-01,"USA","2018","Ethan Manderville",188.5,"2018-Ethan Manderville"
"C","R",74,187,NA,NA,2000-08-17,"USA","2018","Jack Deboer",181.5,"2018-Jack Deboer"
"C","R",73,191,NA,NA,2000-07-06,"CAN","2018","Christopher Douglas",168,"2018-Christopher Douglas"
"D","L",73,187,"LIBEREC","CZECHIA",1999-11-18,"SVK","2018","Michal Ivan",129.5,"2018-Michal Ivan"
"D","L",73,209,"Barrie","OHL",2000-03-01,"CAN","2018","Tyler Tucker",137.5,"2018-Tyler Tucker"
"D","R",73,202,"POPRAD","SLOVAKIA",1998-11-28,"SVK","2018","Martin Bodak",172,"2018-Martin Bodak"
"D","L",72,193,NA,NA,2000-06-18,"CAN","2018","Mason Snell",179,"2018-Mason Snell"
"C","R",71,202,"Okotoks","AJHL",2000-08-26,"CAN","2018","Austin Wong",194,"2018-Austin Wong"
"D","L",73,190,NA,NA,2000-05-18,"USA","2018","Declan Carlile",176,"2018-Declan Carlile"
"C","R",71,196,"Vernon","BCHL",1999-02-23,"CAN","2018","Brett Stapley",161.5,"2018-Brett Stapley"
"RW","R",72,192,NA,NA,1998-04-07,"CAN","2018","Kody McDonald",178,"2018-Kody McDonald"
"RW","R",71,180,NA,NA,1999-03-16,"CAN","2018","Isaac Nurse",180,"2018-Isaac Nurse"
"C","L",71,167,NA,NA,1998-05-12,"CAN","2018","Luke Burghardt",167,"2018-Luke Burghardt"
"LW","L",76,219,NA,NA,1999-10-12,"CAN","2018","Thomas Ethier",184.5,"2018-Thomas Ethier"
"LW","L",70,171,NA,NA,2000-01-23,"CAN","2018","Mathew MacDougall",152,"2018-Mathew MacDougall"
"C","R",69,180,NA,NA,2000-03-22,"CAN","2018","Eli Zummack",184,"2018-Eli Zummack"
"D","L",70,188,"U. Mass.","H-EAST",1999-10-11,"USA","2018","Marc Del Gaizo",187,"2018-Marc Del Gaizo"
"D","L",72,188,NA,NA,2000-05-16,"CAN","2018","Jacob Herauf",195.5,"2018-Jacob Herauf"
"D","L",72,178,NA,NA,1999-11-27,"USA","2018","Cameron Boudreau",153,"2018-Cameron Boudreau"
"C","L",70,180,"Saginaw","OHL",2000-03-03,"CAN","2018","Damien Giroux",183.5,"2018-Damien Giroux"
"LW","L",68,164,"TROIS-RIVIERES","ECHL",2000-03-03,"CAN","2018","Cedric Desruisseaux",191,"2018-Cedric Desruisseaux"
"D","L",69,156,NA,NA,1999-01-29,"USA","2018","Graham Lillibridge",192,"2018-Graham Lillibridge"
"LW","L",72,190,NA,NA,2000-07-11,"USA","2018","Erik Middendorf",200.5,"2018-Erik Middendorf"
"RW","R",73,189,"HPK","FINLAND",1998-08-11,"CAN","2018","Cameron Wright",192.5,"2018-Cameron Wright"
"RW","R",71,183,"HERNING","DENMARK",2000-01-30,"CAN","2018","Josh Prokop",186,"2018-Josh Prokop"
"C/LW","L",76,202,"Wenatchee","BCHL",1998-01-22,"USA","2018","Jasper Weatherby",198,"2018-Jasper Weatherby"
"LW","L",69,184,"TOLEDO","ECHL",1998-04-17,"USA","2018","Mitchell Lewandowski",199,"2018-Mitchell Lewandowski"
"D","R",72,198,NA,NA,1999-08-23,"CAN","2018","Brayden Pachal",200,"2018-Brayden Pachal"
"D","L",73,196,"BAD NAUHEIM","GERMANY-2",2000-06-23,"CAN","2018","Justin MacPherson",182,"2018-Justin MacPherson"
"D","L",71,177,NA,NA,1999-12-17,"USA","2018","Chase Hartje",191.5,"2018-Chase Hartje"
"RW","R",72,202,"SYRACUSE","AHL",1998-01-26,"USA","2018","Mitchell Chaffee",203,"2018-Mitchell Chaffee"
"RW","R",74,205,"SONDERJYSKE","DENMARK",1998-01-14,"DNK","2018","Jacob Schmidt-Svejstrup",181,"2018-Jacob Schmidt-Svejstrup"
"LW","L",72,170,"TOLEDO","ECHL",2000-02-10,"USA","2018","Jacques Bouquot",200,"2018-Jacques Bouquot"
"D","R",73,195,"Sioux Falls","USHL",2000-04-19,"CAN","2018","Maxwell Crozier",161,"2018-Maxwell Crozier"
"LW","L",72,185,NA,NA,2000-07-05,"USA","2018","Ben Sanderson",208,"2018-Ben Sanderson"
"LW","L",75,190,"Cedar Rapids","USHL",1999-11-06,"USA","2018","Aidan McDonough",200.5,"2018-Aidan McDonough"
"RW","R",71,185,"UNIA OSWIECIM","POLAND",2000-02-08,"UKR","2018","Alexandr Peresunko",198,"2018-Alexandr Peresunko"
"RW","R",76,219,NA,NA,2000-01-06,"USA","2018","Colin Schmidt",204.5,"2018-Colin Schmidt"
"C","L",71,153,"CALGARY","AHL",1999-07-28,"USA","2018","Samuel Morton",212,"2018-Samuel Morton"
"C","R",71,164,NA,NA,1999-12-30,"USA","2018","Teddy Wooding",196.5,"2018-Teddy Wooding"
"LW","L",74,202,"Janesville","NAHL",1998-10-22,"CAN","2018","Jakov Novak",214,"2018-Jakov Novak"
"LW","L",73,196,"Sioux City","USHL",1998-05-17,"USA","2018","Cole Koepke",215,"2018-Cole Koepke"
"D","L",74,192,"Lincoln","USHL",2000-05-05,"USA","2018","Christian Krygier",187.5,"2018-Christian Krygier"
"D","L",75,190,"RYAZAN","RUSSIA-2",1999-10-01,"RUS","2018","Georgy Dedov",568.5,"2018-Georgy Dedov"
"D","R",70,194,"Flint","OHL",2000-01-06,"CAN","2018","Dennis Busby",920,"2018-Dennis Busby"
"D","L",74,180,NA,NA,2000-08-03,"USA","2018","Zack Malik",919,"2018-Zack Malik"
"LW","L",71,178,NA,NA,2000-03-04,"USA","2018","Ryan Stevens",559.5,"2018-Ryan Stevens"
"LW","L",74,175,NA,NA,2000-03-01,"CAN","2018","Logan Cash",109,"2018-Logan Cash"
"LW","L",73,199,NA,NA,2000-04-21,"USA","2018","Braden Costello",112,"2018-Braden Costello"
"LW","L",71,185,"OLOMOUC","CZECHIA",1998-12-26,"LVA","2018","Renars Krastenbergs",137,"2018-Renars Krastenbergs"
"RW","R",71,185,NA,NA,2000-03-31,"CAN","2018","Ryan Savage",145,"2018-Ryan Savage"
"LW","L",72,184,NA,NA,2000-06-04,"USA","2018","Wyatt Schlaht",151,"2018-Wyatt Schlaht"
"RW","R",70,175,"MORA","SWEDEN-2",1999-07-12,"CAN","2018","Ethan De Jong",154,"2018-Ethan De Jong"
"RW","L",74,187,NA,NA,2000-03-29,"RUS","2018","Kirill Nizhnikov",161,"2018-Kirill Nizhnikov"
"D","R",74,190,NA,NA,2000-07-17,"USA","2018","Michael Vorlicky",167,"2018-Michael Vorlicky"
"LW","L",72,174,NA,NA,2000-07-04,"CAN","2018","Brad Ginnell",169,"2018-Brad Ginnell"
"D","L",74,191,NA,NA,2000-04-10,"USA","2018","Jordon Halverson",172,"2018-Jordon Halverson"
"RW","L",73,174,NA,NA,1999-11-19,"CAN","2018","Matthew Grouchy",174,"2018-Matthew Grouchy"
"LW","L",69,159,NA,NA,1999-06-25,"CAN","2018","James Malm",176,"2018-James Malm"
"C","L",70,180,"CSM CORONA BRASOV","HUNGARY",1999-09-16,"ISR","2018","David Levin",183,"2018-David Levin"
"D","L",74,205,"TROIS-RIVIERES","ECHL",2000-01-27,"CAN","2018","Wyatt McLeod",184,"2018-Wyatt McLeod"
"D","R",76,201,"FORT WAYNE","ECHL",1999-01-07,"CAN","2018","Reece Harsch",188,"2018-Reece Harsch"
"D","R",71,193,"Vancouver","WHL",2000-07-20,"THA","2018","Alex Kannok-Leipert",190,"2018-Alex Kannok-Leipert"
"D","R",76,202,NA,NA,2000-02-17,"USA","2018","Benjamin Schultheis",191,"2018-Benjamin Schultheis"
"LW","R",73,190,"MONT-BLANC","FRANCE-2",1998-09-25,"FIN","2018","Emil Oksanen",193,"2018-Emil Oksanen"
"C","L",72,188,NA,NA,2000-07-26,"USA","2018","Ben Helgeson",195,"2018-Ben Helgeson"
"RW","R",71,183,NA,NA,2000-02-29,"USA","2018","Philippe Lapointe",201,"2018-Philippe Lapointe"
"C","R",72,193,NA,NA,2000-01-15,"USA","2018","Noah Prokop",205,"2018-Noah Prokop"
"LW","L",73,189,NA,NA,1998-02-16,"SWE","2018","Emil Westerlund",209,"2018-Emil Westerlund"
"C","L",76,218,NA,NA,2000-07-04,"CAN","2018","Maxim Grondin",211,"2018-Maxim Grondin"
"D","R",75,180,NA,NA,1999-04-22,"USA","2018","Nolan McElhaney",213,"2018-Nolan McElhaney"
"D","L",72,192,"WORCESTER","ECHL",2000-09-15,"USA","2018","Gabriel Blanchard",215,"2018-Gabriel Blanchard"
"D","R",76,225,"TUCSON","AHL",2000-03-08,"CAN","2018","Montana Onyebuchi",216,"2018-Montana Onyebuchi"
"LW","L",74,195,"CHOLET","FRANCE-2",2000-05-05,"USA","2018","Connor Sweeney",217,"2018-Connor Sweeney"
"C","L",70,171,"USA U-18","NTDP",2001-05-14,"USA","2019","Jack Hughes",1,"2019-Jack Hughes"
"D","L",73,195,"Vancouver","WHL",2001-06-13,"CAN","2019","Bowen Byram",3,"2019-Bowen Byram"
"C","R",76,198,"Saskatoon","WHL",2001-01-21,"CAN","2019","Kirby Dach",2.5,"2019-Kirby Dach"
"C","L",71,186,"USA U-18","NTDP",2001-02-26,"USA","2019","Alex Turcotte",4.5,"2019-Alex Turcotte"
"C","R",75,183,"Lethbridge","WHL",2001-02-09,"CAN","2019","Dylan Cozens",4,"2019-Dylan Cozens"
"C","L",72,173,"USA U-18","NTDP",2001-03-20,"USA","2019","Trevor Zegras",6.5,"2019-Trevor Zegras"
"RW","L",74,194,"Hamilton","OHL",2001-06-26,"USA","2019","Arthur Kaliyev",9,"2019-Arthur Kaliyev"
"RW","R",67,163,"USA U-18","NTDP",2001-01-02,"USA","2019","Cole Caufield",11.5,"2019-Cole Caufield"
"LW","L",74,196,"USA U-18","NTDP",2001-04-05,"USA","2019","Matthew Boldy",7.5,"2019-Matthew Boldy"
"C","L",72,183,"Kootenay","WHL",2001-01-26,"CAN","2019","Peyton Krebs",9,"2019-Peyton Krebs"
"D","L",75,203,"Mississauga","OHL",2001-08-19,"USA","2019","Thomas Harley",10,"2019-Thomas Harley"
"D","L",71,172,"USA U-18","NTDP",2001-01-05,"USA","2019","Cameron York",12,"2019-Cameron York"
"C","L",70,192,"Victoria","BCHL",2001-01-28,"CAN","2019","Alex Newhook",14.5,"2019-Alex Newhook"
"C","R",72,183,"Niagara","OHL",2001-07-28,"CAN","2019","Philip Tomasino",19,"2019-Philip Tomasino"
"D","R",72,194,"Kelowna","WHL",2000-09-24,"FIN","2019","Lassi Thomson",14.5,"2019-Lassi Thomson"
"LW","L",75,205,"Muskegon","USHL",2001-01-23,"RUS","2019","Egor Afanasyev",17.5,"2019-Egor Afanasyev"
"LW","L",69,164,"Peterborough","OHL",2001-09-11,"USA","2019","Nicholas Robertson",23.5,"2019-Nicholas Robertson"
"C","L",73,183,"Barrie","OHL",2001-05-28,"CAN","2019","Ryan Suzuki",14,"2019-Ryan Suzuki"
"RW","R",68,165,"Sioux City","USHL",2001-07-08,"USA","2019","Bobby Brink",24,"2019-Bobby Brink"
"LW","R",76,198,"Halifax","QMJHL",2000-09-25,"CAN","2019","Raphael Lavoie",16.5,"2019-Raphael Lavoie"
"LW","L",73,185,"Moose Jaw","WHL",2001-05-28,"CAN","2019","Brayden Tracey",47,"2019-Brayden Tracey"
"LW","L",73,216,"Sherbrooke","QMJHL",2001-02-25,"CAN","2019","Samuel Poulin",24.5,"2019-Samuel Poulin"
"LW","L",73,181,"Waterloo","USHL",2001-06-19,"RUS","2019","Vladislav Firstov",22,"2019-Vladislav Firstov"
"C","L",72,182,"London","OHL",2001-01-15,"CAN","2019","Connor McMichael",26,"2019-Connor McMichael"
"D","L",76,210,"Edmonton","WHL",2001-03-09,"CAN","2019","Matthew Robertson",22,"2019-Matthew Robertson"
"LW","L",70,165,"Moncton","QMJHL",2001-03-07,"CAN","2019","Jakob Pelletier",23.5,"2019-Jakob Pelletier"
"C","R",74,195,"Tri-City","USHL",2000-11-12,"USA","2019","Shane Pinto",31.5,"2019-Shane Pinto"
"C","L",72,185,"Charlottetown","QMJHL",2000-09-16,"DEU","2019","Nikita Alexandrov",37,"2019-Nikita Alexandrov"
"C","L",70,182,"Sarnia","OHL",2001-02-26,"CAN","2019","Jamieson Rees",26.5,"2019-Jamieson Rees"
"D","L",73,189,"Flint","OHL",2001-05-26,"BLR","2019","Vladislav Kolyachonok",26.5,"2019-Vladislav Kolyachonok"
"D","R",75,194,"Kelowna","WHL",2001-01-29,"CAN","2019","Kaedan Korczak",31.5,"2019-Kaedan Korczak"
"D","L",72,170,"Sioux Falls","USHL",2001-07-24,"USA","2019","Ryan Johnson",34.5,"2019-Ryan Johnson"
"LW","L",73,175,"Spokane","WHL",2001-05-10,"CAN","2019","Adam Beckman",39,"2019-Adam Beckman"
"C","R",71,190,"Dexter School","HIGH-MA",2001-02-14,"USA","2019","John Farinacci",36,"2019-John Farinacci"
"D","L",74,187,"Shattuck-St. Mary's","HIGH-MN",2001-01-09,"USA","2019","Jackson Lacombe",41.5,"2019-Jackson Lacombe"
"LW","L",76,195,"Kelowna","WHL",2000-11-29,"USA","2019","Nolan Foote",31.5,"2019-Nolan Foote"
"D","L",78,198,"USA U-18","NTDP",2001-06-05,"USA","2019","Alex Vlasic",31.5,"2019-Alex Vlasic"
"D","L",74,188,"USA U-18","NTDP",2001-03-12,"USA","2019","Henry Thrun",35.5,"2019-Henry Thrun"
"D","L",71,164,"Lawrence Academy","HIGH-MA",2001-08-24,"USA","2019","Braden Doyle",44,"2019-Braden Doyle"
"D","L",71,185,"Chicoutimi","QMJHL",2001-01-04,"RUS","2019","Artemi Kniazev",40.5,"2019-Artemi Kniazev"
"D","L",76,213,"Blainville-Boisbriand","QMJHL",2000-12-09,"CAN","2019","Samuel Bolduc",64.5,"2019-Samuel Bolduc"
"LW","L",70,160,"Victoria","BCHL",2001-02-27,"CAN","2019","Alexander Campbell",42.5,"2019-Alexander Campbell"
"C","L",77,205,"Prince Albert","WHL",2001-01-06,"BLR","2019","Aliaksei Protas",60.5,"2019-Aliaksei Protas"
"RW","R",72,175,"Ottawa","OHL",2001-04-24,"USA","2019","Graeme Clarke",50.5,"2019-Graeme Clarke"
"D","R",75,194,"USA U-18","NTDP",2001-03-26,"USA","2019","Drew Helleson",39.5,"2019-Drew Helleson"
"LW","L",74,207,"Sioux City","USHL",2001-03-20,"FIN","2019","Marcus Kallionkieli",40.5,"2019-Marcus Kallionkieli"
"D","L",72,205,"St. Sebastian's School","HIGH-MA",2001-09-08,"USA","2019","Jayden Struble",45.5,"2019-Jayden Struble"
"C","L",75,212,"USA U-18","NTDP",2001-04-05,"USA","2019","John Beecher",51,"2019-John Beecher"
"D","L",72,196,"Everett","WHL",2000-09-30,"CAN","2019","Gianni Fairbrother",67.5,"2019-Gianni Fairbrother"
"LW","L",71,165,"Dubuque","USHL",2000-10-14,"FIN","2019","Matias Maccelli",67,"2019-Matias Maccelli"
"C","R",71,182,"Sioux Falls","USHL",2000-10-07,"CAN","2019","Anthony Romano",64,"2019-Anthony Romano"
"LW","L",70,159,"Chicago","USHL",2001-01-24,"USA","2019","Robert Mastrosimone",51,"2019-Robert Mastrosimone"
"RW","R",72,207,"Baie Comeau","QMJHL",2001-01-11,"CAN","2019","Nathan Legare",59,"2019-Nathan Legare"
"D","L",76,213,"Kitchener","OHL",2001-06-08,"CAN","2019","Michael Vukojevic",58,"2019-Michael Vukojevic"
"D","L",73,198,"Ottawa","OHL",2000-12-04,"RUS","2019","Nikita Okhotyuk",55.5,"2019-Nikita Okhotyuk"
"D","R",73,185,"Val d'Or","QMJHL",2001-04-28,"CAN","2019","Maxence Guenette",63,"2019-Maxence Guenette"
"D","R",73,195,NA,NA,2001-03-25,"CAN","2019","William Constantinou",56,"2019-William Constantinou"
"D","R",70,173,"Moncton","QMJHL",2001-02-24,"AUS","2019","Jordan Spence",64.5,"2019-Jordan Spence"
"RW","L",71,165,"IDAHO","ECHL",2001-01-04,"USA","2019","Grant Silianoff",76.5,"2019-Grant Silianoff"
"D","L",71,170,"USA U-18","NTDP",2001-04-20,"USA","2019","Marshall Warren",50,"2019-Marshall Warren"
"D","L",74,205,"Prince George","BCHL",2001-02-22,"CAN","2019","Layton Ahac",88,"2019-Layton Ahac"
"C","L",71,170,"Victoriaville","QMJHL",2001-03-26,"RUS","2019","Mikhail Abramov",60.5,"2019-Mikhail Abramov"
"LW","R",74,192,"Rouyn-Noranda","QMJHL",2001-07-25,"CAN","2019","Alex Beaucage",66,"2019-Alex Beaucage"
"C","L",73,194,"London","OHL",2001-01-30,"RUS","2019","Matvey Guskov",64,"2019-Matvey Guskov"
"C","L",73,189,"GORNYAK-UGMK","RUSSIA-2",2001-01-07,"RUS","2019","Oleg Zaytsev",52,"2019-Oleg Zaytsev"
"RW","R",76,205,"USA U-18","NTDP",2001-03-19,"USA","2019","Judd Caulfield",58.5,"2019-Judd Caulfield"
"D","L",68,153,"USA U-18","NTDP",2001-09-07,"USA","2019","Domenick Fensore",78.5,"2019-Domenick Fensore"
"D","L",69,172,"Chaska","HIGH-MN",2001-04-13,"USA","2019","Michael Koster",76.5,"2019-Michael Koster"
"D","L",70,172,"Tri-City","USHL",2000-10-18,"USA","2019","Zachary Jones",87,"2019-Zachary Jones"
"RW","L",71,181,"Victoriaville","QMJHL",2001-06-03,"RUS","2019","Egor Serdyuk",72.5,"2019-Egor Serdyuk"
"C","L",71,185,"Shawinigan","QMJHL",2000-09-25,"CHE","2019","Valentin Nussbaumer",66,"2019-Valentin Nussbaumer"
"RW","R",71,183,"USA U-18","NTDP",2001-01-23,"USA","2019","Patrick Moynihan",87.5,"2019-Patrick Moynihan"
"LW","L",74,212,"Flint","OHL",2001-03-20,"CAN","2019","Ethan Keppen",92,"2019-Ethan Keppen"
"D","R",77,211,"Cedar Rapids","USHL",2000-11-16,"USA","2019","William Francis",86.5,"2019-William Francis"
"D","R",76,205,"Tri-City","USHL",1999-03-20,"USA","2019","Ronald Attard",109.5,"2019-Ronald Attard"
"D","R",73,198,"USA U-18","NTDP",2001-01-09,"USA","2019","Case McCarthy",59,"2019-Case McCarthy"
"C","R",69,150,"Sioux Falls","USHL",2001-05-07,"CAN","2019","Ethan Phillips",84.5,"2019-Ethan Phillips"
"RW","R",72,194,"Tri-City","WHL",2001-05-06,"CAN","2019","Sasha Mutala",80,"2019-Sasha Mutala"
"C","L",71,186,"Chilliwack","BCHL",2001-03-18,"GBR","2019","Harrison Blaisdell",66,"2019-Harrison Blaisdell"
"C","L",71,175,"Portland","WHL",2001-02-20,"CAN","2019","Reece Newkirk",73.5,"2019-Reece Newkirk"
"RW","R",73,191,"Youngstown","USHL",2000-10-13,"USA","2019","Jack Malone",87,"2019-Jack Malone"
"C","L",70,175,"Penticton","BCHL",2001-06-13,"CAN","2019","Massimo Rizzo",70.5,"2019-Massimo Rizzo"
"C","R",71,194,"Fargo","USHL",2001-04-27,"USA","2019","Joshua Nodler",80.5,"2019-Joshua Nodler"
"D","L",78,200,"Rivers Academy","HIGH-MA",2001-01-05,"USA","2019","Cade Webber",74.5,"2019-Cade Webber"
"D","L",73,181,"Brunswick Prep","HIGH-CT",2001-02-16,"USA","2019","Cooper Moore",87,"2019-Cooper Moore"
"RW","R",72,197,"Blaine","HIGH-MN",2000-08-09,"USA","2019","Bryce Brodzinski",103,"2019-Bryce Brodzinski"
"C","R",72,177,"Roseau","HIGH-MN",2001-03-06,"USA","2019","Aaron Huglen",85,"2019-Aaron Huglen"
"RW","R",71,200,"Saint John","QMJHL",2001-01-03,"SVK","2019","Maxim Cajkovic",75,"2019-Maxim Cajkovic"
"D","L",73,200,"Sault Ste. Marie","OHL",2000-11-22,"CAN","2019","Jacob Leguerrier",82,"2019-Jacob Leguerrier"
"C","R",72,193,"USA U-18","NTDP",2001-05-17,"USA","2019","Owen Lindmark",79,"2019-Owen Lindmark"
"D","L",74,200,"Kamloops","WHL",2001-07-27,"CAN","2019","Quinn Schmiemann",82.5,"2019-Quinn Schmiemann"
"C","L",73,188,NA,NA,2000-12-31,"USA","2019","Keegan Stevenson",121.5,"2019-Keegan Stevenson"
"C","R",74,185,"Mississauga","OHL",2001-04-25,"CAN","2019","Cole Schwindt",113.5,"2019-Cole Schwindt"
"C","R",76,186,"Duluth East H.S.","HIGH-MN",2000-10-04,"USA","2019","Ryder Donovan",71.5,"2019-Ryder Donovan"
"LW","L",70,173,"Chaska","HIGH-MN",2001-02-07,"USA","2019","Rhett Pitlick",118.5,"2019-Rhett Pitlick"
"RW","L",71,185,NA,NA,2001-06-13,"CAN","2019","Cole MacKay",97.5,"2019-Cole MacKay"
"LW","L",71,185,"COLORADO","AHL",2001-04-12,"USA","2019","Luke Toporowski",91,"2019-Luke Toporowski"
"C","L",75,200,NA,NA,2001-02-01,"CAN","2019","Joseph Carroll",76,"2019-Joseph Carroll"
"C","R",74,176,"ISERLOHN","GERMANY",2000-06-11,"DEU","2019","Taro Jentzsch",100.5,"2019-Taro Jentzsch"
"LW","L",73,187,"Saginaw","OHL",2001-03-12,"CAN","2019","Nicholas Porco",102,"2019-Nicholas Porco"
"C","L",74,187,"Sudbury","OHL",2001-07-05,"CAN","2019","Blake Murray",107.5,"2019-Blake Murray"
"LW","L",70,170,"Okotoks","AJHL",2001-05-09,"CAN","2019","Quinn Olson",129.5,"2019-Quinn Olson"
"C","L",72,173,NA,NA,2001-07-15,"USA","2019","Garrett Pinoniemi",111,"2019-Garrett Pinoniemi"
"RW","R",71,160,"Toronto JC","OJHL",2001-01-14,"CAN","2019","Eric Ciccolini",101.5,"2019-Eric Ciccolini"
"LW","L",73,190,NA,NA,2001-08-21,"USA","2019","Austen Swankler",112,"2019-Austen Swankler"
"LW","L",74,195,"ALLEN","ECHL",2001-06-21,"USA","2019","Michael Gildon",114,"2019-Michael Gildon"
"D","R",76,220,"ONTARIO","AHL",2000-11-30,"USA","2019","Jackson Millar",111,"2019-Jackson Millar"
"RW","R",72,200,"Sioux Falls","USHL",2001-04-20,"USA","2019","Sam Stange",124.5,"2019-Sam Stange"
"C","L",78,210,"North Bay","OHL",2001-07-28,"CAN","2019","Mason Primeau",127.5,"2019-Mason Primeau"
"D","R",76,201,"INDY","ECHL",2000-03-31,"CAN","2019","Jeremie Bucheler",113.5,"2019-Jeremie Bucheler"
"D","L",72,215,"Minnesota","BIG10",2000-10-04,"USA","2019","Benjamin Brinkman",97,"2019-Benjamin Brinkman"
"D","R",74,191,NA,NA,2001-02-25,"USA","2019","Ryan Siedem",102,"2019-Ryan Siedem"
"LW","L",72,195,"Brandon","WHL",2001-07-13,"CAN","2019","Ben McCartney",117,"2019-Ben McCartney"
"LW","L",75,190,"KAZAN","RUSSIA",2001-02-12,"BLR","2019","Vladimir Alistrov",134.5,"2019-Vladimir Alistrov"
"C","R",70,190,"Central Illinois","USHL",2000-12-25,"USA","2019","Trevor Janicke",109.5,"2019-Trevor Janicke"
"D","R",75,188,"Lincoln","USHL",2001-04-29,"USA","2019","Hunter Skinner",116,"2019-Hunter Skinner"
"C","L",74,183,"Lawrenceville","HIGH-NJ",2001-09-10,"USA","2019","Nikita Nesterenko",147.5,"2019-Nikita Nesterenko"
"C","L",69,160,"Chicago","USHL",1999-06-04,"USA","2019","Nicholas Abruzzese",161,"2019-Nicholas Abruzzese"
"C","R",73,189,"Seattle","WHL",2001-06-26,"CAN","2019","Henrik Rybinski",126,"2019-Henrik Rybinski"
"D","L",73,180,"Saginaw","OHL",2001-07-18,"CAN","2019","Mason Millman",149,"2019-Mason Millman"
"RW","R",71,196,NA,NA,2001-04-06,"CAN","2019","Keighan Gerrie",134.5,"2019-Keighan Gerrie"
"D","L",73,180,"Merrimack","H-EAST",2001-05-13,"CAN","2019","Zachary Uens",134,"2019-Zachary Uens"
"C","L",75,205,"Kimball Union Academy","HIGH-NH",2000-09-23,"CZE","2019","Tomas Mazura",129,"2019-Tomas Mazura"
"C","R",73,182,"St. Andrew's College","HIGH-ON",2000-10-07,"CAN","2019","Matthew Stienburg",156,"2019-Matthew Stienburg"
"D","R",74,187,"Prince George","WHL",2000-10-17,"CAN","2019","Cole Moberg",155.5,"2019-Cole Moberg"
"D","L",69,171,NA,NA,2000-11-20,"CAN","2019","Luke Bast",147.5,"2019-Luke Bast"
"D","L",78,222,"ADIRONDACK","ECHL",2001-06-15,"CAN","2019","Jackson Van Leest",141.5,"2019-Jackson Van Leest"
"D","L",72,178,"Cedar Rapids","USHL",2001-04-20,"USA","2019","Ben Meehan",139,"2019-Ben Meehan"
"RW","R",72,191,"MANNHEIM","GERMANY",2000-12-17,"CAN","2019","Eric Uba",145.5,"2019-Eric Uba"
"C","L",70,165,"LUKKO","FINLAND",2000-10-03,"FIN","2019","Jami Krannila",116.5,"2019-Jami Krannila"
"C","L",75,185,"BENTLEY","AHA",2001-01-31,"CAN","2019","Arlo Merritt",137,"2019-Arlo Merritt"
"RW","R",74,190,NA,NA,2001-03-08,"CAN","2019","Josh Williams",106,"2019-Josh Williams"
"D","L",74,195,NA,NA,2001-07-13,"CAN","2019","Jake Lee",112,"2019-Jake Lee"
"D","R",69,176,NA,NA,2000-09-29,"USA","2019","Joshua Luedtke",147,"2019-Joshua Luedtke"
"D","L",74,202,NA,NA,2001-05-13,"CAN","2019","Liam Ross",165.5,"2019-Liam Ross"
"C","L",71,195,"Mississauga","OHL",2001-08-16,"CAN","2019","Keean Washkurak",141.5,"2019-Keean Washkurak"
"RW","L",72,198,"Waterloo","USHL",2000-05-31,"CZE","2019","Matej Blumel",128.5,"2019-Matej Blumel"
"RW","L",69,169,NA,NA,2001-03-08,"CAN","2019","Bailey Peach",182,"2019-Bailey Peach"
"C","L",72,187,"BIEL-BIENNE","SWISS",2000-12-11,"CZE","2019","Petr Cajka",127.5,"2019-Petr Cajka"
"D","L",72,190,"AMIENS","FRANCE",2000-09-14,"CAN","2019","Justin Bergeron",153,"2019-Justin Bergeron"
"D","L",72,178,NA,NA,2000-12-13,"CAN","2019","Christopher Giroday",145,"2019-Christopher Giroday"
"C","L",71,183,"BLOOMINGTON","ECHL",2001-06-01,"CAN","2019","Brett Budgell",130.5,"2019-Brett Budgell"
"D","L",72,200,"Victoria","BCHL",1999-09-17,"CAN","2019","Carter Berger",169,"2019-Carter Berger"
"C","R",76,212,"LEHIGH VALLEY","AHL",2001-03-09,"CAN","2019","Jacob Gaucher",159,"2019-Jacob Gaucher"
"LW","L",72,172,"Val d'Or","QMJHL",2001-05-02,"CAN","2019","Jeremy Michel",160,"2019-Jeremy Michel"
"D","L",73,195,"AKM TULA REGION","RUSSIA-2",2001-01-07,"RUS","2019","Malik Alishlalov",167,"2019-Malik Alishlalov"
"D","R",75,207,NA,NA,2001-05-11,"CAN","2019","Connor Horning",168,"2019-Connor Horning"
"C","L",74,194,NA,NA,2001-05-13,"CAN","2019","Mathieu Bizier",157,"2019-Mathieu Bizier"
"LW","R",71,176,"KHABAROVSK","RUSSIA",2001-09-02,"RUS","2019","Yaroslav Likhachev",136,"2019-Yaroslav Likhachev"
"LW","L",72,190,"GREENSBORO","ECHL",2001-09-07,"CAN","2019","Ethan Leyh",164,"2019-Ethan Leyh"
"D","R",75,209,NA,NA,2001-06-25,"CAN","2019","Mitchell Brown",148,"2019-Mitchell Brown"
"D","R",70,176,NA,NA,2001-02-11,"CAN","2019","Sean Larochelle",162,"2019-Sean Larochelle"
"RW","R",74,190,"REGENSBURG","GERMANY-2",1999-06-14,"CAN","2019","Bryce Kindopp",170,"2019-Bryce Kindopp"
"D","R",77,213,"POPRAD","SLOVAKIA",2001-03-30,"AUT","2019","Oliver Turan",159,"2019-Oliver Turan"
"D","R",79,200,NA,NA,2001-03-13,"USA","2019","Cade Alami",545.5,"2019-Cade Alami"
"C","L",70,180,"Windsor","OHL",2000-09-30,"CAN","2019","Tyler Angle",154.5,"2019-Tyler Angle"
"C","L",75,205,"MODO","SWEDEN-2",2001-07-06,"CAN","2019","Alex Swetlikoff",196,"2019-Alex Swetlikoff"
"C","L",72,177,NA,NA,2001-09-03,"USA","2019","Nathan Warner",176,"2019-Nathan Warner"
"C","L",73,183,"RINGERIKE","NORWAY-2",2000-10-31,"CAN","2019","John Beaton",182.5,"2019-John Beaton"
"D","R",75,193,NA,NA,1999-04-15,"USA","2019","Spencer Meier",178,"2019-Spencer Meier"
"D","R",76,187,NA,NA,2000-11-13,"CAN","2019","Chase Felgueiras",177.5,"2019-Chase Felgueiras"
"C","L",70,193,"KANSAS CITY","ECHL",2001-02-27,"USA","2019","Jackson Jutting",172.5,"2019-Jackson Jutting"
"LW","L",73,193,NA,NA,2001-03-03,"CAN","2019","Brayden Guy",181,"2019-Brayden Guy"
"D","L",68,180,NA,NA,2001-05-17,"USA","2019","Nathan Staios",182,"2019-Nathan Staios"
"C","L",69,165,"SOUTH CAROLINA","ECHL",2001-05-31,"CAN","2019","Lynden Breen",151,"2019-Lynden Breen"
"D","L",70,171,NA,NA,2000-06-17,"USA","2019","Tyler Spott",180.5,"2019-Tyler Spott"
"RW","R",72,193,"NORTH DAKOTA","NCHC",2001-05-08,"USA","2019","Tyler Young",187,"2019-Tyler Young"
"D","L",73,191,"BLOOMINGTON","ECHL",2001-05-05,"RUS","2019","Nikita Sedov",186,"2019-Nikita Sedov"
"RW","R",75,211,NA,NA,1999-04-28,"CAN","2019","Jonathan Yantsis",190.5,"2019-Jonathan Yantsis"
"C","R",76,203,NA,NA,2001-01-12,"CAN","2019","Logan Barlage",199.5,"2019-Logan Barlage"
"LW","L",75,190,"MILWAUKEE","AHL",2001-03-15,"CAN","2019","Navrin Mutter",154.5,"2019-Navrin Mutter"
"C","R",75,215,"NORTHERN MICHIGAN","CCHA",2001-07-04,"CAN","2019","Kyle Bettens",197.5,"2019-Kyle Bettens"
"D","L",75,205,"AKM TULA REGION","RUSSIA-2",2001-05-01,"SWE","2019","Emil Malysjev",200.5,"2019-Emil Malysjev"
"D","R",70,181,"CALGARY","AHL",2001-03-29,"CAN","2019","Simon Mack",204,"2019-Simon Mack"
"D","R",73,199,NA,NA,2000-09-24,"CAN","2019","Nathan Larose",181.5,"2019-Nathan Larose"
"RW","R",75,194,"SOUTH CAROLINA","ECHL",2001-01-10,"USA","2019","Kaden Bohlsen",196,"2019-Kaden Bohlsen"
"D","L",75,190,"WICHITA","ECHL",2001-04-20,"CAN","2019","Kirby Proctor",147,"2019-Kirby Proctor"
"C","L",73,180,"C. BUDEJOVICE","CZECHIA",2001-04-02,"CZE","2019","Filip Prikryl",201.5,"2019-Filip Prikryl"
"RW","R",71,168,"FLORIDA","ECHL",2001-03-01,"CAN","2019","Tarun Fizer",199,"2019-Tarun Fizer"
"LW","L",72,173,"MAINE","ECHL",2001-04-21,"CAN","2019","Brooklyn Kalmikov",178.5,"2019-Brooklyn Kalmikov"
"RW","R",68,165,"KALAMAZOO","ECHL",2001-01-04,"JPN","2019","Zachary Okabe",201,"2019-Zachary Okabe"
"RW","R",76,175,NA,NA,2000-10-10,"CAN","2019","David Kope",180.5,"2019-David Kope"
"C","L",66,172,"Drummondville","QMJHL",2001-05-19,"CAN","2019","Xavier Simoneau",209,"2019-Xavier Simoneau"
"C","L",72,170,"IOWA","ECHL",1999-09-21,"USA","2019","Jonathan Sorenson",205,"2019-Jonathan Sorenson"
"LW","L",74,199,NA,NA,2001-02-14,"CAN","2019","Cole Muir",183,"2019-Cole Muir"
"C","L",74,172,NA,NA,2000-12-18,"USA","2019","Jack Ring",207,"2019-Jack Ring"
"D","L",73,179,"KETTERA","FINLAND-2",2000-11-28,"FIN","2019","Jasper Rannisto",196.5,"2019-Jasper Rannisto"
"C","L",68,170,NA,NA,2001-03-23,"CAN","2019","Xavier Parent",167.5,"2019-Xavier Parent"
"C","R",70,180,"MANITOBA","AHL",2000-07-20,"USA","2019","Parker Ford",181.5,"2019-Parker Ford"
"D","R",72,188,"AIK","SWEDEN-2",2000-09-17,"CAN","2019","Jack York",212.5,"2019-Jack York"
"D","L",72,203,NA,NA,2001-05-03,"CAN","2019","Nathan Allensen",200,"2019-Nathan Allensen"
"LW","L",74,198,"LOWEN FRANKFURT","GERMANY",2000-10-01,"GBR","2019","Ty Glover",209,"2019-Ty Glover"
"D","L",72,187,NA,NA,2001-01-31,"CAN","2019","Louka Henault",189.5,"2019-Louka Henault"
"LW","L",69,195,NA,NA,2001-01-26,"CAN","2019","Daniel D'Amico",190.5,"2019-Daniel D'Amico"
"D","L",70,183,NA,NA,2001-02-01,"CAN","2019","Jacson Alexander",918.5,"2019-Jacson Alexander"
"LW","L",72,211,NA,NA,2001-02-18,"CAN","2019","Tag Bertuzzi",919.5,"2019-Tag Bertuzzi"
"LW","L",75,194,"Seattle","WHL",2000-10-30,"CAN","2019","Dillon Hamaliuk",920.5,"2019-Dillon Hamaliuk"
"D","R",74,184,NA,NA,2001-03-01,"CAN","2019","Grayson Ladd",921,"2019-Grayson Ladd"
"C","R",73,183,"KLADNO","CZECHIA",2001-03-23,"CZE","2019","Marcel Barinka",108,"2019-Marcel Barinka"
"D","R",71,195,"MANITOBA","AHL",2000-10-29,"USA","2019","Ethan Frisch",109,"2019-Ethan Frisch"
"D","L",79,208,"NOVOKUZNETSK","RUSSIA-2",2000-09-17,"RUS","2019","Lev Starikov",121,"2019-Lev Starikov"
"LW","L",73,192,NA,NA,2000-12-20,"CAN","2019","Danil Antropov",133,"2019-Danil Antropov"
"D","R",76,190,"LANDSHUT","GERMANY-2",2000-03-30,"DEU","2019","Alexander Dersch",141,"2019-Alexander Dersch"
"D","R",72,183,NA,NA,2001-03-07,"CAN","2019","Noah Laaouan",147,"2019-Noah Laaouan"
"D","R",75,202,NA,NA,2001-08-23,"CAN","2019","Thomas Pelletier",152,"2019-Thomas Pelletier"
"LW","R",71,172,NA,NA,2001-09-15,"CZE","2019","Martin Lang",162,"2019-Martin Lang"
"C","L",72,173,NA,NA,2001-05-01,"CAN","2019","Danny Weight",166,"2019-Danny Weight"
"LW","L",76,206,"Sioux Falls","USHL",2000-07-26,"SWE","2019","Andre Lee",167,"2019-Andre Lee"
"RW","R",73,196,NA,NA,2001-08-15,"CAN","2019","Kosta Manikis",170,"2019-Kosta Manikis"
"C","L",73,185,"NEUILLY-SUR-MARNE","FRANCE-2",2001-02-10,"CAN","2019","Cullen McLean",180,"2019-Cullen McLean"
"C","L",72,189,NA,NA,2001-05-30,"CAN","2019","Alex Morozoff",182,"2019-Alex Morozoff"
"D","L",72,194,NA,NA,2000-09-19,"CAN","2019","Jarrett Baker",184,"2019-Jarrett Baker"
"C","R",72,177,NA,NA,2001-01-08,"USA","2019","Robert Griffin",187,"2019-Robert Griffin"
"C","L",69,183,"SOLIGORSK","BELARUS",2000-05-22,"RUS","2019","Aleksei Sergeev",192,"2019-Aleksei Sergeev"
"D","R",74,185,NA,NA,2000-09-27,"USA","2019","Luke Krys",202,"2019-Luke Krys"
"D","L",72,205,NA,NA,2001-03-20,"CAN","2019","Mitchell Brewer",206,"2019-Mitchell Brewer"
"C","L",75,195,"BEMIDJI STATE","CCHA",2000-12-23,"CAN","2019","Reilly Funk",208,"2019-Reilly Funk"
"D","L",76,184,"Fargo","USHL",2001-03-25,"CAN","2019","Noah Beck",210,"2019-Noah Beck"
"LW","L",73,193,"Rimouski","QMJHL",2001-10-11,"CAN","2020","Alexis Lafreniere",1,"2020-Alexis Lafreniere"
"C","L",76,215,"Sudbury","OHL",2002-08-19,"CAN","2020","Quinton Byfield",2,"2020-Quinton Byfield"
"D","R",71,175,"Erie","OHL",2002-04-08,"CAN","2020","Jamie Drysdale",3,"2020-Jamie Drysdale"
"D","L",74,185,"USA U-18","NTDP",2002-07-08,"USA","2020","Jake Sanderson",7.5,"2020-Jake Sanderson"
"C","L",70,177,"Saginaw","OHL",2002-01-01,"CAN","2020","Cole Perfetti",4.5,"2020-Cole Perfetti"
"C","L",69,185,"Ottawa","OHL",2001-09-23,"AUT","2020","Marco Rossi",5.5,"2020-Marco Rossi"
"LW","R",72,176,"Ottawa","OHL",2001-09-19,"CAN","2020","Jack Quinn",8,"2020-Jack Quinn"
"D","L",74,186,"Prince Albert","WHL",2002-01-18,"CAN","2020","Kaiden Guhle",7.5,"2020-Kaiden Guhle"
"D","R",74,202,"Brandon","WHL",2001-09-20,"CAN","2020","Braden Schneider",8.5,"2020-Braden Schneider"
"C","R",72,180,"Chicoutimi","QMJHL",2001-10-27,"CAN","2020","Dawson Mercer",8,"2020-Dawson Mercer"
"C","R",70,175,"Portland","WHL",2002-02-01,"CAN","2020","Seth Jarvis",15,"2020-Seth Jarvis"
"C","L",72,203,"Wisconsin","BIG10",2001-09-23,"CAN","2020","Dylan Holloway",11,"2020-Dylan Holloway"
"C","L",72,185,"Chicoutimi","QMJHL",2002-02-09,"CAN","2020","Hendrix Lapierre",13,"2020-Hendrix Lapierre"
"C","L",71,163,"Brandon","WHL",2002-08-08,"CAN","2020","Ridly Greig",19.5,"2020-Ridly Greig"
"C","L",72,178,"Kamloops","WHL",2001-09-25,"CAN","2020","Connor Zary",13.5,"2020-Connor Zary"
"D","R",74,195,"Halifax","QMJHL",2001-11-15,"CAN","2020","Justin Barron",15.5,"2020-Justin Barron"
"RW","R",71,192,"Sarnia","OHL",2002-04-15,"CAN","2020","Jacob Perreault",17,"2020-Jacob Perreault"
"D","L",72,196,"Saint John","QMJHL",2002-06-02,"CAN","2020","Jeremie Poirier",17,"2020-Jeremie Poirier"
"RW","R",70,183,"Prince Albert","WHL",2002-03-09,"CAN","2020","Ozzy Wiesblatt",16.5,"2020-Ozzy Wiesblatt"
"C","L",71,179,"Chicago","USHL",2001-10-22,"USA","2020","Brendan Brisson",25.5,"2020-Brendan Brisson"
"RW","R",74,194,"Barrie","OHL",2002-01-18,"CAN","2020","Tyson Foerster",31,"2020-Tyson Foerster"
"C","R",70,178,"Shawinigan","QMJHL",2002-01-08,"CAN","2020","Mavrik Bourque",23,"2020-Mavrik Bourque"
"RW","R",71,173,"Vancouver","WHL",2002-03-24,"CAN","2020","Justin Sourdif",23,"2020-Justin Sourdif"
"C","L",73,175,"USA U-18","NTDP",2002-01-20,"USA","2020","Ty Smilanic",21,"2020-Ty Smilanic"
"D","L",72,198,"Moose Jaw","WHL",2002-05-15,"CAN","2020","Daemon Hunt",23.5,"2020-Daemon Hunt"
"LW","L",72,197,"Edmonton","WHL",2002-03-29,"CAN","2020","Jake Neighbours",28,"2020-Jake Neighbours"
"D","L",73,175,"Sault Ste. Marie","OHL",2002-05-16,"CAN","2020","Ryan O'Rourke",29.5,"2020-Ryan O'Rourke"
"C","L",72,176,"Hamilton","OHL",2002-06-24,"CZE","2020","Jan Mysak",18.5,"2020-Jan Mysak"
"C","L",70,175,"USA U-18","NTDP",2002-01-03,"USA","2020","Thomas Bordeleau",27.5,"2020-Thomas Bordeleau"
"RW","R",72,187,"Kingston","OHL",2002-08-20,"SVK","2020","Martin Chromiak",32.5,"2020-Martin Chromiak"
"RW","R",74,205,"Chicago","USHL",2001-12-26,"USA","2020","Sam Colangelo",32,"2020-Sam Colangelo"
"D","L",70,180,"Charlottetown","QMJHL",2002-03-27,"CAN","2020","Lukas Cormier",29.5,"2020-Lukas Cormier"
"C","R",71,188,"Windsor","OHL",2002-05-13,"CAN","2020","Jean-Luc Foudy",26.5,"2020-Jean-Luc Foudy"
"LW","L",75,204,"Windsor","OHL",2002-02-05,"CAN","2020","William Cuylle",27.5,"2020-William Cuylle"
"RW","R",76,188,"North Bay","OHL",2001-12-01,"CAN","2020","Brandon Coe",41,"2020-Brandon Coe"
"D","L",76,212,"U. of Connecticut","H-EAST",2002-03-09,"RUS","2020","Yan Kuznetsov",32,"2020-Yan Kuznetsov"
"D","L",72,173,"Andover","HIGH-MN",2002-07-31,"USA","2020","Wyatt Kaiser",46.5,"2020-Wyatt Kaiser"
"C","R",78,227,"Spokane","WHL",2002-09-02,"USA","2020","Jack Finley",42,"2020-Jack Finley"
"RW","R",71,172,"London","OHL",2002-02-21,"CAN","2020","Luke Evangelista",48.5,"2020-Luke Evangelista"
"LW","L",74,203,"USA U-18","NTDP",2002-03-07,"USA","2020","Luke Tuch",37.5,"2020-Luke Tuch"
"LW","L",68,165,"Muskegon","USHL",2002-02-06,"RUS","2020","Danil Gushchin",39,"2020-Danil Gushchin"
"D","L",76,207,"USA U-18","NTDP",2002-01-10,"USA","2020","Tyler Kleven",43,"2020-Tyler Kleven"
"C","R",76,192,"USA U-18","NTDP",2002-01-08,"USA","2020","Dylan Peterson",38.5,"2020-Dylan Peterson"
"D","R",72,190,"USA U-18","NTDP",2002-08-22,"USA","2020","Brock Faber",42,"2020-Brock Faber"
"LW","L",69,155,"USA U-18","NTDP",2002-09-09,"USA","2020","Brett Berard",40.5,"2020-Brett Berard"
"C","R",74,205,"Sault Ste. Marie","OHL",2001-09-25,"CZE","2020","Jaromir Pytlik",42,"2020-Jaromir Pytlik"
"D","R",74,171,"St. Mark's School","HIGH-MA",2002-01-04,"USA","2020","Ian Moore",52,"2020-Ian Moore"
"D","R",71,191,"Tri-City","USHL",2001-12-20,"USA","2020","Mitchell Miller",48.5,"2020-Mitchell Miller"
"LW","L",69,192,"Sherwood Park","AJHL",2002-01-23,"CAN","2020","Carter Savoie",51,"2020-Carter Savoie"
"D","R",71,165,"USA U-18","NTDP",2002-05-10,"USA","2020","Eamon Powell",50,"2020-Eamon Powell"
"RW","R",72,180,"Oshawa","OHL",2002-04-05,"USA","2020","Tyler Tullio",53,"2020-Tyler Tullio"
"RW","R",74,194,"JOKERIT","FINLAND-2",2002-02-13,"FIN","2020","Oliver Suni",49,"2020-Oliver Suni"
"RW","R",70,195,"Kingston","OHL",2002-07-07,"CAN","2020","Zayde Wisdom",72,"2020-Zayde Wisdom"
"C","R",69,170,"Cape Breton","QMJHL",2001-12-02,"CAN","2020","Ryan Francis",48.5,"2020-Ryan Francis"
"LW","L",70,168,"London","OHL",2002-02-05,"USA","2020","Antonio Stranges",47.5,"2020-Antonio Stranges"
"D","R",69,177,"Sherwood Park","AJHL",2002-01-05,"CAN","2020","Michael Benning",58.5,"2020-Michael Benning"
"LW","L",73,174,"Portland","WHL",2002-01-05,"USA","2020","Cross Hanas",61.5,"2020-Cross Hanas"
"D","L",73,189,"Kitchener","OHL",2002-01-12,"CAN","2020","Donovan Sebrango",59,"2020-Donovan Sebrango"
"D","R",72,185,"Sudbury","OHL",2002-03-19,"CAN","2020","Jack Thompson",63.5,"2020-Jack Thompson"
"RW","R",72,173,"Des Moines","USHL",2001-10-28,"USA","2020","Alex Laferriere",64.5,"2020-Alex Laferriere"
"C","L",68,175,"Chicago","USHL",2001-11-02,"USA","2020","Sean Farrell",57.5,"2020-Sean Farrell"
"D","L",73,195,"HENDERSON","AHL",2002-02-20,"FIN","2020","Christoffer Sedoff",56.5,"2020-Christoffer Sedoff"
"RW","R",68,168,"Winnipeg","WHL",2002-06-25,"CAN","2020","Connor McClennon",54,"2020-Connor McClennon"
"C","L",72,190,"Barrie","OHL",2002-06-20,"CAN","2020","Evan Vierling",493,"2020-Evan Vierling"
"C","L",72,169,"Sault Ste. Marie","OHL",2002-03-05,"USA","2020","Tanner Dickinson",61,"2020-Tanner Dickinson"
"D","L",73,170,"USA U-18","NTDP",2002-04-12,"USA","2020","Jacob Truscott",73,"2020-Jacob Truscott"
"RW","R",75,197,"Drummondville","QMJHL",2002-01-28,"CAN","2020","William Dufour",84,"2020-William Dufour"
"RW","R",71,193,"Barrie","OHL",2002-08-30,"CAN","2020","Ethan Cardwell",87,"2020-Ethan Cardwell"
"C","R",68,170,"Tri-City","USHL",2002-08-07,"CAN","2020","Colby Ambrosio",76.5,"2020-Colby Ambrosio"
"C","L",70,186,"Sault Ste. Marie","OHL",2002-04-12,"CAN","2020","Rory Kerins",73,"2020-Rory Kerins"
"D","R",74,196,"Drummondville","QMJHL",2001-12-04,"AUT","2020","Thimo Nickl",62.5,"2020-Thimo Nickl"
"D","L",72,176,"Everett","WHL",2002-08-02,"CAN","2020","Ronan Seeley",74,"2020-Ronan Seeley"
"D","R",72,182,"Everett","WHL",2002-06-03,"FIN","2020","Kasper Puutio",80,"2020-Kasper Puutio"
"D","L",70,166,"Spruce Grove","AJHL",2002-06-06,"CAN","2020","Ethan Edwards",81,"2020-Ethan Edwards"
"D","L",70,190,"ASIAGO","AUSTRIA-2",2001-01-25,"CAN","2020","Robert Calisti",107.5,"2020-Robert Calisti"
"D","R",74,190,"Lethbridge","WHL",2001-05-12,"CAN","2020","Alex Cotton",98.5,"2020-Alex Cotton"
"C","L",72,165,"Everett","WHL",2001-01-16,"CAN","2020","Gage Goncalves",86,"2020-Gage Goncalves"
"LW","L",74,198,"Portland","WHL",2002-01-27,"CHE","2020","Simon Knak",71,"2020-Simon Knak"
"D","R",72,190,"Chicago","USHL",2001-09-26,"CAN","2020","Luke Reid",96.5,"2020-Luke Reid"
"D","R",72,194,"TPS","FINLAND",2002-01-08,"FIN","2020","Ruben Rafkin",78,"2020-Ruben Rafkin"
"RW","R",70,170,"Kelowna","WHL",2002-04-16,"CZE","2020","Pavel Novak",87,"2020-Pavel Novak"
"RW","R",70,176,"Saskatoon","WHL",2001-11-15,"GBR","2020","Tristen Robins",110,"2020-Tristen Robins"
"LW","L",70,185,NA,NA,2001-09-24,"CAN","2020","Hayden Fowler",76.5,"2020-Hayden Fowler"
"LW","L",72,180,"USA U-18","NTDP",2002-06-25,"USA","2020","Landon Slaggert",87.5,"2020-Landon Slaggert"
"C","L",71,172,"LAUSANNE","SWISS",2002-02-20,"CHE","2020","Theo Rochette",76.5,"2020-Theo Rochette"
"D","R",74,213,"RAPID CITY","ECHL",2002-06-23,"USA","2020","Jake Ratzlaff",96.5,"2020-Jake Ratzlaff"
"C","L",70,200,"Waterloo","USHL",2002-08-03,"USA","2020","Wyatt Schingoethe",111.5,"2020-Wyatt Schingoethe"
"C","L",70,176,"USA U-18","NTDP",2002-05-28,"USA","2020","Chase Yoder",90,"2020-Chase Yoder"
"C","L",73,171,"Shattuck-St. Mary's","HIGH-MN",2002-03-07,"RUS","2020","Artem Shlaine",102.5,"2020-Artem Shlaine"
"LW","L",75,210,"Shattuck-St. Mary's","HIGH-MN",2002-08-13,"USA","2020","Jackson Kunz",103.5,"2020-Jackson Kunz"
"C","R",73,174,"Lawrence Academy","HIGH-MA",2002-01-25,"USA","2020","Riley Duran",118.5,"2020-Riley Duran"
"C","L",72,173,"Buffalo Jr. Sabres","OJHL",2002-08-16,"CAN","2020","Matteo Costantini",96,"2020-Matteo Costantini"
"LW","R",72,195,"The Gunnery","HIGH-CT",2001-11-08,"USA","2020","Alex Jefferies",97.5,"2020-Alex Jefferies"
"D","R",71,188,NA,NA,2002-08-15,"CAN","2020","Landon Kosior",112,"2020-Landon Kosior"
"D","R",73,175,"Saint John","QMJHL",2002-03-20,"CAN","2020","William Villeneuve",103.5,"2020-William Villeneuve"
"RW","L",73,191,"Baie Comeau","QMJHL",2002-01-29,"LVA","2020","Raivis Ansons",123.5,"2020-Raivis Ansons"
"LW","R",73,192,"VIENNA","AUSTRIA",2002-06-14,"BEL","2020","Senna Peeters",81.5,"2020-Senna Peeters"
"RW","R",73,175,"Waterloo","USHL",2001-10-31,"USA","2020","Ryder Rolston",86,"2020-Ryder Rolston"
"LW","L",75,205,NA,NA,2002-03-27,"CAN","2020","Owen Pederson",112,"2020-Owen Pederson"
"LW","L",76,194,"Madison","USHL",2002-01-22,"USA","2020","Carson Bantle",112,"2020-Carson Bantle"
"C","R",73,177,"IOWA","ECHL",2002-07-27,"CAN","2020","Ryan McGuire",122,"2020-Ryan McGuire"
"D","L",76,190,"TORPEDO-GORKY NN","RUSSIA-2",2002-03-30,"EST","2020","Kirill Steklov",87.5,"2020-Kirill Steklov"
"C","L",73,190,"MINSK","RUSSIA",2001-08-03,"BLR","2020","Ilya Usov",85.5,"2020-Ilya Usov"
"LW","L",75,230,NA,NA,2001-10-03,"USA","2020","Carsen Richels",93,"2020-Carsen Richels"
"RW","R",70,178,"Rimouski","QMJHL",2001-09-25,"CZE","2020","Adam Raska",102.5,"2020-Adam Raska"
"D","R",73,188,"Edina H.S.","HIGH-MN",2001-10-19,"USA","2020","Jake Boltmann",104.5,"2020-Jake Boltmann"
"D","L",74,193,"Sudbury","OHL",2001-09-28,"CAN","2020","Isaak Phillips",95,"2020-Isaak Phillips"
"D","L",76,202,"AALBORG","DENMARK",2001-01-26,"DNK","2020","Jonas Brondberg",111,"2020-Jonas Brondberg"
"D","L",74,206,"Mississauga","OHL",2002-05-23,"NOR","2020","Ole Julian Bjorgvik Holm",128,"2020-Ole Julian Bjorgvik Holm"
"D","R",71,185,NA,NA,2002-02-21,"USA","2020","Nathan Schweitzer",99,"2020-Nathan Schweitzer"
"D","R",80,219,"Chicoutimi","QMJHL",2001-05-04,"CAN","2020","Louis Crevier",113.5,"2020-Louis Crevier"
"C","L",74,168,"Chilliwack","BCHL",2002-05-14,"CAN","2020","Ethan Bowen",98,"2020-Ethan Bowen"
"RW","R",72,178,"Kamloops","WHL",2002-02-14,"CAN","2020","Josh Pillar",125.5,"2020-Josh Pillar"
"C","R",74,205,"Red Deer","WHL",2002-05-15,"CAN","2020","Benjamin King",136,"2020-Benjamin King"
"D","R",72,181,NA,NA,2001-05-26,"USA","2020","Jacob Flynn",163.5,"2020-Jacob Flynn"
"C","L",75,213,"Dubuque","USHL",2002-07-02,"CAN","2020","Stephen Halliday",150.5,"2020-Stephen Halliday"
"C","L",70,180,"Lincoln","USHL",2002-02-18,"USA","2020","Aidan Thompson",126.5,"2020-Aidan Thompson"
"C","L",71,187,"NORFOLK","ECHL",2001-06-27,"HUN","2020","Kristof Papp",134,"2020-Kristof Papp"
"RW","R",74,215,"Tri-City","USHL",2001-12-17,"USA","2020","Nick Capone",126,"2020-Nick Capone"
"C","R",75,191,"Salisbury","HIGH-CT",2002-03-07,"CAN","2020","Lucas Mercuri",136,"2020-Lucas Mercuri"
"D","L",71,174,"PRINCETON","ECAC",2002-06-22,"USA","2020","David Ma",155.5,"2020-David Ma"
"LW","L",75,194,"WORCESTER","ECHL",2002-03-20,"CAN","2020","Riley Piercey",129,"2020-Riley Piercey"
"D","R",76,218,"Calgary","WHL",2002-05-06,"CAN","2020","Luke Prokop",108,"2020-Luke Prokop"
"D","R",75,179,"Eden Prarie","HIGH-MN",2002-09-14,"USA","2020","Mason Langenbrunner",146,"2020-Mason Langenbrunner"
"D","L",76,195,"Green Bay","USHL",2001-01-17,"USA","2020","Mason Lohrei",132,"2020-Mason Lohrei"
"RW","L",72,183,"SAMARA","RUSSIA-2",2002-04-01,"BLR","2020","Valentin Demchenko",133,"2020-Valentin Demchenko"
"RW","L",70,180,"AJOIE","SWISS",2002-02-21,"DEU","2020","Cole Cormier",124.5,"2020-Cole Cormier"
"C","L",72,198,"COLORADO","AHL",2002-08-20,"CZE","2020","Ivan Ivan",139.5,"2020-Ivan Ivan"
"D","R",74,205,"C. BUDEJOVICE","CZECHIA",2001-12-19,"CZE","2020","Simon Kubicek",115.5,"2020-Simon Kubicek"
"D","R",77,221,"Jyp","FINLAND",2002-08-12,"FIN","2020","Ville Ottavainen",104,"2020-Ville Ottavainen"
"RW","R",76,216,"IOWA","AHL",2002-06-09,"CAN","2020","Cameron Butler",119,"2020-Cameron Butler"
"D","L",71,180,"NORFOLK","ECHL",2002-02-24,"CAN","2020","Benjamin Zloty",132,"2020-Benjamin Zloty"
"C","R",70,168,"Toronto JC","OJHL",2002-01-30,"CAN","2020","Ryan Tverberg",131,"2020-Ryan Tverberg"
"RW","R",72,204,"VERMONT","H-EAST",2002-01-03,"USA","2020","David Sacco",158,"2020-David Sacco"
"C","L",72,197,"Youngstown","USHL",2001-06-20,"USA","2020","Trevor Kuntar",139,"2020-Trevor Kuntar"
"LW","L",73,185,"WHEELING","ECHL",2001-10-13,"USA","2020","Zachary Urdahl",137,"2020-Zachary Urdahl"
"C","R",70,170,"Canmore","AJHL",2001-03-22,"CAN","2020","Alex Young",145,"2020-Alex Young"
"C","L",73,200,"Vermont","H-EAST",2002-07-06,"FIN","2020","Joel Maatta",135,"2020-Joel Maatta"
"C","R",73,200,NA,NA,2002-03-07,"CAN","2020","Jake Uberti",174.5,"2020-Jake Uberti"
"RW","R",70,176,NA,NA,2002-03-14,"CAN","2020","Reid Valade",135.5,"2020-Reid Valade"
"LW","L",71,157,NA,NA,2002-02-01,"CAN","2020","Cole Shepard",151,"2020-Cole Shepard"
"C","R",73,176,"Spokane","WHL",2001-05-30,"USA","2020","Bear Hughes",115,"2020-Bear Hughes"
"D","L",76,215,NA,NA,2001-11-27,"CAN","2020","Rhett Rhinehart",131,"2020-Rhett Rhinehart"
"C","L",72,200,"WESTERN MICHIGAN","NCHC",2002-03-12,"USA","2020","Grant Slukynsky",152,"2020-Grant Slukynsky"
"RW","R",70,177,"Kitchener","OHL",2002-02-25,"USA","2020","Declan McDonnell",155,"2020-Declan McDonnell"
"D","L",72,184,"LAKE SUPERIOR","CCHA",2002-03-26,"USA","2020","Evan Bushy",151,"2020-Evan Bushy"
"D","L",77,182,"Sioux City","USHL",2002-02-13,"USA","2020","Daniel Laatsch",129,"2020-Daniel Laatsch"
"D","L",70,164,"Tri-City","USHL",2002-07-02,"CAN","2020","Kyle Aucoin",142.5,"2020-Kyle Aucoin"
"C","R",69,161,"PENN STATE","BIG10",2002-05-18,"USA","2020","Ben Schoen",539,"2020-Ben Schoen"
"RW","L",71,174,"Culver Academy","HIGH-IN",2002-03-26,"RUS","2020","Timofey Spitserov",160,"2020-Timofey Spitserov"
"C","L",70,167,"COLORADO COLLEGE","NCHC",2002-06-17,"CAN","2020","Ryan Alexander",137.5,"2020-Ryan Alexander"
"LW","L",72,183,"JACKSONVILLE","ECHL",2002-01-18,"CAN","2020","James Hardie",188,"2020-James Hardie"
"C","L",69,169,"Charlottetown","QMJHL",2002-04-29,"CAN","2020","Patrick Guay",158,"2020-Patrick Guay"
"C","R",70,175,"Medicine Hat","WHL",2001-11-28,"USA","2020","Lukas Svejkovsky",180,"2020-Lukas Svejkovsky"
"D","R",76,207,"Seattle","WHL",2002-03-23,"CAN","2020","Tyrel Bauer",167,"2020-Tyrel Bauer"
"C","R",70,165,NA,NA,2002-08-02,"USA","2020","Carter Loney",182.5,"2020-Carter Loney"
"LW","L",74,180,"MINNESOTA-DULUTH","NCHC",2002-01-31,"CAN","2020","Kyler Kovich",166,"2020-Kyler Kovich"
"C","L",71,183,"St. Cloud Cathedral","HIGH-MN",2002-07-06,"USA","2020","Jack Smith",165.5,"2020-Jack Smith"
"RW","R",71,192,"Tri-City","USHL",2002-06-20,"CAN","2020","Cole O'Hara",168,"2020-Cole O'Hara"
"D","L",75,189,"CAEN","FRANCE-2",2001-03-07,"CAN","2020","Marc-Antoine Pepin",139.5,"2020-Marc-Antoine Pepin"
"D","L",73,171,NA,NA,2001-05-20,"CAN","2020","Tucker McIntosh",174,"2020-Tucker McIntosh"
"C","L",70,183,"Moncton","QMJHL",2002-01-21,"CAN","2020","Elliot Desnoyers",158,"2020-Elliot Desnoyers"
"C","L",72,187,"LITVINOV","CZECHIA",2002-08-16,"CZE","2020","Michal Gut",166.5,"2020-Michal Gut"
"LW","R",73,178,"ALMETYEVSK","RUSSIA-2",2002-07-02,"RUS","2020","Maxim Bykov",168.5,"2020-Maxim Bykov"
"D","L",71,189,"Regina","WHL",2001-12-13,"CAN","2020","Ryker Evans",177.5,"2020-Ryker Evans"
"D","R",70,170,NA,NA,2002-04-24,"CAN","2020","Charlie Desroches",174,"2020-Charlie Desroches"
"C","R",68,147,"Blake","HIGH-MN",2002-09-15,"USA","2020","Joe Miller",180,"2020-Joe Miller"
"D","L",70,175,NA,NA,2001-11-26,"USA","2020","Dylan Abbott",167.5,"2020-Dylan Abbott"
"D","L",68,140,"GREENVILLE","ECHL",2002-02-08,"DEU","2020","Timothy Lovell",180.5,"2020-Timothy Lovell"
"D","R",68,185,"Acadie-Bathurst","QMJHL",2002-02-09,"CAN","2020","Miguel Tourigny",183,"2020-Miguel Tourigny"
"D","L",69,184,NA,NA,2002-03-15,"USA","2020","Christian Jimenez",178,"2020-Christian Jimenez"
"C","L",72,192,"Muskegon","USHL",2002-01-29,"USA","2020","Cameron Berg",141,"2020-Cameron Berg"
"RW","R",73,189,"St. Andrew's College","HIGH-ON",2002-02-19,"USA","2020","Kienan Draper",176.5,"2020-Kienan Draper"
"LW","L",73,195,NA,NA,2002-04-26,"CAN","2020","Paul Dore",189,"2020-Paul Dore"
"D","L",79,202,"NOVOKUZNETSK","RUSSIA-2",2001-11-30,"RUS","2020","Igor Chibrikov",172,"2020-Igor Chibrikov"
"C","L",68,175,"COVENTRY","ENGLAND",2001-09-20,"USA","2020","Matthew Gleason",188,"2020-Matthew Gleason"
"C","R",72,179,"COACHELLA VALLEY","AHL",2002-07-09,"CAN","2020","Logan Morrison",187,"2020-Logan Morrison"
"LW","L",72,199,NA,NA,2001-04-30,"CAN","2020","Tye Kartye",182.5,"2020-Tye Kartye"
"D","L",75,205,"GREENVILLE","ECHL",2002-04-11,"CAN","2020","Jake Murray",174,"2020-Jake Murray"
"D","L",68,175,"TUCSON","AHL",2002-02-27,"CAN","2020","Lleyton Moore",194,"2020-Lleyton Moore"
"RW","R",73,165,NA,NA,2002-02-03,"USA","2020","Seamus Campbell",200.5,"2020-Seamus Campbell"
"RW","R",73,179,NA,NA,2002-03-02,"CAN","2020","Robert Fromm-Delorme",180.5,"2020-Robert Fromm-Delorme"
"D","L",72,183,"NEBRASKA-OMAHA","NCHC",2002-02-22,"CAN","2020","Aidan De Gorgendiere",197,"2020-Aidan De Gorgendiere"
"D","L",73,166,NA,NA,2002-05-30,"CAN","2020","Nicolas Savoie",194,"2020-Nicolas Savoie"
"C","L",74,185,"Harvard U.","ECAC",2002-03-25,"USA","2020","Zakary Karpa",179,"2020-Zakary Karpa"
"RW","R",72,190,NA,NA,2002-08-29,"CAN","2020","Noah Boyko",190.5,"2020-Noah Boyko"
"D","L",69,181,"TROIS-RIVIERES","ECHL",2001-11-01,"CAN","2020","Jacob Dion",202,"2020-Jacob Dion"
"LW","L",72,205,NA,NA,2002-05-30,"USA","2020","Zachary Michaelis",188.5,"2020-Zachary Michaelis"
"D","L",74,190,"Muskegon","USHL",2002-04-15,"USA","2020","Hank Kempf",195,"2020-Hank Kempf"
"D","L",75,215,NA,NA,2001-10-15,"GBR","2020","Christian Miller",204.5,"2020-Christian Miller"
"C","R",73,183,"CLEVELAND","AHL",2002-08-18,"USA","2020","Hunter McKown",182,"2020-Hunter McKown"
"LW","L",68,160,NA,NA,2002-05-27,"CAN","2020","Brady Burns",197.5,"2020-Brady Burns"
"LW","L",66,162,"WICHITA","ECHL",2002-02-10,"CAN","2020","Kyle Crnkovic",208,"2020-Kyle Crnkovic"
"D","R",76,199,"TULSA","ECHL",2002-03-05,"CAN","2020","Jeremie Biakabutuka",200.5,"2020-Jeremie Biakabutuka"
"LW","L",68,172,"Chicago","USHL",2000-09-16,"USA","2020","Gunnarwolfe Fontaine",211.5,"2020-Gunnarwolfe Fontaine"
"LW","L",71,180,"Omaha","USHL",2002-01-09,"USA","2020","Chase Bradley",214,"2020-Chase Bradley"
"D","R",73,194,"Des Moines","USHL",2002-02-01,"USA","2020","Noah Ellis",174,"2020-Noah Ellis"
"D","L",73,190,"TEXAS","AHL",2002-02-04,"CAN","2020","Trey Taylor",202.5,"2020-Trey Taylor"
"C","R",74,223,"IDAHO","ECHL",2001-10-09,"USA","2020","Brendan Hoffmann",217,"2020-Brendan Hoffmann"
"D","L",74,208,"Saginaw","OHL",2000-07-20,"BLR","2020","Ilya Solovyov",119,"2020-Ilya Solovyov"
"D","L",76,217,NA,NA,2002-05-03,"CAN","2020","Dylan Robinson",138,"2020-Dylan Robinson"
"D","R",73,190,"Minnesota-Duluth","NCHC",2002-01-30,"USA","2020","Connor Kelley",163,"2020-Connor Kelley"
"LW","L",69,169,"ST. LAWRENCE","ECAC",2002-06-21,"CAN","2020","Frankie Carogioiello",170,"2020-Frankie Carogioiello"
"RW","R",74,194,NA,NA,2002-03-15,"CAN","2020","Jakob Brook",171,"2020-Jakob Brook"
"C","L",74,198,"SOUTH CAROLINA","ECHL",2001-11-27,"USA","2020","Patrick Guzzo",176,"2020-Patrick Guzzo"
"RW","R",73,183,"Chicago","USHL",2002-02-01,"USA","2020","Josh Doan",181,"2020-Josh Doan"
"D","L",73,187,NA,NA,2002-06-09,"CAN","2020","Brendan Kennette",182,"2020-Brendan Kennette"
"D","R",74,198,"NIZHNEKAMSK","RUSSIA",2002-03-30,"CAN","2020","Luka Profaca",185,"2020-Luka Profaca"
"D","R",73,176,"YALE","ECAC",2002-08-16,"USA","2020","Bayard Hall",193,"2020-Bayard Hall"
"LW","L",70,170,"VIENNA","AUSTRIA",2001-10-28,"CAN","2020","Carter Souch",194,"2020-Carter Souch"
"C","R",71,185,"WOLFSBURG","GERMANY",2002-01-02,"CAN","2020","Matt Choupani",196,"2020-Matt Choupani"
"C","L",72,184,"MERRIMACK","H-EAST",2002-03-18,"CAN","2020","Mark Hillier",197,"2020-Mark Hillier"
"LW","L",76,215,NA,NA,2001-12-06,"CAN","2020","Anthony Tabak",199,"2020-Anthony Tabak"
"LW","L",74,219,NA,NA,2002-05-28,"RUS","2020","Andrei Bakanov",203,"2020-Andrei Bakanov"
"C","R",72,190,"HARVARD","ECAC",2002-04-10,"USA","2020","Philip Tresca",210,"2020-Philip Tresca"
"RW","R",72,191,"Biel-Bienne","SWISS",1999-06-21,"CHE","2020","Nicolas Muller",214,"2020-Nicolas Muller"
"RW","R",75,216,"CORNELL","ECAC",2002-01-21,"USA","2020","Winter Wallace",215,"2020-Winter Wallace"
"RW","R",76,222,NA,NA,2002-02-05,"CAN","2020","Kyle McDonald",216,"2020-Kyle McDonald"
"D","L",78,213,"Michigan","BIG10",2002-11-22,"CAN","2021","Owen Power",1,"2021-Owen Power"
"C","L",73,207,"Peterborough","OHL",2003-01-30,"CHE","2021","Mason McTavish",2,"2021-Mason McTavish"
"C","L",73,167,"Michigan","BIG10",2002-10-18,"CAN","2021","Kent Johnson",3,"2021-Kent Johnson"
"D","L",74,184,"USA U-18","NTDP",2003-09-09,"USA","2021","Luke Hughes",4,"2021-Luke Hughes"
"RW","R",74,175,"Edmonton","WHL",2003-04-10,"CAN","2021","Dylan Guenther",5,"2021-Dylan Guenther"
"C","L",74,175,"Michigan","BIG10",2002-11-05,"USA","2021","Matthew Beniers",6,"2021-Matthew Beniers"
"D","R",74,191,"Barrie","OHL",2003-02-09,"CAN","2021","Brandt Clarke",7,"2021-Brandt Clarke"
"LW","L",72,175,"Flint","OHL",2003-01-05,"CAN","2021","Brennan Othmann",8,"2021-Brennan Othmann"
"RW","R",70,183,"Chicago","USHL",2002-11-14,"USA","2021","Matthew Coronato",9,"2021-Matthew Coronato"
"C","L",72,197,"Sioux Falls","USHL",2003-05-16,"USA","2021","Cole Sillinger",10,"2021-Cole Sillinger"
"D","L",73,197,"Winnipeg","WHL",2003-01-14,"CAN","2021","Carson Lambos",11,"2021-Carson Lambos"
"C","R",73,185,"USA U-18","NTDP",2003-05-02,"USA","2021","Chaz Lucius",12,"2021-Chaz Lucius"
"C","R",72,172,"Shawinigan","QMJHL",2002-10-22,"CAN","2021","Xavier Bourgault",13,"2021-Xavier Bourgault"
"D","R",73,194,"Brooks","AJHL",2003-05-05,"CAN","2021","Corson Ceulemans",14,"2021-Corson Ceulemans"
"C","L",72,184,"Kitchener","OHL",2003-04-11,"CAN","2021","Francesco Pinelli",15,"2021-Francesco Pinelli"
"C","R",73,178,"Windsor","OHL",2003-05-14,"CAN","2021","Wyatt Johnston",16,"2021-Wyatt Johnston"
"C","L",73,184,"Rimouski","QMJHL",2003-02-24,"CAN","2021","Zachary Bolduc",17,"2021-Zachary Bolduc"
"RW","L",72,184,"USA U-18","NTDP",2003-07-15,"USA","2021","Sasha Pastujov",18,"2021-Sasha Pastujov"
"C","L",76,206,"Saskatoon","WHL",2003-01-04,"CAN","2021","Colton Dach",19,"2021-Colton Dach"
"D","L",75,209,"Sioux City","USHL",2003-03-26,"USA","2021","Shai Buium",20,"2021-Shai Buium"
"C","L",72,176,"Gatineau","QMJHL",2003-01-04,"CAN","2021","Zach Dean",21,"2021-Zach Dean"
"D","L",74,185,"Quebec","QMJHL",2003-01-20,"CAN","2021","Evan Nause",22,"2021-Evan Nause"
"D","R",74,206,"London","GOJHL",2003-04-15,"CAN","2021","Logan Mailloux",23,"2021-Logan Mailloux"
"D","L",70,177,"USA U-18","NTDP",2003-03-31,"USA","2021","Sean Behrens",24,"2021-Sean Behrens"
"RW","R",73,205,"USA U-18","NTDP",2003-01-16,"USA","2021","Tyler Boucher",25,"2021-Tyler Boucher"
"RW","R",71,191,"Chicago","USHL",2002-11-15,"USA","2021","Mackie Samoskevich",26,"2021-Mackie Samoskevich"
"D","L",71,186,"Grand Rapids","HIGH-MN",2003-05-15,"USA","2021","Jack Peart",27,"2021-Jack Peart"
"C","L",72,178,"Fargo","USHL",2002-10-10,"USA","2021","Tristan Broz",28,"2021-Tristan Broz"
"LW","L",70,175,"USA U-18","NTDP",2003-03-04,"USA","2021","Dylan Duke",29,"2021-Dylan Duke"
"LW","L",72,197,"Halifax","QMJHL",2003-05-15,"CAN","2021","Zachary L'heureux",30,"2021-Zachary L'heureux"
"C","R",68,170,"Kamloops","WHL",2003-02-26,"CAN","2021","Logan Stankoven",31,"2021-Logan Stankoven"
"D","L",74,170,"Tri-City","USHL",2003-02-10,"CAN","2021","Guillaume Richard",32,"2021-Guillaume Richard"
"C","R",74,175,"Hamilton","OHL",2003-09-04,"CAN","2021","Ryan Winterton",33,"2021-Ryan Winterton"
"C","R",71,174,"Moose Jaw","WHL",2002-09-23,"CAN","2021","Ryder Korczak",34,"2021-Ryder Korczak"
"RW","R",72,185,"Sudbury","OHL",2003-03-19,"USA","2021","Chase Stillman",35,"2021-Chase Stillman"
"LW","L",70,186,"Seattle","WHL",2003-05-13,"CAN","2021","Conner Roulette",36,"2021-Conner Roulette"
"LW","L",74,210,"Tri-City","USHL",2002-10-17,"USA","2021","Matthew Knies",37,"2021-Matthew Knies"
"D","R",71,161,"Sioux Falls","USHL",2003-03-20,"USA","2021","Brent Johnson",38,"2021-Brent Johnson"
"D","R",74,195,"Shattuck-St. Mary's","HIGH-MN",2002-11-01,"USA","2021","Scott Morrow",39,"2021-Scott Morrow"
"D","L",74,201,"Prince Albert","WHL",2003-04-28,"CAN","2021","Nolan Allan",40,"2021-Nolan Allan"
"D","R",74,193,"Chicago","USHL",2002-10-07,"CAN","2021","Jack Bar",41,"2021-Jack Bar"
"D","L",71,188,"USA U-18","NTDP",2003-02-19,"USA","2021","Aidan Hreschuk",42,"2021-Aidan Hreschuk"
"D","R",70,181,"Chicago","USHL",2003-05-07,"USA","2021","Ryan Ufko",43,"2021-Ryan Ufko"
"D","L",73,187,"Halifax","QMJHL",2003-05-05,"CAN","2021","Cameron Whynot",44,"2021-Cameron Whynot"
"D","L",70,183,"Everett","WHL",2003-09-10,"CAN","2021","Olen Zellweger",45,"2021-Olen Zellweger"
"LW","L",71,160,"Omaha","USHL",2002-09-28,"CAN","2021","Ayrton Martino",46,"2021-Ayrton Martino"
"C","R",68,175,"Val d'Or","QMJHL",2003-03-13,"USA","2021","Justin Robidas",47,"2021-Justin Robidas"
"LW","L",75,212,"Acadie-Bathurst","QMJHL",2003-05-14,"CAN","2021","Cole Huckins",48,"2021-Cole Huckins"
"C","L",71,178,"Acadie-Bathurst","QMJHL",2003-03-25,"CAN","2021","Riley Kidney",49,"2021-Riley Kidney"
"C","L",74,190,"Oshawa","OHL",2003-06-07,"CAN","2021","Brett Harrison",50,"2021-Brett Harrison"
"LW","L",73,204,NA,NA,2003-01-27,"CAN","2021","Eric Alarie",51,"2021-Eric Alarie"
"RW","R",70,155,"Eden Prarie","HIGH-MN",2003-08-03,"USA","2021","Jackson Blake",52,"2021-Jackson Blake"
"D","R",72,188,"USA U-18","NTDP",2003-03-06,"USA","2021","Ty Gallagher",53,"2021-Ty Gallagher"
"C","L",71,180,"USA U-18","NTDP",2003-05-15,"USA","2021","Redmond Savage",54,"2021-Redmond Savage"
"C","L",71,185,"KALAMAZOO","ECHL",2002-11-13,"USA","2021","Hunter Strand",55,"2021-Hunter Strand"
"D","R",71,181,"NEBRASKA-OMAHA","NCHC",2003-01-17,"CAN","2021","Jacob Guevin",56,"2021-Jacob Guevin"
"D","L",76,210,"Mississauga","OHL",2003-01-15,"CAN","2021","Ethan Del Mastro",57,"2021-Ethan Del Mastro"
"D","R",77,216,"USA U-18","NTDP",2003-02-27,"USA","2021","Roman Schmidt",58,"2021-Roman Schmidt"
"LW","L",72,193,"Calgary","WHL",2003-04-11,"CAN","2021","Sean Tschigerl",59,"2021-Sean Tschigerl"
"C","L",75,205,"Vancouver","WHL",2003-05-29,"CAN","2021","Zack Ostapchuk",60,"2021-Zack Ostapchuk"
"RW","R",74,180,"Brandon","WHL",2003-05-25,"CAN","2021","Jake Chiasson",61,"2021-Jake Chiasson"
"C","L",71,193,"LUGANO","SWISS",2003-09-03,"CHE","2021","Lorenzo Canonica",62,"2021-Lorenzo Canonica"
"C","R",74,200,"Red Deer","WHL",2003-01-12,"CAN","2021","Jayden Grubbe",63,"2021-Jayden Grubbe"
"LW","L",70,191,"Quebec","QMJHL",2003-05-31,"CAN","2021","James Malatesta",64,"2021-James Malatesta"
"LW","L",73,178,"Quebec","QMJHL",2003-01-29,"FIN","2021","Viljami Marjala",65,"2021-Viljami Marjala"
"LW","L",72,193,"Sherbrooke","QMJHL",2003-08-06,"CAN","2021","Joshua Roy",66,"2021-Joshua Roy"
"LW","R",72,170,"Tri-City","USHL",2002-03-28,"USA","2021","Carter Mazur",67,"2021-Carter Mazur"
"D","L",72,189,"Charlottetown","QMJHL",2002-10-11,"CAN","2021","William Trudeau",68,"2021-William Trudeau"
"D","L",73,185,"Michigan State U.","BIG10",2002-10-09,"CAN","2021","David Gucciardi",69,"2021-David Gucciardi"
"D","L",74,219,"Sault Ste. Marie","OHL",2003-07-04,"CAN","2021","Jacob Holmes",70,"2021-Jacob Holmes"
"D","R",74,191,"Brandon","WHL",2002-11-14,"CAN","2021","Vincent Iorio",71,"2021-Vincent Iorio"
"D","L",74,192,"USA U-18","NTDP",2003-02-02,"USA","2021","Ty Murchison",72,"2021-Ty Murchison"
"D","L",75,188,"Rimouski","QMJHL",2003-03-12,"CAN","2021","Tyson Hinds",73,"2021-Tyson Hinds"
"D","R",76,198,"London","OHL",2002-11-03,"CAN","2021","Ben Roger",74,"2021-Ben Roger"
"D","L",74,181,"Gatineau","QMJHL",2002-11-26,"CAN","2021","Isaac Belliveau",75,"2021-Isaac Belliveau"
"RW","L",71,180,"Halifax","QMJHL",2003-09-01,"CAN","2021","Robert Orr",76,"2021-Robert Orr"
"D","L",73,201,"Seattle","WHL",2003-02-27,"CAN","2021","Jeremy Hanzel",77,"2021-Jeremy Hanzel"
"C","R",70,175,"Maple Grove","HIGH-MN",2002-11-13,"USA","2021","Kyle Kukkonen",78,"2021-Kyle Kukkonen"
"D","R",76,202,"Ottawa","OHL",2003-04-08,"CAN","2021","Jack Matier",79,"2021-Jack Matier"
"C","L",69,174,NA,NA,2003-01-20,"CAN","2021","Peter Reynolds",80,"2021-Peter Reynolds"
"LW","L",71,191,"MINNESOTA STATE","CCHA",2003-03-11,"USA","2021","Charlie Lurie",81,"2021-Charlie Lurie"
"RW","L",71,162,"Ottawa","OHL",2003-04-12,"CAN","2021","Jack Beck",82,"2021-Jack Beck"
"C","R",70,183,"GREENSBORO","ECHL",2003-07-15,"CAN","2021","Deni Goure",83,"2021-Deni Goure"
"C","L",70,179,"RPI","ECAC",2003-03-03,"CAN","2021","Dovar Tinling",84,"2021-Dovar Tinling"
"LW","L",72,186,NA,NA,2002-12-03,"CAN","2021","Nick Degrazia",85,"2021-Nick Degrazia"
"D","L",74,200,"Moose Jaw","WHL",2002-09-21,"CAN","2021","Cole Jordan",88,"2021-Cole Jordan"
"D","R",77,215,"Sarnia","OHL",2003-01-14,"USA","2021","Ryan Mast",89,"2021-Ryan Mast"
"C","L",68,155,"NEBRASKA-OMAHA","NCHC",2003-05-04,"CAN","2021","Trevor Wong",90,"2021-Trevor Wong"
"C","L",70,175,"Chicago","USHL",2003-03-31,"USA","2021","Jack Harvey",91,"2021-Jack Harvey"
"D","R",75,192,"Prince George","WHL",2003-08-23,"CAN","2021","Ethan Samson",92,"2021-Ethan Samson"
"D","R",73,175,"Red Deer","WHL",2003-04-09,"CAN","2021","Kyle Masters",93,"2021-Kyle Masters"
"D","R",72,199,"Charlottetown","QMJHL",2003-05-18,"CAN","2021","Oscar Plandowski",94,"2021-Oscar Plandowski"
"D","R",71,178,"OHIO STATE","BIG10",2003-04-18,"USA","2021","Ethan Straky",95,"2021-Ethan Straky"
"D","L",74,186,"NOTRE DAME","BIG10",2003-03-25,"USA","2021","Henry Nelson",96,"2021-Henry Nelson"
"D","R",70,200,"DARTMOUTH","ECAC",2003-03-07,"USA","2021","Matthew Fusco",97,"2021-Matthew Fusco"
"D","L",71,185,"Minnesota","BIG10",2003-01-22,"USA","2021","Luke Mittelstadt",98,"2021-Luke Mittelstadt"
"D","L",76,220,"Lindsay","OJHL",2003-05-17,"RUS","2021","Artem Guryev",99,"2021-Artem Guryev"
"D","R",70,160,"NORTHEASTERN","H-EAST",2003-05-19,"USA","2021","Austen May",100,"2021-Austen May"
"RW","R",73,202,"Shawinigan","QMJHL",2003-01-15,"CAN","2021","Olivier Nadeau",101,"2021-Olivier Nadeau"
"C","L",74,190,"Kamloops","WHL",2003-01-26,"CAN","2021","Caedan Bankier",102,"2021-Caedan Bankier"
"C","R",69,170,NA,NA,2003-01-05,"CAN","2021","Braeden Kressler",103,"2021-Braeden Kressler"
"RW","R",68,171,"Erie","OHL",2003-01-21,"CAN","2021","Connor Lockhart",104,"2021-Connor Lockhart"
"C","L",75,190,"Dubuque","USHL",2000-08-18,"KAZ","2021","Andrei Buyalsky",106,"2021-Andrei Buyalsky"
"LW","R",70,151,"Sarnia","OHL",2003-06-10,"USA","2021","Ty Voit",107,"2021-Ty Voit"
"C","L",71,178,"Gatineau","QMJHL",2002-11-23,"USA","2021","Manix Landry",108,"2021-Manix Landry"
"D","L",72,168,"WISCONSIN","BIG10",2003-02-26,"USA","2021","Joe Palodichuk",109,"2021-Joe Palodichuk"
"LW","L",77,218,"Junior Bruins","USPHL - NCDC",2003-08-30,"USA","2021","Shane Lachance",110,"2021-Shane Lachance"
"C","L",73,170,"IOWA","ECHL",2003-05-14,"USA","2021","Jack O'Brien",111,"2021-Jack O'Brien"
"LW","L",72,163,"LAKE SUPERIOR","CCHA",2002-09-26,"USA","2021","Luke Levandowski",112,"2021-Luke Levandowski"
"LW","L",73,182,"Saginaw","OHL",2003-06-08,"CAN","2021","Josh Bloom",113,"2021-Josh Bloom"
"C","L",73,180,"London","OHL",2003-02-10,"CAN","2021","Max McCue",114,"2021-Max McCue"
"RW","R",72,206,"Acadie-Bathurst","QMJHL",2003-04-22,"CAN","2021","Jacob Melanson",115,"2021-Jacob Melanson"
"C","L",76,209,"USA U-18","NTDP",2003-07-03,"USA","2021","Andre Gasseau",116,"2021-Andre Gasseau"
"D","L",74,195,"Spokane","WHL",2003-09-12,"CAN","2021","Graham Sward",117,"2021-Graham Sward"
"D","R",72,208,"MINNESOTA-DULUTH","NCHC",2002-10-02,"USA","2021","Joey Pierce",118,"2021-Joey Pierce"
"C","L",72,158,"Mount St. Charles","HIGH-RI",2003-03-25,"USA","2021","Owen McLaughlin",119,"2021-Owen McLaughlin"
"C","L",76,216,"READING","ECHL",2003-03-19,"CAN","2021","Jacob Frasca",120,"2021-Jacob Frasca"
"C","R",72,180,"ARIZONA STATE","NCHC",2003-04-15,"USA","2021","Bennett Schimek",121,"2021-Bennett Schimek"
"C","L",73,198,"Kingston","OHL",2003-06-13,"CAN","2021","Francesco Arcuri",122,"2021-Francesco Arcuri"
"D","R",75,208,"Quinnipiac","ECAC",2003-09-05,"CAN","2021","Charles-Alexis Legault",123,"2021-Charles-Alexis Legault"
"C","R",72,188,"CANISIUS","AHA",2003-01-31,"CAN","2021","Ryan Gillespie",124,"2021-Ryan Gillespie"
"RW","L",70,170,"BROWN","ECAC",2003-06-13,"USA","2021","Ryan St. Louis",125,"2021-Ryan St. Louis"
"LW","L",74,182,"USA U-18","NTDP",2003-01-07,"DEU","2021","Liam Gilmartin",126,"2021-Liam Gilmartin"
"RW","R",70,170,"WILKES-BARRE/SCRANTON","AHL",2002-10-10,"USA","2021","Avery Hayes",127,"2021-Avery Hayes"
"LW","L",71,185,"USA U-18","NTDP",2003-06-30,"USA","2021","Justin Janicke",128,"2021-Justin Janicke"
"D","R",72,190,"MAINE","H-EAST",2003-03-31,"USA","2021","Simon Motew",129,"2021-Simon Motew"
"D","L",77,200,"Gatineau","QMJHL",2002-12-25,"RUS","2021","Evgenii Kashnikov",130,"2021-Evgenii Kashnikov"
"D","R",72,180,NA,NA,2003-02-08,"CAN","2021","Isaac Enright",131,"2021-Isaac Enright"
"LW","L",72,197,"JACKSONVILLE","ECHL",2001-01-30,"CAN","2021","Bennett MacArthur",132,"2021-Bennett MacArthur"
"C","L",70,155,"Edmonton","WHL",2002-06-28,"CAN","2021","Jalen Luypen",133,"2021-Jalen Luypen"
"LW","L",70,190,"LAKE SUPERIOR","CCHA",2002-09-17,"USA","2021","Alexander Teleguine",134,"2021-Alexander Teleguine"
"LW","L",72,175,"Windsor","OHL",2003-06-01,"CAN","2021","Pasquale Zito",135,"2021-Pasquale Zito"
"C","L",73,193,"Saint John","QMJHL",2003-05-04,"CAN","2021","Cameron MacDonald",136,"2021-Cameron MacDonald"
"C","L",72,195,NA,NA,2003-08-05,"CAN","2021","Connor Trenholm",137,"2021-Connor Trenholm"
"RW","R",70,187,"VERMONT","H-EAST",2003-06-19,"CAN","2021","Ethan Burroughs",138,"2021-Ethan Burroughs"
"C","R",74,195,"U. Mass.","H-EAST",2001-02-16,"USA","2021","Joshua Lopina",139,"2021-Joshua Lopina"
"D","R",74,180,"Portland","WHL",2003-09-09,"CAN","2021","Ryan McCleary",141,"2021-Ryan McCleary"
"D","L",71,182,"Medicine Hat","WHL",2003-02-16,"CAN","2021","Dru Krebs",142,"2021-Dru Krebs"
"RW","R",72,193,NA,NA,2003-04-14,"CAN","2021","Brenden Sirizzotti",143,"2021-Brenden Sirizzotti"
"C","R",73,190,"NORTH DAKOTA","NCHC",2002-07-02,"CAN","2021","Ellis Rickwood",144,"2021-Ellis Rickwood"
"D","L",78,218,"NEBRASKA-OMAHA","NCHC",2003-05-21,"CAN","2021","Marc Lajoie",145,"2021-Marc Lajoie"
"D","R",76,220,"London","OHL",2002-11-12,"USA","2021","Bryce Montgomery",146,"2021-Bryce Montgomery"
"D","L",74,202,"TEXAS","AHL",2003-06-16,"CAN","2021","Connor Punnett",148,"2021-Connor Punnett"
"RW","R",74,197,"Edmonton","WHL",2003-01-10,"CAN","2021","Carson Latimer",149,"2021-Carson Latimer"
"LW","L",73,186,"Summerside","MHL",2003-05-27,"CAN","2021","Justin Ertel",150,"2021-Justin Ertel"
"LW","L",74,220,"Seattle","WHL",2003-01-08,"CAN","2021","Lucas Ciona",151,"2021-Lucas Ciona"
"C","L",71,175,"FERRIS STATE","CCHA",2003-06-22,"USA","2021","Caden Brown",152,"2021-Caden Brown"
"C","L",73,198,NA,NA,2003-05-03,"CAN","2021","Lawson Sherk",153,"2021-Lawson Sherk"
"C","L",68,170,NA,NA,2002-09-27,"CAN","2021","Nicolas Daigle",155,"2021-Nicolas Daigle"
"C","L",74,201,"North Bay","OHL",2002-10-17,"CAN","2021","Kyle Jackson",158,"2021-Kyle Jackson"
"C","R",72,175,NA,NA,2003-05-29,"CAN","2021","Blake Swetlikoff",160,"2021-Blake Swetlikoff"
"C","L",71,173,"Portland","WHL",2002-12-29,"CAN","2021","Tyson Kozak",161,"2021-Tyson Kozak"
"LW","L",70,185,"Winnipeg","WHL",2002-09-21,"CAN","2021","Michael Milne",162,"2021-Michael Milne"
"D","R",74,192,NA,NA,2003-06-17,"CAN","2021","Ranvir Gill-Shane",163,"2021-Ranvir Gill-Shane"
"D","L",72,190,NA,NA,2003-03-01,"CAN","2021","Zach Biggar",164,"2021-Zach Biggar"
"D","L",75,220,"Calgary","WHL",2003-01-20,"CAN","2021","Tyson Galloway",165,"2021-Tyson Galloway"
"D","L",77,207,"Brantford","GOJHL",2003-07-16,"CAN","2021","Chandler Romeo",169,"2021-Chandler Romeo"
"RW","L",74,178,"LINDENWOOD","IND NCAA",2003-01-14,"CAN","2021","Charles Savoie",170,"2021-Charles Savoie"
"C","L",74,185,NA,NA,2003-02-14,"CAN","2021","Daniel Michaud",171,"2021-Daniel Michaud"
"LW","L",74,201,NA,NA,2003-03-28,"CAN","2021","Stuart Rolofs",172,"2021-Stuart Rolofs"
"C","R",71,190,"NORTHERN MICHIGAN","CCHA",2003-01-16,"USA","2021","Matthew Argentina",173,"2021-Matthew Argentina"
"C","L",72,182,"IOWA","ECHL",2003-02-04,"CAN","2021","Matthew Sop",174,"2021-Matthew Sop"
"RW","R",71,189,"Windsor","OHL",2002-11-25,"CAN","2021","Matthew Maggio",175,"2021-Matthew Maggio"
"RW","R",74,218,"ALASKA-FAIRBANKS","IND NCAA",2002-11-30,"USA","2021","Cade Ahrenholz",176,"2021-Cade Ahrenholz"
"RW","R",71,171,"BAKERSFIELD","AHL",2002-01-01,"USA","2021","Quinn Hutson",177,"2021-Quinn Hutson"
"RW","R",73,165,"Dodge County","HIGH-MN",2003-08-30,"USA","2021","Brody Lamb",178,"2021-Brody Lamb"
"D","L",72,190,"Mount St. Charles","HIGH-RI",2002-11-26,"USA","2021","Nate Benoit",179,"2021-Nate Benoit"
"LW","L",75,195,"Charlottetown","QMJHL",2003-08-23,"CAN","2021","Ben Boyd",180,"2021-Ben Boyd"
"D","L",75,212,"Kingston","OHL",2003-05-21,"USA","2021","Braden Hache",181,"2021-Braden Hache"
"C","R",71,179,"KANSAS CITY","ECHL",2003-09-05,"CAN","2021","Landon McCallum",182,"2021-Landon McCallum"
"C","R",70,187,"Peterborough","OHL",2003-06-22,"CAN","2021","Tucker Robertson",183,"2021-Tucker Robertson"
"LW","L",74,244,"BOSTON UNIVERSITY","H-EAST",2003-09-08,"USA","2021","Nick Roukounakis",184,"2021-Nick Roukounakis"
"LW","L",74,181,"BOSTON COLLEGE","H-EAST",2003-01-11,"USA","2021","Paul Davey",185,"2021-Paul Davey"
"D","L",70,188,"BOSTON COLLEGE","H-EAST",2002-12-16,"USA","2021","Lukas Gustafsson",186,"2021-Lukas Gustafsson"
"C","R",73,179,"BOSTON COLLEGE","H-EAST",2003-06-16,"USA","2021","Tim Delay",187,"2021-Tim Delay"
"D","L",72,192,NA,NA,2003-03-07,"CAN","2021","Charle Truchon",188,"2021-Charle Truchon"
"C","R",70,167,"Merrimack","H-EAST",2003-06-04,"USA","2021","Matt Copponi",189,"2021-Matt Copponi"
"LW","L",72,153,NA,NA,2003-04-10,NA,"2021","Zack Stringer",190,"2021-Zack Stringer"
"LW","L",76,205,"WORCESTER","ECHL",2002-10-09,"CAN","2021","Riley Ginnell",191,"2021-Riley Ginnell"
"C","R",66,151,NA,NA,2003-02-05,"USA","2021","Colby Saganiuk",193,"2021-Colby Saganiuk"
"LW","L",66,155,"QUINNIPIAC","ECAC",2003-08-16,"USA","2021","Jeremy Wilmer",194,"2021-Jeremy Wilmer"
"D","L",74,195,"COLGATE","ECAC",2003-03-31,"USA","2021","Jacob Napier",195,"2021-Jacob Napier"
"D","L",69,156,"PRINCETON","ECAC",2003-01-10,"USA","2021","Tyler Rubin",196,"2021-Tyler Rubin"
"C","L",69,183,NA,NA,2002-05-27,"CAN","2021","Nolan Ritchie",197,"2021-Nolan Ritchie"
"D","R",74,177,NA,NA,2003-04-22,"CAN","2021","Ethan Peters",198,"2021-Ethan Peters"
"C","L",70,177,"LAKE SUPERIOR","CCHA",2003-02-25,"USA","2021","Carter Batchelder",199,"2021-Carter Batchelder"
"C","L",72,180,"COACHELLA VALLEY","AHL",2003-07-04,"CAN","2021","Jon-Randall Avon",200,"2021-Jon-Randall Avon"
"D","R",77,214,NA,NA,2003-03-01,"CAN","2021","Declan Ride",201,"2021-Declan Ride"
"LW","L",73,198,"TROIS-RIVIERES","ECHL",2003-04-18,"CAN","2021","Israel Mianscum",202,"2021-Israel Mianscum"
"RW","R",71,207,"Dubuque","USHL",2003-07-30,"USA","2021","Connor Kurth",203,"2021-Connor Kurth"
"D","R",75,202,"UTICA","AHL",2003-04-10,"CAN","2021","Mikael Diotte",204,"2021-Mikael Diotte"
"C","R",71,172,"QUINNIPIAC","ECAC",2003-01-30,"USA","2021","Matthew McGroarty",205,"2021-Matthew McGroarty"
"LW","L",74,186,NA,NA,2003-04-29,"CAN","2021","Marc Boudreau",206,"2021-Marc Boudreau"
"C","R",72,179,NA,NA,2003-03-16,"USA","2021","Billy Norcross",207,"2021-Billy Norcross"
"C","R",72,176,"LONG ISLAND UNIVERSITY","IND NCAA",2003-03-09,"CAN","2021","Noah Serdachny",208,"2021-Noah Serdachny"
"D","L",74,190,"AIR FORCE","AHA",2003-02-28,"USA","2021","Will Staring",209,"2021-Will Staring"
"D","R",69,181,"UMASS","H-EAST",2002-12-01,"CAN","2021","Owen Murray",210,"2021-Owen Murray"
"D","R",72,186,NA,NA,2003-03-18,"USA","2021","Jacob Martin",211,"2021-Jacob Martin"
"C","L",69,162,"WILKES-BARRE/SCRANTON","AHL",2003-06-30,"CAN","2021","Gabriel Klassen",212,"2021-Gabriel Klassen"
"LW","L",69,184,NA,NA,2003-05-21,"CAN","2021","Nolan Dann",213,"2021-Nolan Dann"
"D","L",74,176,"Rimouski","QMJHL",2003-08-21,"CAN","2021","Frederic Brunet",214,"2021-Frederic Brunet"
"RW","L",78,220,"Owen Sound","OHL",2003-01-10,"CAN","2021","Kaleb Lawrence",215,"2021-Kaleb Lawrence"
"LW","L",71,168,"BROWN","ECAC",2003-04-28,"USA","2021","Andrew King",216,"2021-Andrew King"
"C","L",78,215,"ORLANDO","ECHL",2003-01-16,"BEL","2021","Milo Roelens",217,"2021-Milo Roelens"
"D","L",75,200,NA,NA,2003-01-07,"CAN","2021","Charles-Antoine Pilote",218,"2021-Charles-Antoine Pilote"
"D","R",74,197,"Victoria","WHL",2003-08-20,"CAN","2021","Gannon Laroque",219,"2021-Gannon Laroque"
"D","L",75,197,"ST. LAWRENCE","ECAC",2003-03-09,"USA","2021","Evan Orloff",220,"2021-Evan Orloff"
"C","R",72,195,"NIAGARA U","AHA",2003-03-13,"CAN","2021","Jacob Maillet",221,"2021-Jacob Maillet"
"D","R",74,194,NA,NA,2003-04-30,"CAN","2021","Payton Robinson",222,"2021-Payton Robinson"
"D","R",75,183,"Moose Jaw","WHL",2003-03-12,"CAN","2021","Maximus Wanner",223,"2021-Maximus Wanner"
"D","L",72,177,"Salmon Arm","BCHL",2002-07-28,"CAN","2021","Joaquim Lemay",224,"2021-Joaquim Lemay"
"D","R",76,201,NA,NA,2003-06-12,"CAN","2021","Nolan Bentham",925,"2021-Nolan Bentham"
"RW","R",74,196,"ARIZONA STATE","NCHC",2003-08-02,"USA","2021","Logan Morrell",927,"2021-Logan Morrell"
"C","R",74,194,"HENDERSON","AHL",2003-06-24,"CAN","2021","Kai Uchacz",928,"2021-Kai Uchacz"
"C","R",72,199,"Kingston","OHL",2004-01-05,"CAN","2022","Shane Wright",1,"2022-Shane Wright"
"C","L",70,180,"USA U-18","NTDP",2004-05-04,"USA","2022","Logan Cooley",2,"2022-Logan Cooley"
"LW","L",74,200,"USA U-18","NTDP",2004-01-19,"SWE","2022","Cutter Gauthier",4.5,"2022-Cutter Gauthier"
"C","R",69,170,"Winnipeg","WHL",2004-01-01,"CAN","2022","Matthew Savoie",3.5,"2022-Matthew Savoie"
"C","L",76,190,"Winnipeg","WHL",2004-05-05,"CAN","2022","Conor Geekie",4.5,"2022-Conor Geekie"
"D","L",74,194,"Saginaw","OHL",2003-11-25,"RUS","2022","Pavel Mintyukov",5.5,"2022-Pavel Mintyukov"
"D","L",74,187,"Seattle","WHL",2004-06-21,"CAN","2022","Kevin Korchinski",13.5,"2022-Kevin Korchinski"
"C","L",73,182,"Mississauga","OHL",2003-11-10,"CAN","2022","Luca Del Belluz",9.5,"2022-Luca Del Belluz"
"LW","L",70,180,"USA U-18","NTDP",2004-03-30,"USA","2022","Isaac Howard",10.5,"2022-Isaac Howard"
"C","R",72,188,"Mississauga","OHL",2004-02-03,"CAN","2022","Owen Beck",14.5,"2022-Owen Beck"
"RW","R",73,188,"USA U-18","NTDP",2004-06-01,"USA","2022","Jimmy Snuggerud",9.5,"2022-Jimmy Snuggerud"
"RW","R",70,162,"Moose Jaw","WHL",2004-04-29,"CAN","2022","Jagger Firkus",22.5,"2022-Jagger Firkus"
"C","L",71,182,"Sudbury","OHL",2004-03-27,"CAN","2022","David Goyette",24,"2022-David Goyette"
"D","L",71,191,"Moose Jaw","WHL",2004-07-12,"CAN","2022","Denton Mateychuk",11.5,"2022-Denton Mateychuk"
"D","L",76,182,"Swift Current","WHL",2004-01-27,"CAN","2022","Owen Pickering",18,"2022-Owen Pickering"
"C","R",76,209,"Quebec","QMJHL",2003-11-06,"CAN","2022","Nathan Gaucher",16,"2022-Nathan Gaucher"
"LW","L",74,194,"Okotoks","AJHL",2004-03-30,"CAN","2022","Rieger Lorenz",20.5,"2022-Rieger Lorenz"
"D","R",72,201,"USA U-18","NTDP",2004-02-27,"USA","2022","Ryan Chesley",20,"2022-Ryan Chesley"
"D","R",77,180,"Chaska","HIGH-MN",2004-06-25,"USA","2022","Sam Rinzel",22.5,"2022-Sam Rinzel"
"D","R",79,214,"Drummondville","QMJHL",2004-01-13,"CAN","2022","Maveric Lamoureux",17.5,"2022-Maveric Lamoureux"
"C","R",70,180,"USA U-18","NTDP",2004-01-14,"USA","2022","Frank Nazar",19,"2022-Frank Nazar"
"RW","L",73,204,"USA U-18","NTDP",2004-03-30,"USA","2022","Rutger McGroarty",20,"2022-Rutger McGroarty"
"C","L",76,196,"Saginaw","OHL",2004-02-12,"CZE","2022","Matyas Sapovaliv",18,"2022-Matyas Sapovaliv"
"D","R",74,197,"Gatineau","QMJHL",2004-01-12,"CAN","2022","Tristan Luneau",17,"2022-Tristan Luneau"
"D","L",68,158,"USA U-18","NTDP",2004-02-14,"USA","2022","Lane Hutson",28,"2022-Lane Hutson"
"C","L",74,161,"Youngstown","USHL",2003-10-14,"CAN","2022","Adam Ingram",20.5,"2022-Adam Ingram"
"C","L",73,185,"Kamloops","WHL",2004-07-05,"CAN","2022","Fraser Minten",31,"2022-Fraser Minten"
"D","R",70,173,"USA U-18","NTDP",2004-01-08,"USA","2022","Seamus Casey",30.5,"2022-Seamus Casey"
"D","L",72,191,"Guelph","OHL",2004-04-25,"CAN","2022","Michael Buchinger",33,"2022-Michael Buchinger"
"LW","L",76,218,"Seattle","WHL",2003-09-21,"CAN","2022","Reid Schaefer",58,"2022-Reid Schaefer"
"D","R",70,210,"North Bay","OHL",2004-03-30,"CAN","2022","Ty Nelson",28.5,"2022-Ty Nelson"
"D","R",77,225,"Gatineau","QMJHL",2004-07-15,"CAN","2022","Noah Warren",41,"2022-Noah Warren"
"C","L",73,190,"Sault Ste. Marie","OHL",2004-06-04,"CAN","2022","Bryce McConnell-Barker",31,"2022-Bryce McConnell-Barker"
"C","L",73,190,"Guelph","OHL",2003-12-19,"RUS","2022","Danil Zhilkin",31,"2022-Danil Zhilkin"
"C","L",72,178,"Madison","USHL",2004-08-08,"USA","2022","Quinn Finley",40.5,"2022-Quinn Finley"
"LW","L",72,177,"Sioux City","USHL",2003-10-12,"CAN","2022","Dylan James",52,"2022-Dylan James"
"LW","L",74,171,"Swift Current","WHL",2004-03-18,"CAN","2022","Josh Filmon",44.5,"2022-Josh Filmon"
"RW","R",70,170,"Chicago","USHL",2004-05-25,"CAN","2022","Nicholas Moldenhauer",43.5,"2022-Nicholas Moldenhauer"
"C","R",74,192,"Green Bay","USHL",2004-06-07,"USA","2022","Cameron Lund",38.5,"2022-Cameron Lund"
"RW","R",73,184,"USA U-18","NTDP",2004-04-05,"USA","2022","Cruz Lucius",483,"2022-Cruz Lucius"
"C","R",70,165,"Ottawa","OHL",2004-09-09,"AUT","2022","Vinzenz Rohrer",44,"2022-Vinzenz Rohrer"
"C","L",71,189,"Seattle","WHL",2004-01-20,"CAN","2022","Jordan Gustafson",43,"2022-Jordan Gustafson"
"C","R",72,182,"Barrie","OHL",2004-04-04,"CAN","2022","Hunter Haight",45.5,"2022-Hunter Haight"
"C","R",71,183,"Guelph","OHL",2004-03-10,"CAN","2022","Matthew Poitras",34,"2022-Matthew Poitras"
"C","R",73,183,"Green Bay","USHL",2003-10-21,"CAN","2022","Ryan Greene",43.5,"2022-Ryan Greene"
"D","L",71,173,"Kamloops","WHL",2004-08-26,"CAN","2022","Mats Lindgren",38.5,"2022-Mats Lindgren"
"D","R",70,172,"Erie","OHL",2003-09-16,"CAN","2022","Christian Kyrou",113.5,"2022-Christian Kyrou"
"C","L",72,180,"Kingston","OHL",2004-04-23,"CAN","2022","Paul Ludwinski",39,"2022-Paul Ludwinski"
"C","L",72,175,"Noble & Greenough","HIGH-MA",2004-02-24,"USA","2022","Ben MacDonald",55,"2022-Ben MacDonald"
"RW","R",74,178,"Flint","OHL",2004-05-14,"USA","2022","Gavin Hayes",59.5,"2022-Gavin Hayes"
"D","R",74,212,"St. Mark's School","HIGH-MA",2004-05-02,"USA","2022","Michael Fisher",48,"2022-Michael Fisher"
"D","L",72,198,"London","OHL",2004-02-15,"CAN","2022","Isaiah George",47.5,"2022-Isaiah George"
"D","L",70,175,"NORTH DAKOTA","NCHC",2004-05-06,"USA","2022","Jake Livanavage",72,"2022-Jake Livanavage"
"D","R",72,176,"Sherbrooke","QMJHL",2003-02-18,"USA","2022","David Spacek",68,"2022-David Spacek"
"D","R",74,186,NA,NA,2004-05-21,"CAN","2022","Jace Weir",55.5,"2022-Jace Weir"
"C","L",70,190,"Owen Sound","OHL",2004-08-10,"SVK","2022","Servac Petrovsky",55,"2022-Servac Petrovsky"
"LW","L",70,179,"Owen Sound","OHL",2004-04-21,"CAN","2022","Cedrick Guindon",67.5,"2022-Cedrick Guindon"
"RW","R",75,205,"USA U-18","NTDP",2004-01-10,"USA","2022","Devin Kaplan",63,"2022-Devin Kaplan"
"C","L",71,188,"Guelph","OHL",2004-03-07,"CAN","2022","Jake Karabela",61.5,"2022-Jake Karabela"
"LW","L",73,200,"Prior Lake","HIGH-MN",2003-11-20,"USA","2022","Alex Bump",66,"2022-Alex Bump"
"C","L",70,170,"Hermantown","HIGH-MN",2004-08-24,"DEU","2022","Zam Plante",52,"2022-Zam Plante"
"RW","R",71,177,"Denver","NCHC",2003-10-01,"USA","2022","Jack Devine",64.5,"2022-Jack Devine"
"D","L",71,155,"West Kelowna","BCHL",2004-04-17,"CAN","2022","Tyson Jugnauth",100,"2022-Tyson Jugnauth"
"D","R",72,193,"CLARKSON","ECAC",2004-02-25,"USA","2022","Tristan Sarsland",74.5,"2022-Tristan Sarsland"
"D","L",72,198,"Halifax","QMJHL",2004-03-04,"CAN","2022","Jake Furlong",60.5,"2022-Jake Furlong"
"LW","L",69,197,"Swift Current","WHL",2004-03-24,"CAN","2022","Josh Davies",98,"2022-Josh Davies"
"D","R",72,172,"Sioux Falls","USHL",2004-05-19,"USA","2022","Ryan Healey",71.5,"2022-Ryan Healey"
"D","L",74,192,"Des Moines","USHL",2004-04-13,"USA","2022","Jackson Dorrington",64,"2022-Jackson Dorrington"
"RW","R",71,180,"Kamloops","WHL",2003-12-27,"USA","2022","Matthew Seminoff",61,"2022-Matthew Seminoff"
"RW","R",68,172,"Halifax","QMJHL",2004-04-15,"CAN","2022","Jordan Dumais",72.5,"2022-Jordan Dumais"
"LW","L",68,171,"Saskatoon","WHL",2004-04-13,"CAN","2022","Brandon Lisowsky",80.5,"2022-Brandon Lisowsky"
"C","R",70,186,"NOTRE DAME","BIG10",2004-06-17,"CAN","2022","Pano Fimis",76,"2022-Pano Fimis"
"C","R",70,200,"COLORADO COLLEGE","NCHC",2004-02-22,"CAN","2022","Brayden Schuurman",67,"2022-Brayden Schuurman"
"RW","R",71,202,"Mount St. Charles","HIGH-RI",2004-01-24,"USA","2022","Cameron O'Neill",89.5,"2022-Cameron O'Neill"
"D","R",72,196,"NOTRE DAME","BIG10",2004-04-19,"CAN","2022","Michael Mastrodomenico",78.5,"2022-Michael Mastrodomenico"
"D","R",70,185,"MINNESOTA-DULUTH","NCHC",2004-05-26,"CAN","2022","Grayden Siepmann",109,"2022-Grayden Siepmann"
"D","L",73,190,"NEBRASKA-OMAHA","NCHC",2004-01-10,"CAN","2022","Spencer Sova",59,"2022-Spencer Sova"
"D","L",74,195,"Hamilton","OHL",2004-04-05,"CAN","2022","Jorian Donovan",60,"2022-Jorian Donovan"
"D","R",73,199,"North York","OJHL",2004-04-26,"CAN","2022","George Fegaras",86.5,"2022-George Fegaras"
"C","L",72,200,"Avon Old Farms H.S.","HIGH-CT",2004-02-09,"USA","2022","Brennan Ali",73,"2022-Brennan Ali"
"C","R",70,185,"Fargo","USHL",2004-07-01,"USA","2022","Cole Knuble",101,"2022-Cole Knuble"
"RW","R",70,174,"RIT","AHA",2004-02-22,"CAN","2022","Evan Konyen",86.5,"2022-Evan Konyen"
"LW","R",71,175,"Everett","WHL",2004-04-21,"CAN","2022","Ben Hemmerling",120,"2022-Ben Hemmerling"
"LW","L",71,189,"ALASKA-FAIRBANKS","IND NCAA",2004-07-25,"CAN","2022","Rylen Roersma",93,"2022-Rylen Roersma"
"C","L",70,182,"PROVIDENCE","H-EAST",2004-04-28,"CAN","2022","Beau Jelsma",112.5,"2022-Beau Jelsma"
"D","L",71,187,"CORNELL","ECAC",2004-05-11,"SVK","2022","Marian Mosko",126.5,"2022-Marian Mosko"
"LW","L",70,200,"Gatineau","QMJHL",2004-03-25,"CAN","2022","Samuel Savoie",106.5,"2022-Samuel Savoie"
"RW","L",71,189,"VERMONT","H-EAST",2004-01-14,"CAN","2022","Michael La Starza",84.5,"2022-Michael La Starza"
"D","L",72,177,"Shawinigan","QMJHL",2004-04-27,"CAN","2022","Angus Booth",73,"2022-Angus Booth"
"C","L",71,171,"Flint","OHL",2003-06-05,"CAN","2022","Amadeus Lombardi",94,"2022-Amadeus Lombardi"
"RW","L",72,180,"Saskatoon","WHL",2004-06-18,"BLR","2022","Yegor Sidorov",103.5,"2022-Yegor Sidorov"
"C","L",76,208,"Warroad","HIGH-MN",2004-01-18,"CAN","2022","Daimon Gardner",99,"2022-Daimon Gardner"
"LW","L",73,181,"Moncton","QMJHL",2003-12-18,"RUS","2022","Maxim Barbashev",92,"2022-Maxim Barbashev"
"RW","R",74,192,"Belmont Hill H.S.","HIGH-MA",2004-04-28,"USA","2022","James Fisher",107.5,"2022-James Fisher"
"D","L",75,180,"Acadie-Bathurst","QMJHL",2003-10-24,"CAN","2022","Marc-Andre Gaudet",107.5,"2022-Marc-Andre Gaudet"
"D","R",73,183,NA,NA,2004-04-15,"CAN","2022","Ryan Hopkins",129.5,"2022-Ryan Hopkins"
"D","R",74,195,"Sioux City","USHL",2004-04-04,"USA","2022","Garrett Brown",143.5,"2022-Garrett Brown"
"RW","R",70,181,"Kingston","OHL",2001-01-27,"CAN","2022","Lucas Edmonds",105.5,"2022-Lucas Edmonds"
"D","L",75,206,"CANISIUS","AHA",2004-04-28,"CAN","2022","Francois-James Buteau",99.5,"2022-Francois-James Buteau"
"C","L",71,156,"Youngstown","USHL",2004-01-21,"CAN","2022","Matthew Perkins",111.5,"2022-Matthew Perkins"
"C","L",74,170,"Swift Current","WHL",2004-09-11,"CAN","2022","Connor Hvidston",107,"2022-Connor Hvidston"
"D","L",72,203,"Sault Ste. Marie","OHL",2004-02-05,"RUS","2022","Kirill Kudryavtsev",105.5,"2022-Kirill Kudryavtsev"
"D","L",71,189,"BEMIDJI STATE","CCHA",2003-11-04,"CAN","2022","Hudson Thornton",160,"2022-Hudson Thornton"
"C","L",71,166,"Cranbrook","BCHL",2004-02-06,"CAN","2022","Tyson Dyck",150.5,"2022-Tyson Dyck"
"C","R",75,216,"BOWLING GREEN","CCHA",2004-02-13,"GBR","2022","Jake Sloan",104,"2022-Jake Sloan"
"LW","L",76,207,"Tri-City","WHL",2003-09-26,"CAN","2022","Parker Bell",102.5,"2022-Parker Bell"
"D","R",73,197,"Milton Academy","HIGH-MA",2004-02-21,"USA","2022","Chris Romaine",136.5,"2022-Chris Romaine"
"C","R",70,181,"North Bay","OHL",2003-11-20,"CAN","2022","Liam Arnsby",90.5,"2022-Liam Arnsby"
"C","L",69,174,"QUINNIPIAC","ECAC",2004-03-21,"CAN","2022","Markus Vidicek",107,"2022-Markus Vidicek"
"D","R",72,186,"USA U-18","NTDP",2004-01-11,"USA","2022","Charles Leddy",100.5,"2022-Charles Leddy"
"D","L",74,218,"Windsor","OHL",2004-03-30,"USA","2022","Rodwin Dionicio",125,"2022-Rodwin Dionicio"
"D","L",72,172,NA,NA,2004-02-08,"CAN","2022","Keaton Dowhaniuk",128,"2022-Keaton Dowhaniuk"
"C","L",71,184,"USA U-18","NTDP",2004-06-13,"USA","2022","Cole Spicer",121.5,"2022-Cole Spicer"
"C","L",70,200,"MIAMI","NCHC",2004-03-11,"CAN","2022","Kocha Delic",161,"2022-Kocha Delic"
"D","L",75,196,"London","OHL",2004-02-27,"CAN","2022","Jackson Edward",99,"2022-Jackson Edward"
"D","L",73,178,"MOGO","LATVIA",2004-08-18,"LVA","2022","Niks Fenenko",156.5,"2022-Niks Fenenko"
"D","R",73,209,"MINNESOTA","BIG10",2003-12-14,"USA","2022","Leo Gruba",112.5,"2022-Leo Gruba"
"D","L",74,203,"North Bay","OHL",2004-01-15,"CAN","2022","Tnias Mathurin",139,"2022-Tnias Mathurin"
"D","R",80,238,"St. Michael's","OJHL",2003-10-20,"CAN","2022","Jack Sparkes",99,"2022-Jack Sparkes"
"LW","L",69,172,"KITZBUHEL","AUSTRIA-2",2004-02-29,"CAN","2022","Yoan Loshing",156,"2022-Yoan Loshing"
"LW","L",71,194,"ST. THOMAS","CCHA",2004-05-05,"USA","2022","Dylan Godbout",139,"2022-Dylan Godbout"
"D","R",72,184,"RPI","ECAC",2004-04-12,"USA","2022","Kazimier Sobieski",132.5,"2022-Kazimier Sobieski"
"RW","R",76,195,"St. Sebastian's School","HIGH-MA",2004-01-15,"USA","2022","Michael Callow",146.5,"2022-Michael Callow"
"D","L",73,173,"Waterloo","USHL",2003-01-16,"USA","2022","Aaron Pionk",152,"2022-Aaron Pionk"
"LW","L",72,212,"NEW HAMPSHIRE","H-EAST",2004-04-27,"CAN","2022","Jacob Newcombe",131.5,"2022-Jacob Newcombe"
"RW","R",70,193,NA,NA,2004-03-13,"CAN","2022","Zakary Lavoie",129,"2022-Zakary Lavoie"
"LW","L",71,180,"Sioux Falls","USHL",2003-10-14,"USA","2022","Sam Harris",158.5,"2022-Sam Harris"
"C","L",68,165,"NORTHERN MICHIGAN","CCHA",2004-01-24,"CAN","2022","Mathew Ward",140.5,"2022-Mathew Ward"
"C","L",72,192,"BOSTON COLLEGE","H-EAST",2004-02-26,"USA","2022","Brady Berard",124.5,"2022-Brady Berard"
"D","L",74,200,"TAHOE","ECHL",2003-04-15,"CAN","2022","Samuel Mayer",129.5,"2022-Samuel Mayer"
"LW","L",68,169,"QUINNIPIAC","ECAC",2004-07-28,"CAN","2022","Antonin Verreault",114.5,"2022-Antonin Verreault"
"RW","L",69,175,"Blainville-Boisbriand","QMJHL",2003-12-30,"CHE","2022","Alexis Gendron",155,"2022-Alexis Gendron"
"D","L",72,184,"COACHELLA VALLEY","AHL",2003-10-22,"CAN","2022","Charlie Wright",141,"2022-Charlie Wright"
"RW","R",73,188,"BELSTAL ZHLOBIN","BELARUS-2",2004-04-15,"BLR","2022","Daniil Bourosh",134.5,"2022-Daniil Bourosh"
"LW","L",68,164,"MERRIMACK","H-EAST",2004-04-09,"USA","2022","Nicholas Pierre",157,"2022-Nicholas Pierre"
"RW","R",72,175,"Cedar Rapids","USHL",2004-04-29,"CAN","2022","Zaccharya Wisdom",125.5,"2022-Zaccharya Wisdom"
"C","L",71,154,"FERRIS STATE","CCHA",2003-09-04,"CAN","2022","Connor McGrath",137,"2022-Connor McGrath"
"LW","L",70,182,"TORPEDO-GORKY NN","RUSSIA-2",2004-01-21,"RUS","2022","Ruslan Gazizov",105.5,"2022-Ruslan Gazizov"
"C","L",76,207,"LIBEREC","CZECHIA",2004-06-17,"CZE","2022","Jakub Hujer",103,"2022-Jakub Hujer"
"LW","L",72,202,NA,NA,2004-01-08,"CAN","2022","Aidan Castle",153,"2022-Aidan Castle"
"LW","L",70,191,"FORT WAYNE","ECHL",2004-08-06,"CAN","2022","Brady Stonehouse",145,"2022-Brady Stonehouse"
"D","R",75,215,"Sudbury","OHL",2004-04-28,"CAN","2022","Nolan Collins",153,"2022-Nolan Collins"
"D","L",72,204,"MERCYHURST","AHA",2004-07-11,"CAN","2022","Francesco Iasenza",139.5,"2022-Francesco Iasenza"
"D","R",74,190,"Rouyn-Noranda","QMJHL",2004-06-07,"CAN","2022","Dyllan Gill",153,"2022-Dyllan Gill"
"LW","L",75,203,"Kelowna","WHL",2004-05-21,"CAN","2022","Max Graham",162,"2022-Max Graham"
"RW","R",72,180,"FORT WAYNE","ECHL",2003-08-09,"USA","2022","James Stefan",181,"2022-James Stefan"
"RW","R",72,188,"HARVARD","ECAC",2004-01-03,"USA","2022","Marek Hejduk",134.5,"2022-Marek Hejduk"
"D","L",70,175,"ROUEN","FRANCE",2004-03-05,"CAN","2022","Pier-Olivier Roy",170,"2022-Pier-Olivier Roy"
"D","R",70,175,"WESTERN MICHIGAN","NCHC",2002-03-29,"USA","2022","Zach Bookman",185.5,"2022-Zach Bookman"
"RW","R",69,157,"Nichols School","HIGH-NY",2004-06-05,"USA","2022","Joey Muldowney",164,"2022-Joey Muldowney"
"RW","R",72,186,"NORTHEASTERN","H-EAST",2004-05-09,"USA","2022","Grayson Badger",139.5,"2022-Grayson Badger"
"C","R",72,194,"UNION","ECAC",2004-05-04,"CAN","2022","Lucas Buzziol",166.5,"2022-Lucas Buzziol"
"C","R",73,180,"PRINCETON","ECAC",2004-03-10,"CAN","2022","Carson Buydens",156.5,"2022-Carson Buydens"
"D","L",72,181,"MERRIMACK","H-EAST",2004-04-26,"USA","2022","Seamus Powell",167.5,"2022-Seamus Powell"
"D","R",76,193,"Quebec","QMJHL",2004-01-11,"RUS","2022","Vsevolod Komarov",137,"2022-Vsevolod Komarov"
"D","R",76,216,NA,NA,2004-04-21,"CAN","2022","Liam Steele",127,"2022-Liam Steele"
"C","R",74,210,"HARVARD","ECAC",2004-01-14,"USA","2022","William Hughes",168.5,"2022-William Hughes"
"D","R",74,190,"ALASKA-FAIRBANKS","IND NCAA",2003-10-05,"CAN","2022","Adam Cardona",172.5,"2022-Adam Cardona"
"D","L",72,197,"UNION","ECAC",2003-12-18,"USA","2022","Tyler Dunbar",140,"2022-Tyler Dunbar"
"D","R",72,185,"WISCONSIN","BIG10",2004-04-28,"USA","2022","Aiden Dubinsky",166,"2022-Aiden Dubinsky"
"D","L",75,196,"Portland","WHL",2004-04-07,"CZE","2022","Marek Alscher",177,"2022-Marek Alscher"
"C","R",72,180,"MICHIGAN STATE","BIG10",2004-02-19,"USA","2022","Gavin O'Connell",160.5,"2022-Gavin O'Connell"
"C","L",70,188,"SACRED HEART","AHA",2004-07-24,"CAN","2022","Gavin Bryant",169.5,"2022-Gavin Bryant"
"C","R",70,178,"Everett","WHL",2004-01-22,"CHE","2022","Austin Roest",183,"2022-Austin Roest"
"D","L",75,217,"WHEELING","ECHL",2003-04-13,"LVA","2022","Bogdans Hodass",177,"2022-Bogdans Hodass"
"RW","R",72,168,NA,NA,2004-03-03,"CAN","2022","Alex Blais",163.5,"2022-Alex Blais"
"LW","L",74,207,"CANISIUS","AHA",2004-03-23,"CAN","2022","Brice Cooke",173,"2022-Brice Cooke"
"LW","L",70,186,"YALE","ECAC",2004-06-29,"USA","2022","Micah Berger",184,"2022-Micah Berger"
"D","R",72,188,NA,NA,2004-02-21,"USA","2022","Pavel Bocharov",171,"2022-Pavel Bocharov"
"D","R",74,206,"HENDERSON","AHL",2004-01-02,"SVK","2022","Jozef Viliam Kmec",139,"2022-Jozef Viliam Kmec"
"C","R",75,210,"Wenatchee","BCHL",2004-07-12,"USA","2022","Cade Littler",192.5,"2022-Cade Littler"
"D","L",74,200,"BREMERHAVEN","GERMANY",2004-02-22,"POL","2022","Rayan Bettahar",170.5,"2022-Rayan Bettahar"
"D","R",74,200,"DENVER","NCHC",2003-11-13,"CAN","2022","Kent Anderson",129.5,"2022-Kent Anderson"
"D","L",76,197,"St. Andrew's College","HIGH-ON",2004-07-29,"CAN","2022","Matthew Morden",206.5,"2022-Matthew Morden"
"D","R",73,208,"CORNELL","ECAC",2004-06-11,"CAN","2022","Nicholas Wolfenberg",191,"2022-Nicholas Wolfenberg"
"C","R",72,165,"Northstar Christian U18","HIGH-MN",2003-11-20,"USA","2022","Reese Laubach",192,"2022-Reese Laubach"
"LW","L",74,187,NA,NA,2004-04-15,"CAN","2022","Ty Paisley",193,"2022-Ty Paisley"
"RW","R",73,200,NA,NA,2003-06-26,"CAN","2022","Braeden Bowman",205.5,"2022-Braeden Bowman"
"LW","L",75,198,NA,NA,2003-07-24,"CAN","2022","Julien Beland",195,"2022-Julien Beland"
"LW","L",75,183,"CHARLOTTE","AHL",2003-12-17,"CAN","2022","Kai Schwindt",196,"2022-Kai Schwindt"
"LW","L",74,188,"NIAGARA U","AHA",2004-06-02,"RUS","2022","Maxim Muranov",169,"2022-Maxim Muranov"
"C","R",69,164,"NEBRASKA-OMAHA","NCHC",2004-03-01,"CAN","2022","Luke Woodworth",205,"2022-Luke Woodworth"
"RW","R",71,176,"OHIO STATE","BIG10",2003-09-22,"USA","2022","Davis Burnside",199,"2022-Davis Burnside"
"C","R",72,203,"NOTRE DAME","BIG10",2004-02-13,"USA","2022","Maddox Fleming",200,"2022-Maddox Fleming"
"D","L",68,179,"MICHIGAN","BIG10",2004-07-19,"USA","2022","Tyler Duke",201,"2022-Tyler Duke"
"LW","L",66,168,"CLARKSON","ECAC",2004-07-11,"CAN","2022","Justin Cote",204.5,"2022-Justin Cote"
"C","R",70,167,"RPI","ECAC",2004-08-19,"USA","2022","Jackson Kyrkostas",203,"2022-Jackson Kyrkostas"
"C","L",71,190,"NORTHEASTERN","H-EAST",2004-05-05,"CAN","2022","Jacob Mathieu",209.5,"2022-Jacob Mathieu"
"LW","L",73,181,"TROIS-RIVIERES","ECHL",2002-01-13,"USA","2022","Mark Estapa",205,"2022-Mark Estapa"
"D","L",76,201,"VERMONT","H-EAST",2004-02-08,"CAN","2022","Duncan Ramsay",214,"2022-Duncan Ramsay"
"RW","R",76,206,"ARIZONA STATE","NCHC",2004-01-18,"CAN","2022","Sam Alfano",198.5,"2022-Sam Alfano"
"LW","L",72,168,"MERCYHURST","AHA",2003-07-07,"USA","2022","Tyler Haskins",160.5,"2022-Tyler Haskins"
"RW","R",73,205,NA,NA,2003-11-24,"CAN","2022","Justin Lies",192.5,"2022-Justin Lies"
"LW","L",68,184,"BEMIDJI STATE","CCHA",2004-02-06,"USA","2022","Max Namestnikov",215,"2022-Max Namestnikov"
"D","L",70,175,NA,NA,2004-01-26,"CAN","2022","Layton Feist",202.5,"2022-Layton Feist"
"D","R",70,182,NA,NA,2004-03-18,"CAN","2022","Brayden Schmitt",213,"2022-Brayden Schmitt"
"D","R",73,194,"BOSTON COLLEGE","H-EAST",2003-09-25,"USA","2022","Nolan Joyce",208.5,"2022-Nolan Joyce"
"C","L",70,188,"London","OHL",2004-07-17,"CAN","2022","Landon Sim",214,"2022-Landon Sim"
"D","R",70,201,"Cedar Rapids","USHL",2004-03-23,"USA","2022","Eric Pohlkamp",216,"2022-Eric Pohlkamp"
"C","L",70,186,"SARATOV","RUSSIA-2",2003-09-18,"BLR","2022","Zakhar Polshakov",156.5,"2022-Zakhar Polshakov"
"C","L",70,189,"MERRIMACK","H-EAST",2004-01-12,"CAN","2022","Nolan Flamand",202.5,"2022-Nolan Flamand"
"D","L",74,202,NA,NA,2004-08-12,"USA","2022","Jeremiah Slavin",206.5,"2022-Jeremiah Slavin"
"D","L",78,218,"HERNING","DENMARK",2002-09-23,"DNK","2022","Kasper Larsen",220,"2022-Kasper Larsen"
"D","L",75,213,NA,NA,2003-07-08,"CAN","2022","Roberto Mancini",208.5,"2022-Roberto Mancini"
"D","L",73,192,"NOTRE DAME","BIG10",2004-01-31,"CAN","2022","Caeden Carlisle",223,"2022-Caeden Carlisle"
"LW","L",72,185,"VERMONT","H-EAST",2004-06-07,"USA","2022","Colin Kessler",192.5,"2022-Colin Kessler"
"RW","R",72,181,"Sioux Falls","USHL",2004-02-28,"SVK","2022","Adam Zlnka",926,"2022-Adam Zlnka"
"C","L",71,174,"PRINCETON","ECAC",2003-09-15,"CAN","2022","Kevin Anderson",119,"2022-Kevin Anderson"
"C","L",71,196,"GOMEL","BELARUS",2003-04-09,"RUS","2022","Vsevolod Gaidamak",121,"2022-Vsevolod Gaidamak"
"LW","L",75,209,"CLARKSON","ECAC",2004-02-09,"USA","2022","Colton Smith",129,"2022-Colton Smith"
"C","R",70,188,NA,NA,2004-02-27,"CAN","2022","Kyren Gronick",131,"2022-Kyren Gronick"
"D","R",73,189,"MERCYHURST","AHA",2004-05-09,"USA","2022","Kaden Muir",133,"2022-Kaden Muir"
"RW","R",78,209,"OHIO STATE","BIG10",2004-07-27,"USA","2022","Nathan Lewis",150,"2022-Nathan Lewis"
"C","R",70,179,"NEW HAMPSHIRE","H-EAST",2003-10-26,"USA","2022","Nick Ring",174,"2022-Nick Ring"
"LW","L",74,182,NA,NA,2003-04-06,"USA","2022","Tyler Savard",183,"2022-Tyler Savard"
"LW","L",70,190,"JACKSONVILLE","ECHL",2004-05-29,"CAN","2022","Brody Crane",188,"2022-Brody Crane"
"RW","L",67,160,NA,NA,2004-05-15,"CAN","2022","Bowden Singleton",192,"2022-Bowden Singleton"
"D","R",71,165,NA,NA,2004-02-12,"CAN","2022","Spencer Penner",197,"2022-Spencer Penner"
"C","R",73,179,NA,NA,2004-04-16,"USA","2022","Harrison Ballard",199,"2022-Harrison Ballard"
"C","L",77,220,"CORNELL","ECAC",2003-09-26,"USA","2022","Parker Murray",201,"2022-Parker Murray"
"C","L",75,193,"St. Andrew's College","HIGH-ON",2004-03-12,"USA","2022","Luke Devlin",202,"2022-Luke Devlin"
"C","L",75,190,NA,NA,2003-08-04,"CAN","2022","Davis Fry",206,"2022-Davis Fry"
"D","L",72,179,"STONEHILL","IND NCAA",2004-01-06,"USA","2022","Jordin Palmer",209,"2022-Jordin Palmer"
"C","L",68,170,"MICHIGAN TECH","CCHA",2004-04-05,"USA","2022","Ryan Abraham",210,"2022-Ryan Abraham"
"D","L",72,182,"FRIBOURG","SWISS",2003-10-28,"CHE","2022","Maximilian Streule",214,"2022-Maximilian Streule"
"D","L",71,170,"WISCONSIN","BIG10",2004-04-06,"USA","2022","Weston Knox",218,"2022-Weston Knox"
"D","L",71,187,"ST. CLOUD STATE","NCHC",2004-02-12,"USA","2022","Finn Loftus",220,"2022-Finn Loftus"
"C","L",72,170,"SLAVIA","CZECHIA-2",2004-02-02,"CZE","2022","Simon Slavicek",926,"2022-Simon Slavicek"
"C","R",70,185,"Regina","WHL",2005-07-17,"CAN","2023","Connor Bedard",1,"2023-Connor Bedard"
"C","L",74,195,"Michigan","BIG10",2004-10-12,"CAN","2023","Adam Fantilli",2,"2023-Adam Fantilli"
"C","R",72,180,"USA U-18","NTDP",2005-03-17,"USA","2023","William Smith",3,"2023-William Smith"
"RW","R",76,197,"U. of Connecticut","H-EAST",2005-02-06,"CAN","2023","Matthew Wood",6,"2023-Matthew Wood"
"RW","R",72,190,"USA U-18","NTDP",2005-01-21,"USA","2023","Ryan Leonard",4.5,"2023-Ryan Leonard"
"LW","L",69,163,"Winnipeg","WHL",2005-05-12,"CAN","2023","Zach Benson",6.5,"2023-Zach Benson"
"C","R",74,186,"Brandon","WHL",2004-09-27,"CAN","2023","Nate Danielson",10,"2023-Nate Danielson"
"C","L",71,195,"USA U-18","NTDP",2005-01-22,"USA","2023","Oliver Moore",7,"2023-Oliver Moore"
"LW","L",75,195,"Vancouver","WHL",2004-11-12,"SVK","2023","Samuel Honzek",9,"2023-Samuel Honzek"
"RW","L",71,163,"USA U-18","NTDP",2005-05-07,"CAN","2023","Gabriel Perreault",12.5,"2023-Gabriel Perreault"
"C","R",71,170,"Moose Jaw","WHL",2005-01-03,"CAN","2023","Brayden Yager",8,"2023-Brayden Yager"
"LW","L",72,193,"Owen Sound","OHL",2005-02-14,"CAN","2023","Colby Barlow",11,"2023-Colby Barlow"
"C","R",74,189,"Oshawa","OHL",2005-01-21,"CAN","2023","Calum Ritchie",15,"2023-Calum Ritchie"
"LW","L",74,202,"Sudbury","OHL",2005-07-06,"USA","2023","Quentin Musty",12.5,"2023-Quentin Musty"
"LW","L",70,175,"Kelowna","WHL",2005-02-04,"CAN","2023","Andrew Cristall",15.5,"2023-Andrew Cristall"
"RW","R",72,186,"Sherbrooke","QMJHL",2005-01-26,"USA","2023","Ethan Gauthier",15,"2023-Ethan Gauthier"
"LW","R",70,160,"Penticton","BCHL",2005-05-05,"CAN","2023","Bradly Nadeau",18,"2023-Bradly Nadeau"
"D","R",73,196,"Tri-City","WHL",2005-04-25,"CAN","2023","Lukas Dragicevic",15,"2023-Lukas Dragicevic"
"D","L",72,188,"Moncton","QMJHL",2005-03-09,"CAN","2023","Etienne Morin",21.5,"2023-Etienne Morin"
"D","R",74,190,"London","OHL",2005-01-09,"CAN","2023","Oliver Bonk",19,"2023-Oliver Bonk"
"C","L",70,182,"Prince George","WHL",2005-03-25,"CAN","2023","Riley Heidt",23.5,"2023-Riley Heidt"
"C","L",75,212,"USA U-18","NTDP",2005-08-03,"USA","2023","Danny Nelson",22,"2023-Danny Nelson"
"C","R",68,168,"Michigan","BIG10",2004-10-05,"USA","2023","Gavin Brindley",31.5,"2023-Gavin Brindley"
"C","R",71,155,"Seattle","WHL",2005-01-19,"CAN","2023","Gracyn Sawchyn",33,"2023-Gracyn Sawchyn"
"RW","R",72,206,"Prince George","WHL",2004-12-08,"CAN","2023","Koehn Ziemmer",22.5,"2023-Koehn Ziemmer"
"LW","L",74,180,"Seattle","WHL",2004-12-01,"CAN","2023","Nico Myatovic",36.5,"2023-Nico Myatovic"
"LW","L",72,180,"Hamilton","OHL",2005-07-08,"CAN","2023","Nick Lardis",61.5,"2023-Nick Lardis"
"D","L",72,185,"Saskatoon","WHL",2005-02-03,"CAN","2023","Tanner Molendyk",32,"2023-Tanner Molendyk"
"LW","L",74,202,"Kitchener","OHL",2005-01-07,"CAN","2023","Carson Rehkopf",30,"2023-Carson Rehkopf"
"C","R",75,222,"Wisconsin","BIG10",2004-10-15,"USA","2023","Charlie Stramel",25.5,"2023-Charlie Stramel"
"D","R",75,206,"Sault Ste. Marie","OHL",2005-02-13,"CAN","2023","Andrew Gibson",31.5,"2023-Andrew Gibson"
"D","L",74,183,"Flint","OHL",2005-07-12,"CAN","2023","Tristan Bertucci",41.5,"2023-Tristan Bertucci"
"D","R",72,183,"Barrie","OHL",2005-02-11,"CAN","2023","Beau Akey",29,"2023-Beau Akey"
"D","L",74,185,"Kingston","OHL",2005-04-14,"CAN","2023","Quinton Burns",35.5,"2023-Quinton Burns"
"D","L",69,182,"Portland","WHL",2004-12-21,"CAN","2023","Luca Cagnoni",34.5,"2023-Luca Cagnoni"
"C","R",72,192,"Halifax","QMJHL",2005-03-01,"CAN","2023","Mathieu Cataford",31.5,"2023-Mathieu Cataford"
"RW","R",72,174,"Flint","OHL",2004-12-13,"CAN","2023","Coulson Pitre",39,"2023-Coulson Pitre"
"C","L",72,190,"Erie","OHL",2005-05-10,"USA","2023","Carey Terrance",44,"2023-Carey Terrance"
"LW","L",72,158,"Red Deer","WHL",2005-01-25,"CAN","2023","Kalan Lind",31,"2023-Kalan Lind"
"LW","L",74,192,"Penticton","BCHL",2004-11-16,"RUS","2023","Aydar Suniev",37.5,"2023-Aydar Suniev"
"D","R",72,190,"Kitchener","OHL",2004-11-29,"USA","2023","Hunter Brzustewicz",37,"2023-Hunter Brzustewicz"
"RW","R",69,175,"Youngstown","USHL",2005-02-05,"USA","2023","William Whitelaw",48.5,"2023-William Whitelaw"
"RW","R",69,166,"Chicago","USHL",2005-01-11,"CAN","2023","Jayden Perron",35.5,"2023-Jayden Perron"
"D","L",71,187,"Youngstown","USHL",2005-02-27,"USA","2023","Andrew Strathmann",55.5,"2023-Andrew Strathmann"
"RW","L",74,204,"Youngstown","USHL",2004-09-30,"SVK","2023","Martin Misiak",36.5,"2023-Martin Misiak"
"D","R",72,197,"Guelph","OHL",2005-01-07,"CAN","2023","Cameron Allen",37.5,"2023-Cameron Allen"
"D","L",72,190,"Kelowna","WHL",2005-08-24,"CAN","2023","Caden Price",38.5,"2023-Caden Price"
"D","R",73,198,"Sioux Falls","USHL",2005-04-13,"SVK","2023","Maxim Strbak",46,"2023-Maxim Strbak"
"C","R",76,210,"Vancouver","WHL",2004-12-02,"USA","2023","Jaden Lipinski",43.5,"2023-Jaden Lipinski"
"LW","L",77,218,"Kingston","OHL",2005-03-22,"CAN","2023","Ethan Miedema",47.5,"2023-Ethan Miedema"
"RW","L",71,180,"London","OHL",2005-05-20,"CAN","2023","Easton Cowan",63,"2023-Easton Cowan"
"D","R",74,186,"Muskegon","USHL",2005-06-02,"USA","2023","Gavin McCarthy",45.5,"2023-Gavin McCarthy"
"C","L",72,185,"Lincoln","USHL",2004-11-27,"USA","2023","Tanner Ludtke",62.5,"2023-Tanner Ludtke"
"C","L",69,169,"Ottawa","OHL",2005-04-05,"CAN","2023","Luca Pinelli",51.5,"2023-Luca Pinelli"
"RW","R",69,164,"Warroad","HIGH-MN",2005-04-05,"USA","2023","Jayson Shaugabay",59.5,"2023-Jayson Shaugabay"
"RW","R",72,182,"Cape Breton","QMJHL",2005-04-11,"CAN","2023","Cam Squires",85,"2023-Cam Squires"
"C","R",73,188,"Ottawa","OHL",2005-03-06,"CAN","2023","Brad Gardiner",50,"2023-Brad Gardiner"
"D","L",73,200,"USA U-18","NTDP",2005-01-30,"USA","2023","Paul Fischer",55,"2023-Paul Fischer"
"RW","R",75,184,"Shattuck-St. Mary's","HIGH-MN",2005-03-07,"USA","2023","Zach Nehring",64.5,"2023-Zach Nehring"
"D","L",73,176,"USA U-18","NTDP",2005-04-28,"USA","2023","Drew Fortescue",59,"2023-Drew Fortescue"
"D","R",74,197,"Halifax","QMJHL",2005-01-12,"CAN","2023","Dylan MacKinnon",63,"2023-Dylan MacKinnon"
"D","L",73,180,"Seattle","WHL",2005-04-30,"CAN","2023","Sawyer Mynio",86.5,"2023-Sawyer Mynio"
"RW","R",69,153,"Brooks","AJHL",2004-11-24,"CAN","2023","Aiden Fink",64.5,"2023-Aiden Fink"
"D","L",77,209,"USA U-18","NTDP",2005-04-01,"USA","2023","Brady Cleveland",61.5,"2023-Brady Cleveland"
"C","L",72,175,"Brooks","AJHL",2004-05-19,"CAN","2023","Hudson Malinoski",71.5,"2023-Hudson Malinoski"
"C","R",75,208,"Youngstown","USHL",2005-02-04,"USA","2023","Brandon Svoboda",67.5,"2023-Brandon Svoboda"
"C","L",74,175,"USA U-18","NTDP",2005-06-24,"USA","2023","Beckett Hendrickson",80.5,"2023-Beckett Hendrickson"
"C","L",74,184,"Chicoutimi","QMJHL",2004-10-07,"BLR","2023","Andrei Loshko",86,"2023-Andrei Loshko"
"RW","L",75,190,"Hamilton","OHL",2005-04-27,"CAN","2023","Cole Brown",87,"2023-Cole Brown"
"D","R",73,193,"Sudbury","OHL",2005-01-11,"USA","2023","Matthew Mania",66,"2023-Matthew Mania"
"D","R",75,202,"Portland","WHL",2005-06-26,"CAN","2023","Carter Sotheran",80,"2023-Carter Sotheran"
"D","L",74,197,"Ottawa","OHL",2004-12-21,"CAN","2023","Matthew Mayich",97,"2023-Matthew Mayich"
"D","L",76,180,"Culver Academy","HIGH-IN",2005-03-15,"CAN","2023","Larry Keenan",90,"2023-Larry Keenan"
"LW","L",70,173,"Muskegon","USHL",2005-03-31,"USA","2023","Joe Connor",72.5,"2023-Joe Connor"
"C","R",73,187,"Kamloops","WHL",2004-10-05,"CAN","2023","Connor Levis",67.5,"2023-Connor Levis"
"LW","L",74,214,"Drummondville","QMJHL",2005-01-28,"CAN","2023","Tyler Peddle",61,"2023-Tyler Peddle"
"RW","R",74,210,"Sudbury","OHL",2005-01-05,"CAN","2023","Alex Pharand",65.5,"2023-Alex Pharand"
"D","R",71,195,"USA U-18","NTDP",2005-03-19,"USA","2023","Aram Minnetian",67.5,"2023-Aram Minnetian"
"C","L",69,162,"London","OHL",2005-04-27,"CAN","2023","Denver Barkey",81.5,"2023-Denver Barkey"
"C","R",71,180,"BROWN","ECAC",2005-07-18,"CAN","2023","Benjamin Poitras",96,"2023-Benjamin Poitras"
"LW","L",71,178,"UMASS","H-EAST",2004-11-19,"USA","2023","Michael Deangelo",69,"2023-Michael Deangelo"
"C","L",72,195,"Flint","OHL",2005-01-15,"CAN","2023","Ethan Hay",86.5,"2023-Ethan Hay"
"D","R",78,235,"Chicoutimi","QMJHL",2004-12-31,"CAN","2023","Matteo Mann",68.5,"2023-Matteo Mann"
"D","R",74,187,"Victoria","BCHL",2005-02-04,"CAN","2023","Hoyt Stanley",81,"2023-Hoyt Stanley"
"C","L",74,175,"Salmon Arm","BCHL",2005-02-27,"CAN","2023","Owen Beckner",107,"2023-Owen Beckner"
"C","L",74,190,"Fargo","USHL",2005-03-27,"USA","2023","Jake Fisher",97.5,"2023-Jake Fisher"
"C","L",71,183,"Ottawa","OHL",2005-06-04,"CAN","2023","Cooper Foster",81,"2023-Cooper Foster"
"C","R",71,186,"VANCOUVER","WHL",2005-04-22,"CAN","2023","Ty Halaburda",75,"2023-Ty Halaburda"
"D","L",73,180,"U. Mass.","H-EAST",2005-06-23,"CAN","2023","Francesco Dell'elce",98,"2023-Francesco Dell'elce"
"C","L",74,195,"St. Andrew's College","HIGH-ON",2005-04-20,"CAN","2023","Jonathan Castagna",113,"2023-Jonathan Castagna"
"RW","L",76,195,"Madison","USHL",2005-01-03,"USA","2023","Austin Burnevik",80,"2023-Austin Burnevik"
"D","R",72,191,"Victoria","WHL",2004-10-12,"CAN","2023","Kalem Parker",103,"2023-Kalem Parker"
"D","L",78,215,"Peterborough","OHL",2004-11-06,"CAN","2023","Konnor Smith",90.5,"2023-Konnor Smith"
"D","R",73,188,"Everett","WHL",2005-03-12,"CAN","2023","Kaden Hammell",95,"2023-Kaden Hammell"
"D","L",73,197,"USA U-18","NTDP",2005-06-14,"USA","2023","Zachary Schulz",93.5,"2023-Zachary Schulz"
"D","R",75,199,"Rogers","HIGH-MN",2004-10-25,"USA","2023","Chase Cheslock",122.5,"2023-Chase Cheslock"
"C","L",74,187,"FARGO","USHL",2005-03-02,"CAN","2023","Luke McNamara",96,"2023-Luke McNamara"
"RW","R",71,184,"PROVIDENCE","H-EAST",2005-09-02,"USA","2023","Tanner Adams",87,"2023-Tanner Adams"
"LW","L",76,215,"Muskegon","USHL",2005-06-28,"USA","2023","Ty Henricks",130,"2023-Ty Henricks"
"D","L",71,170,"BOSTON COLLEGE","H-EAST",2005-02-18,"USA","2023","Michael Hagens",103,"2023-Michael Hagens"
"RW","R",72,184,"North Bay","OHL",2005-07-12,"CAN","2023","Anthony Romani",138,"2023-Anthony Romani"
"D","L",75,208,"Victoria","WHL",2005-07-28,"CAN","2023","Justin Kipkie",107,"2023-Justin Kipkie"
"RW","R",74,196,"VERNON","BCHL",2005-01-21,"CAN","2023","Deagan McMillan",108,"2023-Deagan McMillan"
"C","L",71,185,"NORTHEASTERN","H-EAST",2004-05-19,"CAN","2023","Eli Sebastian",109,"2023-Eli Sebastian"
"C","L",74,180,NA,NA,2005-08-26,"CAN","2023","Cole Burbidge",110,"2023-Cole Burbidge"
"LW","L",70,193,"MINNESOTA-DULUTH","NCHC",2005-04-28,"USA","2023","Hunter Anderson",131,"2023-Hunter Anderson"
"RW","R",70,188,"Sioux City","USHL",2004-10-23,"USA","2023","Ryan Conmy",161.5,"2023-Ryan Conmy"
"C","L",73,193,"Sherbrooke","QMJHL",2003-01-27,"CAN","2023","Justin Gill",121,"2023-Justin Gill"
"C","L",74,194,"MERRIMACK","H-EAST",2004-12-20,"CAN","2023","Joseph Henneberry",124,"2023-Joseph Henneberry"
"C","R",73,190,"Portland","WHL",2005-05-10,"USA","2023","Alexander Weiermair",106.5,"2023-Alexander Weiermair"
"LW","L",73,200,"CHICOUTIMI","QMJHL",2005-05-11,"CAN","2023","Emmanuel Vermette",115.5,"2023-Emmanuel Vermette"
"D","L",72,190,"COLORADO COLLEGE","NCHC",2005-06-10,"USA","2023","Philippe Blais-Savoie",122,"2023-Philippe Blais-Savoie"
"D","R",71,189,"SHAWINIGAN","QMJHL",2005-02-28,"CAN","2023","Jordan Tourigny",93,"2023-Jordan Tourigny"
"D","R",72,189,"KELOWNA","WHL",2005-04-15,"CAN","2023","Mazden Leslie",102.5,"2023-Mazden Leslie"
"C","L",74,185,"TRENTON","OJHL",2005-01-04,"CAN","2023","Owen Outwater",101,"2023-Owen Outwater"
"C","L",73,181,"Sioux Falls","USHL",2005-03-06,"USA","2023","Christopher Pelosi",113.5,"2023-Christopher Pelosi"
"RW","R",72,181,"HALIFAX","QMJHL",2005-03-02,"CAN","2023","Connor MacPherson",131,"2023-Connor MacPherson"
"RW","L",71,183,"NITRA","SLOVAKIA",2005-02-08,"SVK","2023","Ondrej Molnar",88.5,"2023-Ondrej Molnar"
"RW","R",71,166,"PETERBOROUGH","OHL",2005-08-31,"USA","2023","Matthew Soto",109,"2023-Matthew Soto"
"LW","L",74,188,"Hamilton","OHL",2004-06-27,"CAN","2023","Florian Xhekaj",117,"2023-Florian Xhekaj"
"D","L",72,190,NA,NA,2005-05-30,"CAN","2023","Saige Weinstein",114.5,"2023-Saige Weinstein"
"D","L",78,205,NA,NA,2004-07-02,"CAN","2023","Charles Cote",133,"2023-Charles Cote"
"D","L",74,222,"Kitchener","OHL",2005-03-14,"CAN","2023","Matthew Andonovski",124.5,"2023-Matthew Andonovski"
"D","R",74,214,"WATERLOO","USHL",2005-04-21,"CAN","2023","Morgan Brady",139,"2023-Morgan Brady"
"D","L",75,189,"PETERBOROUGH","OHL",2005-08-12,"CAN","2023","James Petrovski",126,"2023-James Petrovski"
"D","L",73,180,"Western Michigan","NCHC",2005-03-29,"USA","2023","Zachary Sharp",119.5,"2023-Zachary Sharp"
"D","L",72,185,"PROVIDENCE","H-EAST",2005-04-23,"CAN","2023","Quinn Mantei",145.5,"2023-Quinn Mantei"
"RW","R",75,213,"CAPE BRETON","QMJHL",2005-03-24,"CAN","2023","Lucas Romeo",145.5,"2023-Lucas Romeo"
"D","R",73,187,"Brooks","AJHL",2004-10-26,"CAN","2023","Aiden Celebrini",141,"2023-Aiden Celebrini"
"D","L",78,245,"LETHBRIDGE","WHL",2005-03-23,"CAN","2023","Matteo Fabrizi",178,"2023-Matteo Fabrizi"
"C","L",70,185,"Mississauga","OHL",2005-05-11,"CAN","2023","Angus MacDonell",157,"2023-Angus MacDonell"
"C","R",72,208,"MADISON","USHL",2005-07-27,"USA","2023","Jackson Nevers",155,"2023-Jackson Nevers"
"D","L",70,180,"Rimouski","QMJHL",2005-04-11,"CAN","2023","Luke Coughlin",111.5,"2023-Luke Coughlin"
"RW","R",68,160,"BOSTON COLLEGE","H-EAST",2005-02-22,"USA","2023","William Vote",133,"2023-William Vote"
"D","R",72,186,"BOWLING GREEN","CCHA",2004-09-26,"CAN","2023","Ty Higgins",151,"2023-Ty Higgins"
"RW","R",73,177,"LITVINOV","CZECHIA",2005-02-26,"CZE","2023","Jan Sprynar",116.5,"2023-Jan Sprynar"
"RW","R",71,168,"UCONN","H-EAST",2005-05-24,"USA","2023","Kaden Shahan",158.5,"2023-Kaden Shahan"
"RW","L",68,181,"ST. CLOUD STATE","NCHC",2004-10-30,"USA","2023","Gavyn Thoreson",150,"2023-Gavyn Thoreson"
"LW","L",72,180,"DUBUQUE","USHL",2005-06-08,"USA","2023","Cooper Conway",155,"2023-Cooper Conway"
"RW","R",73,196,"TORONTO","AHL",2004-04-08,"USA","2023","Borya Valis",167.5,"2023-Borya Valis"
"C","L",72,183,"ST. LAWRENCE","ECAC",2004-10-07,"USA","2023","Cayden Casey",174,"2023-Cayden Casey"
"D","L",76,202,"Lethbridge","WHL",2005-05-10,"CAN","2023","Noah Chadwick",150.5,"2023-Noah Chadwick"
"D","L",76,221,"TORONTO","AHL",2004-10-05,"CAN","2023","Blake Smith",139,"2023-Blake Smith"
"LW","L",70,156,"SPOKANE","WHL",2005-08-12,"CAN","2023","Logan Wormald",158,"2023-Logan Wormald"
"D","L",75,188,"COLORADO COLLEGE","NCHC",2005-02-11,"USA","2023","Ryan Koering",127.5,"2023-Ryan Koering"
"RW","L",72,187,"AMBRI","SWISS",2004-12-29,"ITA","2023","Tommaso De Luca",151,"2023-Tommaso De Luca"
"D","L",76,182,"Dexter School","HIGH-MA",2004-11-04,"USA","2023","Sean Keohane",134,"2023-Sean Keohane"
"D","L",71,188,NA,NA,2005-06-17,"CAN","2023","Alexis Daviault",164.5,"2023-Alexis Daviault"
"C","L",76,188,"London","OHL",2004-09-12,"CAN","2023","Jacob Julien",161,"2023-Jacob Julien"
"LW","L",73,198,"LORENSKOG","NORWAY",2004-10-29,"NOR","2023","Aron Jessli",139.5,"2023-Aron Jessli"
"RW","R",76,196,"Green Bay","USHL",2004-04-18,"USA","2023","Nicholas Vantassell",141.5,"2023-Nicholas Vantassell"
"D","L",74,183,"CHILLIWACK","BCHL",2005-06-02,"CAN","2023","Ty Campbell",185,"2023-Ty Campbell"
"C","L",70,170,"MINNESOTA","BIG10",2005-09-02,"USA","2023","Teddy Townsend",160.5,"2023-Teddy Townsend"
"D","R",75,195,"GRAND FALLS","MHL",2005-01-04,"CAN","2023","Anton Topilnyckyj",165,"2023-Anton Topilnyckyj"
"D","R",75,195,"Steinbach","MJHL",2004-08-31,"CAN","2023","Warren Clark",175.5,"2023-Warren Clark"
"LW","L",72,185,"UCONN","H-EAST",2005-02-28,"USA","2023","Ethan Gardula",189,"2023-Ethan Gardula"
"LW","L",72,179,"Green Bay","USHL",2004-09-24,"USA","2023","James Clark",171,"2023-James Clark"
"D","R",74,176,"Edmonton","WHL",2005-08-03,"CZE","2023","Vojtech Port",164.5,"2023-Vojtech Port"
"D","R",72,200,"PROVIDENCE","H-EAST",2004-11-10,"CAN","2023","Donovan McCoy",182.5,"2023-Donovan McCoy"
"C","L",70,185,"Saginaw","OHL",2005-03-14,"USA","2023","Joey Willis",174,"2023-Joey Willis"
"C","L",70,177,"PROVIDENCE","H-EAST",2004-01-13,"CAN","2023","Jonathan Fauchon",183,"2023-Jonathan Fauchon"
"D","R",78,213,"BELLEVILLE","AHL",2003-06-05,"CAN","2023","Djibril Toure",167,"2023-Djibril Toure"
"D","L",76,217,"Prince Albert","WHL",2005-05-13,"CAN","2023","Terrell Goldsmith",191,"2023-Terrell Goldsmith"
"RW","R",74,185,"ILVES JR.","FINLAND-JR.",2004-11-09,"FIN","2023","Dan Harkimo",197.5,"2023-Dan Harkimo"
"C","L",72,194,"CLARKSON","ECAC",2005-05-15,"CAN","2023","Mael St. Denis",151,"2023-Mael St. Denis"
"D","R",72,197,"OHIO STATE","BIG10",2004-11-04,"USA","2023","Chris Able",189.5,"2023-Chris Able"
"RW","L",75,196,"ROUYN-NORANDA","QMJHL",2005-06-07,"CAN","2023","Benjamin Brunelle",167.5,"2023-Benjamin Brunelle"
"LW","L",72,178,"MONCTON","QMJHL",2005-04-12,"CAN","2023","Preston Lounsbury",168.5,"2023-Preston Lounsbury"
"C","L",75,200,"Waterloo","USHL",2005-05-10,"USA","2023","David Klee",188,"2023-David Klee"
"RW","R",74,179,"CORNELL","ECAC",2005-03-08,"USA","2023","Chase Pirtle",165,"2023-Chase Pirtle"
"D","R",70,180,"ARIZONA STATE","NCHC",2004-01-07,"CAN","2023","Sam Court",208,"2023-Sam Court"
"D","L",70,183,"MICHIGAN","BIG10",2004-09-18,"USA","2023","Benjamin Robertson",193,"2023-Benjamin Robertson"
"LW","L",76,199,"Elite Hockey Academy 18U","USMAAAE",2005-05-26,"CAN","2023","Sebastian Bradshaw",194,"2023-Sebastian Bradshaw"
"RW","R",71,185,"MERRIMACK","H-EAST",2004-12-20,"CAN","2023","Ty Daneault",208.5,"2023-Ty Daneault"
"RW","R",72,185,"HARVARD","ECAC",2005-04-17,"USA","2023","Salvatore Guzzo",192,"2023-Salvatore Guzzo"
"RW","R",72,188,"NEBRASKA-OMAHA","NCHC",2003-02-18,"CAN","2023","Maxime Pellerin",197,"2023-Maxime Pellerin"
"RW","R",71,204,"RIT","AHA",2003-03-26,"CAN","2023","Alex Christopoulos",198,"2023-Alex Christopoulos"
"C","R",67,177,"HARVARD","ECAC",2005-03-14,"USA","2023","Ryan Fine",192,"2023-Ryan Fine"
"LW","L",71,185,"NORTHEASTERN","H-EAST",2005-04-29,"CAN","2023","Giacomo Martino",209.5,"2023-Giacomo Martino"
"D","L",74,205,"GREEN BAY","USHL",2005-01-26,"USA","2023","Brady O'Malley",202,"2023-Brady O'Malley"
"D","R",73,202,"MERRIMACK","H-EAST",2004-05-07,"CAN","2023","Hunter Mayo",203,"2023-Hunter Mayo"
"D","L",72,179,"UCONN","H-EAST",2004-10-11,"CAN","2023","Kevin Fitzgerald",174.5,"2023-Kevin Fitzgerald"
"RW","R",76,187,"CANISIUS","AHA",2005-02-04,"CAN","2023","Cole Miller",192,"2023-Cole Miller"
"D","L",70,175,"HARVARD","ECAC",2005-03-30,"USA","2023","Lucas St. Louis",186.5,"2023-Lucas St. Louis"
"D","R",69,203,"OSHAWA","OHL",2005-06-07,"CAN","2023","Lucas Moore",208,"2023-Lucas Moore"
"RW","L",71,190,NA,NA,2004-02-13,"CAN","2023","Vaughn Watterodt",210,"2023-Vaughn Watterodt"
"C","L",72,179,"Leamington","GOJHL",2005-03-02,"CAN","2023","Ryan MacPherson",217,"2023-Ryan MacPherson"
"RW","R",68,164,"LAKE SUPERIOR","CCHA",2004-11-04,"CAN","2023","Calem Mangone",195,"2023-Calem Mangone"
"C","R",68,174,"WISCONSIN","BIG10",2005-01-19,"CAN","2023","Oliver Tulk",208,"2023-Oliver Tulk"
"D","L",75,185,"PENN STATE","BIG10",2004-11-02,"CAN","2023","Cade Christenson",207,"2023-Cade Christenson"
"D","R",69,182,"MINNESOTA-DULUTH","NCHC",2005-04-21,"USA","2023","Ty Hanson",219,"2023-Ty Hanson"
"LW","L",76,187,"Lincoln","USHL",2005-05-04,"USA","2023","Blake Montgomery",213.5,"2023-Blake Montgomery"
"D","R",74,185,"COLORADO COLLEGE","NCHC",2004-10-26,"USA","2023","Seth Constance",216,"2023-Seth Constance"
"C","L",71,186,"SYRACUSE","AHL",2003-09-24,"CZE","2023","Gabriel Szturc",200.5,"2023-Gabriel Szturc"
"C","L",76,198,"BLAINVILLE-BOISBRIAND","QMJHL",2005-02-11,"CAN","2023","Mael Lavigne",204,"2023-Mael Lavigne"
"C","L",72,190,"Penn State U.","BIG10",2005-03-10,"USA","2023","Charlie Cerrato",193.5,"2023-Charlie Cerrato"
"RW","R",76,209,"Vancouver","WHL",2005-08-11,"CAN","2023","Tyler Thorpe",223,"2023-Tyler Thorpe"
"D","R",70,215,"YAROSLAVL JR.","RUSSIA-JR.",2005-08-22,"RUS","2023","Gennadii Chalyi",192.5,"2023-Gennadii Chalyi"
"RW","R",70,163,"NORTHERN MICHIGAN","CCHA",2005-04-29,"USA","2023","Michael Burchill",120,"2023-Michael Burchill"
"C","L",73,192,"RIMOUSKI","QMJHL",2005-06-27,"CAN","2023","Luke Patterson",124,"2023-Luke Patterson"
"RW","R",74,205,"SAGINAW","OHL",2005-03-31,"CAN","2023","Nicholas Sima",133,"2023-Nicholas Sima"
"D","L",72,190,"CHICOUTIMI","QMJHL",2005-03-08,"LVA","2023","Peteris Bulans",139,"2023-Peteris Bulans"
"D","L",72,188,NA,NA,2005-07-06,"CAN","2023","Marc-Olivier Beaudry",140,"2023-Marc-Olivier Beaudry"
"D","L",71,189,"NORTHERN MICHIGAN","CCHA",2004-09-23,"USA","2023","Joe Schiller",148,"2023-Joe Schiller"
"C","L",69,168,"OHIO STATE","BIG10",2004-11-22,"KOR","2023","James Hong",163,"2023-James Hong"
"D","L",75,213,"PROVIDENCE","H-EAST",2005-01-14,"RUS","2023","Alexander Rybakov",164,"2023-Alexander Rybakov"
"C","L",69,182,"NAVAN","CCHL",2005-01-10,"CAN","2023","Christopher Barlas",171,"2023-Christopher Barlas"
"C","R",72,193,"MOOSE JAW","WHL",2005-04-21,"CAN","2023","Ethan Semeniuk",173,"2023-Ethan Semeniuk"
"D","R",76,203,NA,NA,2004-12-13,"CAN","2023","Alexis Beaulac",175,"2023-Alexis Beaulac"
"D","R",72,180,NA,NA,2004-11-15,"CAN","2023","Nathaniel Davis",177,"2023-Nathaniel Davis"
"D","L",74,185,"NIAGARA U","AHA",2005-04-23,"CAN","2023","Cameron Eke",178,"2023-Cameron Eke"
"RW","R",73,200,"UCONN","H-EAST",2004-12-13,"USA","2023","Joseph Odyniec",185,"2023-Joseph Odyniec"
"D","L",72,184,"CHICOUTIMI","QMJHL",2005-03-11,"CAN","2023","Xavier Daigle",186,"2023-Xavier Daigle"
"RW","R",71,172,"Sault Ste. Marie","OHL",2005-04-13,"CAN","2023","Marco Mignosa",191,"2023-Marco Mignosa"
"C","L",72,178,"UMASS","H-EAST",2005-04-25,"USA","2023","Andrew Lacroix",200,"2023-Andrew Lacroix"
"D","R",72,172,"JANESVILLE","NAHL",2005-01-02,"USA","2023","Nathan Tobey",206,"2023-Nathan Tobey"
"D","L",79,223,"NORTH BAY","OHL",2005-01-14,"CAN","2023","Bronson Ride",210,"2023-Bronson Ride"
"D","L",74,215,"VERMONT","H-EAST",2004-11-12,"USA","2023","Peter Forgione",214,"2023-Peter Forgione"
"D","R",77,207,"WINDSOR","OHL",2005-05-27,"CAN","2023","Wyatt Kennedy",216,"2023-Wyatt Kennedy"
"C","L",71,206,"CALGARY","WHL",2005-03-01,"CAN","2023","Harrison Lodewyk",217,"2023-Harrison Lodewyk"
"LW","L",70,185,"MAGNITKA MAGNITOGORSK","RUSSIA-2",2004-12-13,"RUS","2023","Valentin Zhugin",219,"2023-Valentin Zhugin"
"LW","L",72,170,"DES MOINES","USHL",2005-01-28,"CZE","2023","Adam Zidlicky",220,"2023-Adam Zidlicky"
"LW","L",75,208,NA,NA,2003-01-06,"CAN","2023","Mitchell Martin",925,"2023-Mitchell Martin"
"C","R",73,185,"OHIO STATE","BIG10",2004-11-28,"USA","2023","Landen Gunderson",926,"2023-Landen Gunderson"
"C","L",72,197,"Boston University","H-EAST",2006-06-13,"CAN","2024","Macklin Celebrini",1,"2024-Macklin Celebrini"
"D","R",74,205,"Michigan State U.","BIG10",2005-10-28,"BLR","2024","Artyom Levshunov",2,"2024-Artyom Levshunov"
"C","L",75,213,"Medicine Hat","WHL",2006-02-03,"CAN","2024","Cayden Lindstrom",3,"2024-Cayden Lindstrom"
"D","L",72,186,"Denver","NCHC",2005-12-07,"USA","2024","Zeev Buium",4,"2024-Zeev Buium"
"D","R",72,187,"Saginaw","OHL",2006-02-15,"CAN","2024","Zayne Parekh",7.5,"2024-Zayne Parekh"
"LW","L",73,160,"Tri-City","USHL",2006-02-28,"USA","2024","Trevor Connelly",5.5,"2024-Trevor Connelly"
"D","L",75,203,"London","OHL",2006-06-07,"CAN","2024","Sam Dickinson",7,"2024-Sam Dickinson"
"C","L",70,175,"Spokane","WHL",2006-01-14,"CAN","2024","Berkly Catton",8.5,"2024-Berkly Catton"
"C","L",72,191,"Kelowna","WHL",2006-08-04,"CAN","2024","Tij Iginla",10,"2024-Tij Iginla"
"C","R",73,188,"Chicago","USHL",2006-04-14,"CAN","2024","Michael Hage",14.5,"2024-Michael Hage"
"D","R",75,205,"Calgary","WHL",2005-09-29,"CAN","2024","Carter Yakemchuk",8.5,"2024-Carter Yakemchuk"
"LW","L",72,197,"USA U-18","NTDP - USHL",2006-08-29,"USA","2024","Cole Eiserman",10,"2024-Cole Eiserman"
"RW","R",76,192,"Oshawa","OHL",2006-01-28,"CAN","2024","Beckett Sennecke",14,"2024-Beckett Sennecke"
"RW","L",74,215,"Windsor","OHL",2006-01-01,"CAN","2024","Liam Greentree",13,"2024-Liam Greentree"
"RW","R",72,179,"Prince George","WHL",2006-05-28,"CAN","2024","Terik Parascak",14.5,"2024-Terik Parascak"
"C","L",74,183,"Muskegon","USHL",2006-03-17,"CAN","2024","Sacha Boisvert",16.5,"2024-Sacha Boisvert"
"LW","L",72,188,"Brantford","OHL",2006-04-12,"CAN","2024","Marek Vanacker",21,"2024-Marek Vanacker"
"C","L",75,214,"Everett","WHL",2006-01-20,"FIN","2024","Julius Miettinen",33.5,"2024-Julius Miettinen"
"RW","R",72,177,"Prince Albert","WHL",2006-08-03,"CAN","2024","Ryder Ritchie",17.5,"2024-Ryder Ritchie"
"C","R",71,191,"Guelph","OHL",2006-08-21,"CAN","2024","Jett Luchanko",20.5,"2024-Jett Luchanko"
"RW","L",74,189,"Muskegon","USHL",2006-03-01,"RUS","2024","Matvei Gridin",25.5,"2024-Matvei Gridin"
"C","R",77,199,"Edmonton","WHL",2006-03-24,"CZE","2024","Adam Jecho",17.5,"2024-Adam Jecho"
"C","R",78,214,"St. Andrews College","HIGH-ON",2006-02-21,"CAN","2024","Dean Letourneau",21.5,"2024-Dean Letourneau"
"RW","R",73,184,"London","OHL",2006-03-30,"CAN","2024","Sam O'Reilly",32,"2024-Sam O'Reilly"
"C","L",74,213,"Barrie","OHL",2006-04-24,"CAN","2024","Cole Beaudoin",28,"2024-Cole Beaudoin"
"LW","L",71,187,"Medicine Hat","WHL",2005-11-08,"CAN","2024","Andrew Basha",22,"2024-Andrew Basha"
"C","L",73,186,"Waterloo","USHL",2006-08-16,"CAN","2024","John Mustard",34,"2024-John Mustard"
"C","L",72,187,"USA U-18","NTDP - USHL",2006-05-26,"USA","2024","Kamil Bednarik",25,"2024-Kamil Bednarik"
"D","R",76,214,"Rimouski","QMJHL",2006-08-17,"CAN","2024","Spencer Gill",33.5,"2024-Spencer Gill"
"RW","R",74,190,"Chicoutimi","QMJHL",2006-04-07,"CAN","2024","Maxim Masse",26.5,"2024-Maxim Masse"
"D","R",75,202,"Brandon","WHL",2006-01-17,"CAN","2024","Charlie Elick",29.5,"2024-Charlie Elick"
"D","L",76,226,"Shattuck-St. Mary's","HIGH-MN",2005-10-04,"USA","2024","Colin Ralph",39,"2024-Colin Ralph"
"LW","L",77,214,"Saint John","QMJHL",2005-11-18,"LVA","2024","Eriks Mateiko",34.5,"2024-Eriks Mateiko"
"D","R",78,215,"Lincoln","USHL",2006-03-24,"USA","2024","Adam Kleber",47,"2024-Adam Kleber"
"D","R",74,193,"Oshawa","OHL",2006-02-06,"CAN","2024","Ben Danford",33.5,"2024-Ben Danford"
"D","R",76,204,"Vancouver","WHL",2006-06-08,"CAN","2024","Colton Roberts",30,"2024-Colton Roberts"
"D","R",72,189,"Ottawa","OHL",2006-03-09,"CAN","2024","Henry Mews",32,"2024-Henry Mews"
"D","L",73,201,"Everett","WHL",2006-03-24,"CAN","2024","Tarin Smith",46,"2024-Tarin Smith"
"D","R",75,183,"USA U-18","NTDP - USHL",2006-03-30,"CAN","2024","ERIC (EJ) Emery",39,"2024-ERIC (EJ) Emery"
"C","L",72,190,"Red Deer","WHL",2006-07-22,"CAN","2024","Oliver Josephson",41.5,"2024-Oliver Josephson"
"LW","L",70,184,"Regina","WHL",2005-11-28,"CAN","2024","Tanner Howe",35,"2024-Tanner Howe"
"RW","L",72,202,"Kingston","OHL",2006-03-17,"CAN","2024","Jacob Battaglia",49,"2024-Jacob Battaglia"
"LW","L",71,177,"USA U-18","NTDP - USHL",2006-02-20,"USA","2024","Max Plante",48,"2024-Max Plante"
"C","L",70,178,"USA U-18","NTDP - USHL",2006-04-05,"USA","2024","Teddy Stiga",58,"2024-Teddy Stiga"
"D","L",75,182,"Sarnia","OHL",2006-09-09,"USA","2024","Lukas Fischer",50,"2024-Lukas Fischer"
"D","R",74,188,"Oshawa","OHL",2005-10-04,"CAN","2024","Luca Marrelli",40.5,"2024-Luca Marrelli"
"LW","L",76,202,"Minnetonka","HIGH-MN",2005-12-07,"USA","2024","Javon Moore",47,"2024-Javon Moore"
"C","R",75,198,"North Bay","OHL",2006-07-11,"CAN","2024","Ethan Procyszyn",53.5,"2024-Ethan Procyszyn"
"LW","L",77,198,"Des Moines","USHL",2006-07-18,"BLR","2024","Ilya Protas",49,"2024-Ilya Protas"
"RW","R",73,200,"Calgary","WHL",2006-05-04,"CAN","2024","Carson Wetsch",47,"2024-Carson Wetsch"
"C","L",73,193,"Baie Comeau","QMJHL",2006-01-07,"CAN","2024","Raoul Boilard",42.5,"2024-Raoul Boilard"
"D","R",74,196,"Kamloops","WHL",2006-05-08,"ZAF","2024","Harrison Brunicke",59.5,"2024-Harrison Brunicke"
"RW","R",71,178,"Lethbridge","WHL",2006-03-08,"CAN","2024","Miguel Marques",43,"2024-Miguel Marques"
"LW","L",71,169,"Shattuck-St. Mary's","HIGH-MN",2006-04-04,"USA","2024","William Zellers",51,"2024-William Zellers"
"D","L",70,165,"USA U-18","NTDP - USHL",2006-06-28,"USA","2024","Cole Hutson",56,"2024-Cole Hutson"
"D","L",76,215,"USA U-18","NTDP - USHL",2006-05-14,"USA","2024","Will Skahan",57,"2024-Will Skahan"
"D","R",76,220,"Cape Breton","QMJHL",2006-03-31,"CAN","2024","Tomas Lavoie",53.5,"2024-Tomas Lavoie"
"C","L",75,185,"Tri-City","WHL",2006-08-27,"CZE","2024","Maxmilian Curran",42,"2024-Maxmilian Curran"
"RW","R",71,196,"USA U-18","NTDP - USHL",2006-02-22,"USA","2024","Brodie Ziemer",50.5,"2024-Brodie Ziemer"
"C","L",72,195,"Sudbury","OHL",2006-04-13,"CAN","2024","Nathan Villeneuve",55.5,"2024-Nathan Villeneuve"
"C","R",72,195,"Barrie","OHL",2006-03-22,"CAN","2024","Riley Patterson",88.5,"2024-Riley Patterson"
"D","R",73,198,"Baie Comeau","QMJHL",2006-06-21,"CAN","2024","Alexis Bernier",65.5,"2024-Alexis Bernier"
"RW","R",75,198,"Kelowna","WHL",2006-05-01,"CAN","2024","Hiroki Gojsic",78.5,"2024-Hiroki Gojsic"
"C","L",71,170,"Medicine Hat","WHL",2006-02-26,"CAN","2024","Tomas Mrsic",77,"2024-Tomas Mrsic"
"RW","R",73,180,"West Kelowna","BCHL",2005-10-08,"CAN","2024","Jack Pridham",67.5,"2024-Jack Pridham"
"D","L",74,200,"Cedar Rapids","USHL",2006-02-04,"USA","2024","Elliott Groenewold",70.5,"2024-Elliott Groenewold"
"D","L",72,195,"Mississauga","OHL",2006-07-22,"CZE","2024","Jakub Fibigr",59.5,"2024-Jakub Fibigr"
"RW","R",74,177,"Minnetonka","HIGH-MN",2005-10-13,"USA","2024","Hagen Burrows",66,"2024-Hagen Burrows"
"C","L",73,187,"Prince George","WHL",2004-02-22,"CZE","2024","Ondrej Becher",76.5,"2024-Ondrej Becher"
"C","R",71,172,"USA U-18","NTDP - USHL",2006-02-04,"USA","2024","Christian Humphreys",66,"2024-Christian Humphreys"
"RW","R",74,200,"Windsor","OHL",2006-02-24,"USA","2024","Anthony Spellacy",98.5,"2024-Anthony Spellacy"
"D","L",76,207,"London","OHL",2006-02-27,"CAN","2024","Jared Woolley",101,"2024-Jared Woolley"
"D","L",72,194,"Muskegon","USHL",2006-03-23,"CAN","2024","Xavier Veilleux",74,"2024-Xavier Veilleux"
"C","L",74,177,"USA U-18","NTDP - USHL",2006-01-25,"USA","2024","Lucas Van Vliet",80,"2024-Lucas Van Vliet"
"C","L",70,176,"Mississauga","OHL",2005-11-25,"CAN","2024","Luke Misa",60.5,"2024-Luke Misa"
"C","L",71,178,"Swift Current","WHL",2006-02-02,"CAN","2024","Clarke Caswell",72.5,"2024-Clarke Caswell"
"LW","L",71,185,"Niagara","OHL",2006-04-30,"CHN","2024","Kevin He",83.5,"2024-Kevin He"
"D","R",76,220,"Lincoln","USHL",2006-07-25,"USA","2024","Tanner Henricks",91.5,"2024-Tanner Henricks"
"C","R",74,190,"Baie Comeau","QMJHL",2004-05-25,"CZE","2024","Matyas Melovsky",81,"2024-Matyas Melovsky"
"C","L",70,165,"Rimouski","QMJHL",2005-11-14,"CAN","2024","Alexandre Blais",76,"2024-Alexandre Blais"
"RW","R",67,185,"Baie Comeau","QMJHL",2006-09-04,"CAN","2024","Justin Poirier",77.5,"2024-Justin Poirier"
"D","R",72,175,"Dubuque","USHL",2004-07-29,"FIN","2024","Joona Vaisanen",83,"2024-Joona Vaisanen"
"D","L",74,199,"Everett","WHL",2005-07-15,"CAN","2024","Eric Jamieson",95.5,"2024-Eric Jamieson"
"C","L",72,190,"ERIE","OHL",2006-02-18,"CAN","2024","Gabriel Frasca",61,"2024-Gabriel Frasca"
"RW","R",77,205,"Prince George","WHL",2006-05-16,"USA","2024","Hunter Laing",97,"2024-Hunter Laing"
"D","L",73,182,"Youngstown","USHL",2006-09-09,"USA","2024","Luke Osburn",91.5,"2024-Luke Osburn"
"LW","L",74,210,"Kitchener","OHL",2006-03-12,"CAN","2024","Lucas Ellinas",91.5,"2024-Lucas Ellinas"
"D","R",75,209,"Victoria","WHL",2005-01-12,"CAN","2024","Nate Misskey",77.5,"2024-Nate Misskey"
"D","R",72,180,"Youngstown","USHL",2006-03-06,"USA","2024","Tory Pitner",83.5,"2024-Tory Pitner"
"C","R",73,188,"Green Bay","USHL",2006-01-06,"USA","2024","Aidan Park",85,"2024-Aidan Park"
"RW","R",70,168,"Dubuque","USHL",2005-10-06,"USA","2024","James Reeder",122,"2024-James Reeder"
"D","R",75,201,"Spokane","WHL",2006-05-26,"CAN","2024","William McIsaac",95.5,"2024-William McIsaac"
"C","L",76,215,"Moncton","QMJHL",2006-08-03,"CAN","2024","Gabe Smith",103.5,"2024-Gabe Smith"
"D","L",77,198,"BISMARCK","NAHL",2006-06-07,"USA","2024","Jimmy Dodig",103.5,"2024-Jimmy Dodig"
"C","L",71,173,"CHICOUTIMI","QMJHL",2006-03-10,"CAN","2024","Thomas Desruisseaux",91.5,"2024-Thomas Desruisseaux"
"C","L",74,192,"St. Michael's","OJHL",2006-07-31,"CAN","2024","Jonathan Morello",109.5,"2024-Jonathan Morello"
"C","L",72,186,"ERIE","OHL",2006-01-22,"USA","2024","Callum Hughes",124,"2024-Callum Hughes"
"D","L",73,210,"Brantford","OHL",2006-02-07,"CAN","2024","Owen Protz",134,"2024-Owen Protz"
"LW","L",78,205,"Flint","OHL",2006-03-30,"CAN","2024","Nathan Aspinall",114,"2024-Nathan Aspinall"
"LW","L",74,200,"BRAMPTON","OHL",2005-10-04,"CAN","2024","Mason Zebeski",94.5,"2024-Mason Zebeski"
"LW","L",72,190,"USA U-18","NTDP - USHL",2006-02-12,"USA","2024","Austin Baker",91,"2024-Austin Baker"
"C","R",70,167,"BLAINVILLE-BOISBRIAND","QMJHL",2006-09-08,"CAN","2024","Vincent Desjardins",151.5,"2024-Vincent Desjardins"
"D","L",77,202,"Gatineau","QMJHL",2006-06-30,"SVN","2024","Jan Golicic",115,"2024-Jan Golicic"
"D","L",76,201,"Spokane","WHL",2006-06-10,"CAN","2024","Nathan Mayes",107,"2024-Nathan Mayes"
"D","R",74,186,"Michigan Tech","CCHA",2004-03-03,"USA","2024","Chase Pietila",108,"2024-Chase Pietila"
"LW","L",78,224,"Kitchener","OHL",2004-04-25,"CAN","2024","Trent Swick",110,"2024-Trent Swick"
"D","L",77,203,"Nanaimo","BCHL",2006-07-17,"CAN","2024","Matt Lahey",127,"2024-Matt Lahey"
"D","R",75,180,"Edmonton","WHL",2006-07-20,"CAN","2024","Parker Alcos",105.5,"2024-Parker Alcos"
"C","L",73,173,"Brooks","BCHL",2006-05-06,"CAN","2024","Logan Sawyer",102.5,"2024-Logan Sawyer"
"C","R",72,198,"North Bay","OHL",2004-03-05,"CAN","2024","Dalyn Wakely",116,"2024-Dalyn Wakely"
"C","L",77,230,"Sudbury","OHL",2006-04-22,"CAN","2024","Kieron Walton",90,"2024-Kieron Walton"
"RW","R",72,196,"BRANDON","WHL",2005-11-02,"CAN","2024","Luke Mistelbacher",164.5,"2024-Luke Mistelbacher"
"D","R",74,204,"Lincoln","USHL",2006-01-26,"USA","2024","Caeden Herrington",143.5,"2024-Caeden Herrington"
"C","L",71,186,"Tri-City","USHL",2005-10-25,"USA","2024","Nolan Roed",131.5,"2024-Nolan Roed"
"D","L",74,202,"BRAMPTON","OHL",2006-08-13,"CAN","2024","David Green",141.5,"2024-David Green"
"D","L",78,231,"Langley","BCHL",2005-01-21,"CAN","2024","Luke Ashton",130.5,"2024-Luke Ashton"
"C","R",71,178,"CORNELL","ECAC",2005-09-25,"USA","2024","Giovanni Digiulian",138.5,"2024-Giovanni Digiulian"
"LW","L",73,192,"BARRIE","OHL",2006-02-09,"CAN","2024","Bode Stewart",136.5,"2024-Bode Stewart"
"C","R",75,201,"St. Sebastian's School","HIGH-MA",2005-11-04,"USA","2024","Ben Merrill",115,"2024-Ben Merrill"
"C","L",74,200,"CAPE BRETON","QMJHL",2006-03-23,"CAN","2024","Eliot Litalien",102,"2024-Eliot Litalien"
"D","L",75,206,"Erie","OHL",2006-07-19,"CAN","2024","Ty Henry",129,"2024-Ty Henry"
"D","R",74,206,"Mississauga","OHL",2005-03-02,"CAN","2024","Finn Harding",152,"2024-Finn Harding"
"C","L",70,177,"HALIFAX","QMJHL",2006-02-06,"CAN","2024","Quinn Kennedy",124,"2024-Quinn Kennedy"
"D","L",74,203,"MINNESOTA","BIG10",2006-02-28,"CAN","2024","Finn McLaughlin",132.5,"2024-Finn McLaughlin"
"RW","L",70,177,"SHAWINIGAN","QMJHL",2006-06-14,"CAN","2024","Felix Lacerte",115,"2024-Felix Lacerte"
"LW","L",69,183,"UMASS LOWELL","H-EAST",2006-01-13,"CAN","2024","Diego Buttazzoni",124,"2024-Diego Buttazzoni"
"D","L",70,185,"OTTAWA","OHL",2006-02-16,"CAN","2024","Frankie Marrelli",117.5,"2024-Frankie Marrelli"
"LW","L",71,178,"EVERETT","WHL",2006-04-18,"CAN","2024","Jesse Heslop",149,"2024-Jesse Heslop"
"RW","L",70,174,"WINDSOR","OHL",2006-06-22,"CAN","2024","Cole Davis",160.5,"2024-Cole Davis"
"LW","L",71,171,"REGINA","WHL",2006-02-23,"CAN","2024","Keets Fawcett",150.5,"2024-Keets Fawcett"
"RW","R",71,170,"MICHIGAN TECH","CCHA",2006-08-26,"CAN","2024","Matthew Van Blaricom",144.5,"2024-Matthew Van Blaricom"
"C","L",71,185,"VICTORIA","WHL",2006-08-04,"CAN","2024","Miles Cooper",132,"2024-Miles Cooper"
"LW","L",71,187,"SHAWINIGAN","QMJHL",2006-03-17,"CZE","2024","Jiri Klima",142,"2024-Jiri Klima"
"LW","L",72,190,"BRANTFORD","OHL",2006-04-10,"CAN","2024","Luca Testa",102.5,"2024-Luca Testa"
"C","L",71,180,"Flint","OHL",2006-02-08,"CAN","2024","Kaden Pitre",131.5,"2024-Kaden Pitre"
"D","L",72,192,"USA U-18","NTDP - USHL",2006-01-20,"USA","2024","John Whipple",125.5,"2024-John Whipple"
"D","L",76,205,"EDMONTON","WHL",2006-09-08,"CAN","2024","Rhys Pederson",173,"2024-Rhys Pederson"
"C","L",72,173,"Waterloo","USHL",2006-03-27,"USA","2024","Brendan McMorrow",175,"2024-Brendan McMorrow"
"D","L",73,191,"Fargo","USHL",2006-09-02,"USA","2024","Sam Laurila",125,"2024-Sam Laurila"
"RW","R",73,207,"EVERETT","WHL",2006-01-10,"CAN","2024","Jaxsin Vaughan",149,"2024-Jaxsin Vaughan"
"RW","R",69,167,"FLINT","OHL",2005-10-13,"USA","2024","Christopher Thibodeau",133,"2024-Christopher Thibodeau"
"C","L",68,167,"Fargo","USHL",2006-01-10,"DEU","2024","Mac Swanson",141,"2024-Mac Swanson"
"C","L",73,172,"MINNESOTA-DULUTH","NCHC",2005-10-30,"RUS","2024","Daniel Shlaine",155.5,"2024-Daniel Shlaine"
"D","L",76,204,"Muskegon","USHL",2005-10-31,"USA","2024","Bauer Berry",179,"2024-Bauer Berry"
"D","L",72,205,"PRINCE GEORGE","WHL",2006-01-10,"CAN","2024","Corbin Vaughan",145.5,"2024-Corbin Vaughan"
"LW","L",71,173,"MONCTON","QMJHL",2006-07-27,"RUS","2024","Kuzma Voronin",124,"2024-Kuzma Voronin"
"LW","L",70,188,"NORTH DAKOTA","NCHC",2005-12-17,"CAN","2024","Josh Zakreski",137.5,"2024-Josh Zakreski"
"D","L",77,206,"MN MALLARDS","NAHL",2006-07-30,"USA","2024","Jackson Smithknecht",131.5,"2024-Jackson Smithknecht"
"C","R",71,176,"TRI-CITY","USHL",2006-02-20,"USA","2024","Carson Pilgrim",148,"2024-Carson Pilgrim"
"RW","R",72,188,"SEATTLE","WHL",2006-01-22,"CAN","2024","Simon Lovsin",160,"2024-Simon Lovsin"
"C","L",73,200,NA,NA,2005-01-14,"CAN","2024","Shane Smith",174.5,"2024-Shane Smith"
"C","L",77,208,"DRUMMONDVILLE","QMJHL",2006-03-28,"CAN","2024","Maxime Lafond",148,"2024-Maxime Lafond"
"LW","L",74,172,"NEWFOUNDLAND","QMJHL",2006-02-14,"CAN","2024","Dominic Pilote",151.5,"2024-Dominic Pilote"
"C","L",74,191,"SARNIA","OHL",2006-01-12,"CAN","2024","Jack Van Volsen",166.5,"2024-Jack Van Volsen"
"D","L",73,203,"MADISON","USHL",2006-04-20,"USA","2024","John Stout",161,"2024-John Stout"
"C","L",74,199,"HARVARD","ECAC",2006-08-01,"USA","2024","Chase Stefanek",158.5,"2024-Chase Stefanek"
"LW","L",72,184,"LINCOLN","USHL",2006-05-08,"USA","2024","Andrew Dellasalla",143.5,"2024-Andrew Dellasalla"
"RW","R",70,183,"BOSTON COLLEGE","H-EAST",2005-12-10,"USA","2024","Landan Resendes",175.5,"2024-Landan Resendes"
"RW","R",74,197,"PICTOU COUNTY","MHL",2005-12-14,"CAN","2024","Logan Crosby",117,"2024-Logan Crosby"
"C","R",72,185,"WHEELING","ECHL",2004-12-23,"CAN","2024","Brayden Edwards",178.5,"2024-Brayden Edwards"
"D","R",74,190,"DES MOINES","USHL",2006-06-29,"USA","2024","Jason Davenport",171,"2024-Jason Davenport"
"D","R",75,196,"SIOUX CITY","USHL",2006-06-09,"USA","2024","Mason Peapenburg",172,"2024-Mason Peapenburg"
"C","L",71,164,"BOSTON COLLEGE","H-EAST",2004-02-19,"USA","2024","Jake Sondreal",173,"2024-Jake Sondreal"
"C","L",74,199,"Sault Ste. Marie","OHL",2004-01-13,"CAN","2024","Owen Allard",141.5,"2024-Owen Allard"
"LW","L",72,173,"MOOSE JAW","WHL",2005-10-08,"CAN","2024","Pavel McKenzie",173,"2024-Pavel McKenzie"
"C","L",72,185,"Dubuque","USHL",2004-04-09,"SWE","2024","Erik Pahlsson",174.5,"2024-Erik Pahlsson"
"LW","L",74,200,"Owen Sound","OHL",2005-10-03,"CAN","2024","Sam McCue",159.5,"2024-Sam McCue"
"C","L",73,185,"PENTICTON","WHL",2006-05-18,"CAN","2024","Chase Valliant",187,"2024-Chase Valliant"
"D","L",70,181,"CHARLOTTETOWN","QMJHL",2006-03-17,"CAN","2024","Marcus Kearsey",168,"2024-Marcus Kearsey"
"D","R",76,197,"Shattuck-St. Mary's","HIGH-MN",2005-11-21,"USA","2024","Austin Moline",181.5,"2024-Austin Moline"
"D","L",72,188,"DRUMMONDVILLE","QMJHL",2006-03-26,"USA","2024","Owen Keefe",152,"2024-Owen Keefe"
"D","L",76,221,"MINNESOTA STATE","CCHA",2005-07-08,"CAN","2024","Easton Hewson",191,"2024-Easton Hewson"
"D","R",73,205,"BRAMPTON","OHL",2006-05-17,"CAN","2024","Parker Von Richter",159.5,"2024-Parker Von Richter"
"D","R",74,200,"Drummondville","QMJHL",2005-10-24,"CAN","2024","Simon-Pier Brunet",165,"2024-Simon-Pier Brunet"
"RW","R",70,165,"PORTLAND","WHL",2006-06-23,"CAN","2024","Nathan Free",185.5,"2024-Nathan Free"
"C","L",72,195,"RED DEER","WHL",2006-02-04,"CZE","2024","Samuel Drancak",204,"2024-Samuel Drancak"
"C","L",73,194,"Victoriaville","QMJHL",2004-02-20,"RUS","2024","Nikita Prishchepov",188,"2024-Nikita Prishchepov"
"RW","R",74,192,"SAINT JOHN","QMJHL",2005-09-30,"CAN","2024","Justin Gendron",183.5,"2024-Justin Gendron"
"C","L",71,178,"CHICAGO","USHL",2006-08-11,"USA","2024","Luke Goukler",174.5,"2024-Luke Goukler"
"C","L",72,191,"KOSICE","SLOVAKIA",2004-01-09,"SVK","2024","Peter Repcik",172.5,"2024-Peter Repcik"
"D","R",75,200,"CEDAR RAPIDS","USHL",2006-01-30,"USA","2024","Luken Huff",193,"2024-Luken Huff"
"D","R",71,191,"WINDSOR","OHL",2006-02-23,"CAN","2024","Anthony Cristoforo",147.5,"2024-Anthony Cristoforo"
"C","L",76,215,"PHILADELPHIA","NAHL",2005-12-13,"USA","2024","Alex Lunski",164,"2024-Alex Lunski"
"LW","L",71,195,"SIOUX FALLS","USHL",2006-01-12,"USA","2024","JJ Monteiro",178.5,"2024-JJ Monteiro"
"D","L",72,197,"TRI-CITY","USHL",2006-06-05,"USA","2024","Noah Lapointe",202.5,"2024-Noah Lapointe"
"RW","R",74,219,"UMASS LOWELL","H-EAST",2004-10-16,"CAN","2024","Lee Parks",199,"2024-Lee Parks"
"C","L",73,190,"Moncton","QMJHL",2005-01-11,"DEU","2024","Julius Sumpf",164,"2024-Julius Sumpf"
"LW","L",71,180,"Saginaw","OHL",2006-05-16,"USA","2024","Kristian Epperson",144.5,"2024-Kristian Epperson"
"D","R",72,190,"Medicine Hat","WHL",2006-04-02,"CAN","2024","Bryce Pickford",208,"2024-Bryce Pickford"
"D","L",73,199,"SARNIA","OHL",2005-04-29,"CAN","2024","Mitchell Young",203,"2024-Mitchell Young"
"D","L",72,198,"HOLY CROSS","AHA",2005-09-28,"CAN","2024","Dax Williams",207.5,"2024-Dax Williams"
"LW","L",76,200,NA,NA,2005-11-23,"CAN","2024","Pier-Etienne Cloutier",185.5,"2024-Pier-Etienne Cloutier"
"D","R",78,199,"VICTORIA","WHL",2006-06-23,"CAN","2024","Seth Fryer",206,"2024-Seth Fryer"
"RW","R",74,204,"WATERLOO","USHL",2006-03-20,"USA","2024","Drew Waterfield",204.5,"2024-Drew Waterfield"
"C","R",70,192,"PETERBOROUGH","OHL",2006-05-03,"CAN","2024","Braydon McCallum",208,"2024-Braydon McCallum"
"C","R",70,176,NA,NA,2006-01-05,"USA","2024","Charles Pardue",197.5,"2024-Charles Pardue"
"C","L",72,194,"AMBRI","SWISS",2004-12-19,"CHE","2024","Miles Mueller",210,"2024-Miles Mueller"
"D","R",74,212,"SHERWOOD PARK","BCHL",2006-03-06,"USA","2024","Erik Kald",213,"2024-Erik Kald"
"LW","L",70,186,"BRANDON","WHL",2006-03-06,"CAN","2024","Caleb Hadland",193.5,"2024-Caleb Hadland"
"D","L",73,197,"RED DEER","WHL",2006-01-08,"CAN","2024","Keith McInnis",213,"2024-Keith McInnis"
"LW","L",71,174,NA,NA,2006-07-29,"USA","2024","Jack Sadowski",204,"2024-Jack Sadowski"
"D","R",72,187,"WENATCHEE","WHL",2006-01-03,"CAN","2024","Josh Fluker",177.5,"2024-Josh Fluker"
"RW","R",74,198,"Guelph","OHL",2005-12-06,"CAN","2024","Charlie Paquette",204,"2024-Charlie Paquette"
"D","L",76,231,"KITCHENER","OHL",2006-06-29,"CAN","2024","Max Dirracolo",220,"2024-Max Dirracolo"
"D","R",76,202,"VICTORIA","BCHL",2005-10-12,"CAN","2024","Matthew Jenken",222,"2024-Matthew Jenken"
"LW","L",67,162,"EDMONTON","WHL",2006-04-09,"CAN","2024","Gavin Hodnett",223.5,"2024-Gavin Hodnett"
"LW","L",75,212,"VICTORIA","BCHL",2006-04-19,"USA","2024","Landen Ward",208,"2024-Landen Ward"
"LW","L",77,224,"OSHAWA","OHL",2006-09-15,"CAN","2024","Charles Hilton",127,"2024-Charles Hilton"
"D","R",71,184,"LINCOLN","USHL",2005-12-14,"CZE","2024","Josef Eichler",146,"2024-Josef Eichler"
"C","L",75,198,"SALMON ARM","BCHL",2005-10-13,"USA","2024","Anthony Cardilli",164,"2024-Anthony Cardilli"
"RW","R",76,195,"FARGO","USHL",2006-02-21,"USA","2024","Eero Butella",165,"2024-Eero Butella"
"C","R",75,173,"Penticton","BCHL",2006-02-26,"CAN","2024","Max Heise",171,"2024-Max Heise"
"D","R",73,192,"HALIFAX","QMJHL",2006-01-30,"CAN","2024","Mathieu Taillefer",176,"2024-Mathieu Taillefer"
"RW","R",74,197,"SUMMERSIDE","MHL",2005-11-11,"CAN","2024","Alexandre Guy",177,"2024-Alexandre Guy"
"LW","L",72,205,"SWIFT CURRENT","WHL",2006-04-20,"CAN","2024","Trae Wilke",190,"2024-Trae Wilke"
"D","L",73,200,"NANAIMO","BCHL",2006-08-22,"USA","2024","Nate Larioza",194,"2024-Nate Larioza"
"D","L",70,160,"UNION","ECAC",2006-05-19,"USA","2024","Will Felicio",196,"2024-Will Felicio"
"D","R",75,203,"DARTMOUTH","ECAC",2006-01-05,"USA","2024","Cooper Cleaves",201,"2024-Cooper Cleaves"
"D","R",74,202,"GUELPH","OHL",2006-04-02,"CAN","2024","Rowan Topp",205,"2024-Rowan Topp"
"D","L",74,172,"SEATTLE","WHL",2006-01-23,"DEU","2024","Hyde Davidson",206,"2024-Hyde Davidson"
"D","L",73,175,"SHAWINIGAN","QMJHL",2006-03-18,"CAN","2024","Felix Plamondon",212,"2024-Felix Plamondon"
"C","R",73,198,"Quebec","QMJHL",2005-11-02,"CAN","2024","Antoine Dorion",213,"2024-Antoine Dorion"
"C","L",71,177,"UMASS","H-EAST",2006-06-04,"USA","2024","John Galanek",217,"2024-John Galanek"
"RW","R",73,192,"GUELPH","OHL",2006-01-20,"CAN","2024","Leo Serlin",218,"2024-Leo Serlin"
"LW","L",69,173,"BROOKS","BCHL",2006-03-31,"CAN","2024","Jack Good",219,"2024-Jack Good"
"RW","R",72,172,"TRINEC","CZECHIA",2006-09-11,"CZE","2024","Matej Kubiesa",220,"2024-Matej Kubiesa"
"C","R",72,196,"OMAHA","USHL",2006-01-16,"USA","2024","Kole Hyles",222,"2024-Kole Hyles"
"LW","L",68,168,"VANCOUVER","WHL",2006-02-15,"CZE","2024","Adam Titlbach",223,"2024-Adam Titlbach"
