"Overall","Team","Player","Nat.","Pos","Age","To","Amateur.Team","GP","G","A","PTS","P_M","PIM","PS","Year","ID"
1,"Tampa Bay Lightning","Steven Stamkos","CA","C",18,2026,"Sarnia Sting (OHL)",1181,585,609,1194,3,693,147,"2008","2008-Steven Stamkos"
2,"Los Angeles Kings","Drew Doughty","CA","D",18,2026,"Guelph Storm (OHL)",1222,162,529,691,71,793,136.3,"2008","2008-Drew Doughty"
3,"Atlanta Thrashers","Zach Bogosian","US","D",18,2026,"Peterborough Petes (OHL)",934,64,179,243,-74,821,43.3,"2008","2008-Zach Bogosian"
4,"St. Louis Blues","Alex Pietrangelo","CA","D",18,2025,"Niagara IceDogs (OHL)",1087,148,489,637,123,355,118.2,"2008","2008-Alex Pietrangelo"
5,"Toronto Maple Leafs","Luke Schenn","CA","D",18,2026,"Kelowna Rockets (WHL)",1083,44,161,205,-44,864,39.6,"2008","2008-Luke Schenn"
6,"Columbus Blue Jackets","Nikita Filatov","RU","LW",18,2012,"CSKA Moskva 2 (Russia-3)",53,6,8,14,7,20,1.4,"2008","2008-Nikita Filatov"
7,"Nashville Predators","Colin Wilson","US","C",18,2020,"Boston University (H-East)",632,113,173,286,32,138,29.5,"2008","2008-Colin Wilson"
8,"Phoenix Coyotes","Mikkel Boedker","DK","RW",18,2020,"Kitchener Rangers (OHL)",709,118,209,327,-71,116,27.4,"2008","2008-Mikkel Boedker"
9,"New York Islanders","Josh Bailey","CA","C",18,2023,"Windsor Spitfires (OHL)",1057,184,396,580,-48,241,50.1,"2008","2008-Josh Bailey"
10,"Vancouver Canucks","Cody Hodgson","CA","C",18,2016,"Brampton Battalion (OHL)",328,64,78,142,-54,68,13.2,"2008","2008-Cody Hodgson"
11,"Chicago Blackhawks","Kyle Beach","CA","C",18,NA,"Everett Silvertips (WHL)",0,0,0,0,0,0,0,"2008","2008-Kyle Beach"
12,"Buffalo Sabres","Tyler Myers","US","D",18,2026,"Kelowna Rockets (WHL)",1082,100,299,399,8,871,74.6,"2008","2008-Tyler Myers"
13,"Los Angeles Kings","Colten Teubert","CA","D",18,2012,"Regina Pats (WHL)",24,0,1,1,-5,25,0,"2008","2008-Colten Teubert"
14,"Carolina Hurricanes","Zach Boychuk","CA","C",18,2015,"Lethbridge Hurricanes (WHL)",127,12,18,30,-3,16,2.3,"2008","2008-Zach Boychuk"
15,"Ottawa Senators","Erik Karlsson","SE","D",18,2026,"Frolunda HC Jr. (Sweden Jr.)",1100,201,681,882,-117,492,130.9,"2008","2008-Erik Karlsson"
16,"Boston Bruins","Joe Colborne","CA","C",18,2017,"Camrose (AJHL)",295,42,72,114,-38,144,8.9,"2008","2008-Joe Colborne"
17,"Anaheim Ducks","Jake Gardiner","US","D",18,2021,"Minnetonka HS (High-MN)",645,49,228,277,-16,226,43.7,"2008","2008-Jake Gardiner"
18,"Nashville Predators","Chet Pickard","CA","G",18,NA,"Tri-City Americans (WHL)",0,0,0,0,0,0,0,"2008","2008-Chet Pickard"
19,"Philadelphia Flyers","Luca Sbisa","IT","D",18,2021,"Lethbridge Hurricanes (WHL)",549,20,93,113,-18,385,22.2,"2008","2008-Luca Sbisa"
20,"New York Rangers","Michael Del Zotto","CA","D",18,2022,"Oshawa Generals (OHL)",736,63,199,262,-30,284,48.8,"2008","2008-Michael Del Zotto"
21,"Washington Capitals","Anton Gustafsson","SE","C",18,NA,"Frolunda HC Jr. (Sweden Jr.)",0,0,0,0,0,0,0,"2008","2008-Anton Gustafsson"
22,"Edmonton Oilers","Jordan Eberle","CA","C",18,2026,"Regina Pats (WHL)",1074,313,426,739,-59,271,78.8,"2008","2008-Jordan Eberle"
23,"Minnesota Wild","Tyler Cuma","CA","D",18,2012,"Ottawa 67's (OHL)",1,0,0,0,0,2,0,"2008","2008-Tyler Cuma"
24,"New Jersey Devils","Mattias Tedenby","SE","LW",18,2014,"HV71 (Sweden)",120,10,20,30,-20,42,1.8,"2008","2008-Mattias Tedenby"
25,"Calgary Flames","Greg Nemisz","CA","C",18,2012,"Windsor Spitfires (OHL)",15,0,1,1,0,0,-0.1,"2008","2008-Greg Nemisz"
26,"Buffalo Sabres","Tyler Ennis","CA","C",18,2022,"Medicine Hat Tigers (WHL)",700,144,202,346,-84,224,32.6,"2008","2008-Tyler Ennis"
27,"Washington Capitals","John Carlson","US","D",18,2026,"Indiana Ice (USHL)",1103,160,576,736,103,368,121,"2008","2008-John Carlson"
28,"Phoenix Coyotes","Viktor Tikhonov","LV","RW",20,2016,"Severstal Cherepovets (Russia)",111,11,11,22,-13,40,0.8,"2008","2008-Viktor Tikhonov"
29,"Atlanta Thrashers","Daultan Leveille","CA","C",18,NA,"St. Catharines (GHL)",0,0,0,0,0,0,0,"2008","2008-Daultan Leveille"
30,"Detroit Red Wings","Thomas McCollum","US","G",18,2015,"Guelph Storm (OHL)",3,0,0,0,0,0,0.1,"2008","2008-Thomas McCollum"
31,"Florida Panthers","Jacob Markstrom","SE","G",18,2026,"Brynas IF Jr. (Sweden Jr.)",540,0,20,20,0,46,86.9,"2008","2008-Jacob Markstrom"
32,"Los Angeles Kings","Slava Voynov","RU","D",18,2015,"Traktor Chelyabinsk (Russia)",190,18,63,81,23,72,18.6,"2008","2008-Slava Voynov"
33,"St. Louis Blues","Philip McRae","US","C",18,2011,"London Knights (OHL)",15,1,2,3,-10,2,-0.2,"2008","2008-Philip McRae"
34,"St. Louis Blues","Jake Allen","CA","G",18,2026,"St. John's Fog Devils (QMJHL)",469,0,6,6,0,14,73.7,"2008","2008-Jake Allen"
35,"Anaheim Ducks","Nicolas Deschamps","CA","C",18,2014,"Chicoutimi Sagueneens (QMJHL)",3,0,0,0,-1,0,-0.1,"2008","2008-Nicolas Deschamps"
36,"New York Islanders","Corey Trivino","CA","C",18,NA,"Stouffville (OPJHL)",0,0,0,0,0,0,0,"2008","2008-Corey Trivino"
37,"Columbus Blue Jackets","Cody Goloubef","CA","D",18,2020,"Wisconsin (WCHA)",160,3,22,25,-7,76,4.8,"2008","2008-Cody Goloubef"
38,"Nashville Predators","Roman Josi","CH","D",18,2026,"SC Bern (Swiss)",970,191,538,729,55,405,121.5,"2008","2008-Roman Josi"
39,"Anaheim Ducks","Eric O'Dell","CA","C",18,2015,"Sudbury Wolves (OHL)",41,3,5,8,-2,29,0.5,"2008","2008-Eric O'Dell"
40,"New York Islanders","Aaron Ness","US","D",18,2021,"Roseau HS (High-MN)",72,1,6,7,-7,22,1.2,"2008","2008-Aaron Ness"
41,"Vancouver Canucks","Yann Sauve","CA","D",18,2014,"Saint John Sea Dogs (QMJHL)",8,0,0,0,-4,0,-0.2,"2008","2008-Yann Sauve"
42,"Ottawa Senators","Patrick Wiercioch","CA","D",18,2017,"Omaha Lancers (USHL)",268,16,58,74,-5,138,13.3,"2008","2008-Patrick Wiercioch"
43,"Anaheim Ducks","Justin Schultz","CA","D",18,2024,"Westside (BCHL)",745,71,253,324,-57,198,48.8,"2008","2008-Justin Schultz"
44,"Buffalo Sabres","Luke Adam","CA","C",18,2015,"St. John's Fog Devils (QMJHL)",90,15,11,26,-11,36,2.3,"2008","2008-Luke Adam"
45,"Carolina Hurricanes","Zac Dalpe","CA","RW",18,2023,"Penticton (BCHL)",168,16,16,32,-37,38,1.3,"2008","2008-Zac Dalpe"
46,"Florida Panthers","Colby Robak","CA","D",18,2015,"Brandon Wheat Kings (WHL)",47,0,4,4,-2,25,1,"2008","2008-Colby Robak"
47,"Boston Bruins","Max Sauve","FR","C",18,2012,"Val-d'Or Foreurs (QMJHL)",1,0,0,0,0,0,0,"2008","2008-Max Sauve"
48,"Calgary Flames","Mitch Wahl","US","C",18,NA,"Spokane Chiefs (WHL)",0,0,0,0,0,0,0,"2008","2008-Mitch Wahl"
49,"Phoenix Coyotes","Jared Staal","CA","RW",18,2013,"Sudbury Wolves (OHL)",2,0,0,0,-2,2,-0.1,"2008","2008-Jared Staal"
50,"Colorado Avalanche","Cameron Gaunce","CA","D",18,2020,"Mississauga St. Michael's Majors (OHL)",37,3,6,9,4,47,1.8,"2008","2008-Cameron Gaunce"
51,"New York Rangers","Derek Stepan","US","C",18,2023,"Shattuck-St. Mary's School (High-MN)",890,182,333,515,98,216,56,"2008","2008-Derek Stepan"
52,"New Jersey Devils","Brandon Burlon","CA","D",18,NA,"St. Michael's (OPJHL)",0,0,0,0,0,0,0,"2008","2008-Brandon Burlon"
53,"New York Islanders","Travis Hamonic","CA","D",18,2026,"Moose Jaw Warriors (WHL)",908,53,190,243,-27,786,46.8,"2008","2008-Travis Hamonic"
54,"New Jersey Devils","Patrice Cormier","CA","C",18,2016,"Rimouski Oceanic (QMJHL)",52,1,4,5,-5,18,-0.2,"2008","2008-Patrice Cormier"
55,"Minnesota Wild","Marco Scandella","CA","D",18,2024,"Val-d'Or Foreurs (QMJHL)",784,51,119,170,11,294,39.7,"2008","2008-Marco Scandella"
56,"Montreal Canadiens","Danny Kristo","US","RW",18,NA,"USA U-18 Development Team (USDP/NAHL)",0,0,0,0,0,0,0,"2008","2008-Danny Kristo"
57,"Washington Capitals","Eric Mestery","CA","D",18,NA,"Tri-City Americans (WHL)",0,0,0,0,0,0,0,"2008","2008-Eric Mestery"
58,"Washington Capitals","Dmitry Kugryshev","RU","RW",18,NA,"CSKA Moskva 2 (Russia-3)",0,0,0,0,0,0,0,"2008","2008-Dmitry Kugryshev"
59,"Dallas Stars","Tyler Beskorowany","CA","G",18,NA,"Owen Sound Attack (OHL)",0,0,0,0,0,0,0,"2008","2008-Tyler Beskorowany"
60,"Toronto Maple Leafs","Jimmy Hayes","US","RW",18,2018,"Lincoln Stars (USHL)",334,54,55,109,-29,149,10.1,"2008","2008-Jimmy Hayes"
61,"Colorado Avalanche","Peter Delmas","CA","G",18,NA,"Lewiston MAINEiacs (QMJHL)",0,0,0,0,0,0,0,"2008","2008-Peter Delmas"
62,"San Jose Sharks","Justin Daniels","US","C",19,NA,"Kent School (High-CT)",0,0,0,0,0,0,0,"2008","2008-Justin Daniels"
63,"Los Angeles Kings","Robert Czarnik","US","C",18,NA,"USA U-18 Development Team (USDP/NAHL)",0,0,0,0,0,0,0,"2008","2008-Robert Czarnik"
64,"Atlanta Thrashers","Danick Paquette","CA","RW",18,NA,"Lewiston MAINEiacs (QMJHL)",0,0,0,0,0,0,0,"2008","2008-Danick Paquette"
65,"St. Louis Blues","Jori Lehtera","FI","C",20,2019,"Tappara (Finland)",307,34,77,111,12,167,9.4,"2008","2008-Jori Lehtera"
66,"New York Islanders","David Toews","CA","C",18,NA,"Shattuck-St. Mary's School (High-MN)",0,0,0,0,0,0,0,"2008","2008-David Toews"
67,"Philadelphia Flyers","Marc-Andre Bourdon","CA","D",18,2012,"Rouyn-Noranda Huskies (QMJHL)",45,4,3,7,4,52,1.9,"2008","2008-Marc-Andre Bourdon"
68,"Chicago Blackhawks","Shawn Lalonde","CA","D",18,2013,"Belleville Bulls (OHL)",1,0,0,0,1,0,0.1,"2008","2008-Shawn Lalonde"
69,"Phoenix Coyotes","Michael Stone","CA","D",18,2023,"Calgary Hitmen (WHL)",552,41,104,145,-47,309,26.5,"2008","2008-Michael Stone"
70,"St. Louis Blues","James Livingston","CA","RW",18,NA,"Soo Greyhounds (OHL)",0,0,0,0,0,0,0,"2008","2008-James Livingston"
71,"Anaheim Ducks","Josh Brittain","CA","LW",18,NA,"Kingston Frontenacs (OHL)",0,0,0,0,0,0,0,"2008","2008-Josh Brittain"
72,"New York Islanders","Jyri Niemi","FI","D",18,NA,"Saskatoon Blades (WHL)",0,0,0,0,0,0,0,"2008","2008-Jyri Niemi"
73,"New York Islanders","Kirill Petrov","RU","RW",18,NA,"Ak Bars Kazan (Russia)",0,0,0,0,0,0,0,"2008","2008-Kirill Petrov"
74,"Los Angeles Kings","Andrew Campbell","CA","D",20,2016,"Soo Greyhounds (OHL)",42,0,2,2,-13,12,0,"2008","2008-Andrew Campbell"
75,"New York Rangers","Evgeny Grachev","RU","C",18,2012,"Lokomotiv Yaroslavl 2 (Russia-3)",34,1,3,4,-7,2,-0.2,"2008","2008-Evgeny Grachev"
76,"Phoenix Coyotes","Mathieu Brodeur","CA","D",18,NA,"Cape Breton Screaming Eagles (QMJHL)",0,0,0,0,0,0,0,"2008","2008-Mathieu Brodeur"
77,"Boston Bruins","Michael Hutchinson","CA","G",18,2024,"Barrie Colts (OHL)",154,0,2,2,0,0,19.4,"2008","2008-Michael Hutchinson"
78,"Calgary Flames","Lance Bouma","CA","C",18,2018,"Vancouver Giants (WHL)",357,30,46,76,-7,210,4.3,"2008","2008-Lance Bouma"
79,"Ottawa Senators","Zack Smith","CA","C",20,2020,"Swift Current Broncos (WHL)",662,98,106,204,-46,722,14.1,"2008","2008-Zack Smith"
80,"Florida Panthers","Adam Comrie","CA","D",18,NA,"Saginaw Spirit (OHL)",0,0,0,0,0,0,0,"2008","2008-Adam Comrie"
81,"Buffalo Sabres","Corey Fienhage","US","D",18,NA,"Eastview HS (High-MN)",0,0,0,0,0,0,0,"2008","2008-Corey Fienhage"
82,"New Jersey Devils","Adam Henrique","CA","C",18,2026,"Windsor Spitfires (OHL)",1009,277,286,563,-15,306,61.9,"2008","2008-Adam Henrique"
83,"Anaheim Ducks","Marco Cousineau","CA","G",18,NA,"Baie-Comeau Drakkar (QMJHL)",0,0,0,0,0,0,0,"2008","2008-Marco Cousineau"
84,"Philadelphia Flyers","Jacob Deserres","CA","G",18,NA,"Seattle Thunderbirds (WHL)",0,0,0,0,0,0,0,"2008","2008-Jacob Deserres"
85,"Anaheim Ducks","Brandon McMillan","CA","LW",18,2015,"Kelowna Rockets (WHL)",171,14,22,36,-35,60,0.6,"2008","2008-Brandon McMillan"
86,"Montreal Canadiens","Steve Quailer","US","LW",19,NA,"Sioux City Musketeers (USHL)",0,0,0,0,0,0,0,"2008","2008-Steve Quailer"
87,"St. Louis Blues","Ian Schultz","CA","RW",18,NA,"Calgary Hitmen (WHL)",0,0,0,0,0,0,0,"2008","2008-Ian Schultz"
88,"Los Angeles Kings","Geordie Wudrick","CA","LW",18,NA,"Swift Current Broncos (WHL)",0,0,0,0,0,0,0,"2008","2008-Geordie Wudrick"
89,"Dallas Stars","Scott Winkler","NO","C",18,NA,"Russell Stover (MWEHL)",0,0,0,0,0,0,0,"2008","2008-Scott Winkler"
90,"New York Rangers","Tomas Kundratek","CZ","D",18,2013,"HC Ocelari Trinec (Czech)",30,1,6,7,-5,10,0.7,"2008","2008-Tomas Kundratek"
91,"Detroit Red Wings","Max Nicastro","US","D",18,NA,"Chicago Steel (USHL)",0,0,0,0,0,0,0,"2008","2008-Max Nicastro"
92,"San Jose Sharks","Samuel Groulx","CA","D",18,NA,"Quebec Remparts (QMJHL)",0,0,0,0,0,0,0,"2008","2008-Samuel Groulx"
93,"Washington Capitals","Braden Holtby","CA","G",18,2022,"Saskatoon Blades (WHL)",513,0,12,12,0,27,91.4,"2008","2008-Braden Holtby"
94,"Atlanta Thrashers","Vinny Saponari","US","RW",18,NA,"USA U-18 Development Team (USDP/NAHL)",0,0,0,0,0,0,0,"2008","2008-Vinny Saponari"
95,"St. Louis Blues","David Warsofsky","US","D",18,2018,"USA U-18 Development Team (USDP/NAHL)",55,2,9,11,-6,8,1.6,"2008","2008-David Warsofsky"
96,"New York Islanders","Matt Donovan","US","D",18,2019,"Cedar Rapids Roughriders (USHL)",69,2,18,20,-8,28,2.7,"2008","2008-Matt Donovan"
97,"Boston Bruins","Jamie Arniel","CA","C",18,2011,"Sarnia Sting (OHL)",1,0,0,0,-1,0,-0.1,"2008","2008-Jamie Arniel"
98,"Toronto Maple Leafs","Mikhail Stefanovich","BY","Centr",18,NA,"Quebec Remparts (QMJHL)",0,0,0,0,0,0,0,"2008","2008-Mikhail Stefanovich"
99,"Phoenix Coyotes","Colin Long","US","C",19,NA,"Kelowna Rockets (WHL)",0,0,0,0,0,0,0,"2008","2008-Colin Long"
100,"Florida Panthers","A.J. Jenks","US","LW",18,NA,"Plymouth Whalers (OHL)",0,0,0,0,0,0,0,"2008","2008-A.J. Jenks"
101,"Buffalo Sabres","Justin Jokinen","US","RW",18,NA,"Cloquet HS (High-MN)",0,0,0,0,0,0,0,"2008","2008-Justin Jokinen"
102,"New York Islanders","David Ullstrom","SE","C",19,2013,"HV71 Jr. (Sweden Jr.)",49,6,7,13,-4,12,1.1,"2008","2008-David Ullstrom"
103,"Edmonton Oilers","Johan Motin","SE","D",18,2010,"Farjestad BK (Sweden)",1,0,0,0,-1,0,-0.1,"2008","2008-Johan Motin"
104,"Buffalo Sabres","Jordon Southorn","CA","D",18,NA,"Prince Edward Island Rocket (QMJHL)",0,0,0,0,0,0,0,"2008","2008-Jordon Southorn"
105,"Carolina Hurricanes","Michal Jordan","CZ","D",18,2016,"Plymouth Whalers (OHL)",79,3,4,7,-14,18,1.8,"2008","2008-Michal Jordan"
106,"San Jose Sharks","Harri Sateri","FI","G",18,2022,"Tappara Jr. (Finland Jr.)",15,0,0,0,0,0,1.7,"2008","2008-Harri Sateri"
107,"Columbus Blue Jackets","Steven Delisle","CA","D",18,NA,"Gatineau Olympiques (QMJHL)",0,0,0,0,0,0,0,"2008","2008-Steven Delisle"
108,"Calgary Flames","Nicholas Larson","US","LW",18,NA,"Waterloo Black Hawks (USHL)",0,0,0,0,0,0,0,"2008","2008-Nicholas Larson"
109,"Ottawa Senators","Andre Petersson","SE","RW",18,2012,"HV71 Jr. (Sweden Jr.)",1,0,0,0,0,0,0,"2008","2008-Andre Petersson"
110,"Colorado Avalanche","Kelsey Tessier","CA","C",18,NA,"Quebec Remparts (QMJHL)",0,0,0,0,0,0,0,"2008","2008-Kelsey Tessier"
111,"New York Rangers","Dale Weise","CA","RW",20,2020,"Swift Current Broncos (WHL)",513,55,70,125,6,355,10.9,"2008","2008-Dale Weise"
112,"New Jersey Devils","Matt Delahey","CA","D",18,NA,"Regina Pats (WHL)",0,0,0,0,0,0,0,"2008","2008-Matt Delahey"
113,"Anaheim Ducks","Ryan Hegarty","US","D",18,NA,"USA U-18 Development Team (USDP/NAHL)",0,0,0,0,0,0,0,"2008","2008-Ryan Hegarty"
114,"Calgary Flames","T.J. Brodie","CA","D",18,2025,"Saginaw Spirit (OHL)",962,58,300,358,66,312,65.7,"2008","2008-T.J. Brodie"
115,"Minnesota Wild","Sean Lorenz","CA","D",18,NA,"USA U-18 Development Team (USDP/NAHL)",0,0,0,0,0,0,0,"2008","2008-Sean Lorenz"
116,"Montreal Canadiens","Jason Missiaen","CA","G",18,NA,"Peterborough Petes (OHL)",0,0,0,0,0,0,0,"2008","2008-Jason Missiaen"
117,"Tampa Bay Lightning","James Wright","CA","C",18,2014,"Vancouver Giants (WHL)",146,4,8,12,-19,64,-1.8,"2008","2008-James Wright"
118,"Columbus Blue Jackets","Drew Olson","US","F",18,NA,"Brainerd HS (High-MN)",0,0,0,0,0,0,0,"2008","2008-Drew Olson"
119,"Ottawa Senators","Derek Grant","CA","C",18,2023,"Langley (BCHL)",427,57,75,132,-42,163,8.9,"2008","2008-Derek Grant"
120,"Pittsburgh Penguins","Nathan Moon","CA","C",18,NA,"Kingston Frontenacs (OHL)",0,0,0,0,0,0,0,"2008","2008-Nathan Moon"
121,"Detroit Red Wings","Gustav Nyquist","SE","RW",19,2026,"Malmo Jr. (Sweden Jr.)",874,209,327,536,-29,210,53.2,"2008","2008-Gustav Nyquist"
122,"Tampa Bay Lightning","Dustin Tokarski","CA","G",18,2025,"Spokane Chiefs (WHL)",86,0,3,3,0,2,12.1,"2008","2008-Dustin Tokarski"
123,"Los Angeles Kings","Andrei Loktionov","RU","C",18,2014,"Lokomotiv Yaroslavl 2 (Russia-3)",155,22,26,48,-6,22,4.7,"2008","2008-Andrei Loktionov"
124,"Atlanta Thrashers","Nicklas Lasu","SE","LW",18,NA,"Frolunda HC Jr. (Sweden Jr.)",0,0,0,0,0,0,0,"2008","2008-Nicklas Lasu"
125,"St. Louis Blues","Kristofer Berglund","SE","D",20,NA,"IF Bjorkloven (Sweden-2)",0,0,0,0,0,0,0,"2008","2008-Kristofer Berglund"
126,"New York Islanders","Kevin Poulin","CA","G",18,2015,"Victoriaville Tigres (QMJHL)",50,0,1,1,0,0,6,"2008","2008-Kevin Poulin"
127,"Columbus Blue Jackets","Matt Calvert","CA","LW",18,2021,"Brandon Wheat Kings (WHL)",566,95,108,203,-23,376,17.4,"2008","2008-Matt Calvert"
128,"Toronto Maple Leafs","Greg Pateryn","US","D",18,2022,"Ohio Junior Blue Jackets (USHL)",290,5,39,44,-13,178,9.4,"2008","2008-Greg Pateryn"
129,"Toronto Maple Leafs","Joel Champagne","CA","C",18,NA,"Chicoutimi Sagueneens (QMJHL)",0,0,0,0,0,0,0,"2008","2008-Joel Champagne"
130,"Toronto Maple Leafs","Jerome Flaake","DE","LW",18,NA,"Kolner Haie (Germany)",0,0,0,0,0,0,0,"2008","2008-Jerome Flaake"
131,"Vancouver Canucks","Prab Rai","CA","C",18,NA,"Seattle Thunderbirds (WHL)",0,0,0,0,0,0,0,"2008","2008-Prab Rai"
132,"Chicago Blackhawks","Teigan Zahn","CA","D",18,NA,"Saskatoon Blades (WHL)",0,0,0,0,0,0,0,"2008","2008-Teigan Zahn"
133,"Edmonton Oilers","Philippe Cornet","CA","LW",18,2012,"Rimouski Oceanic (QMJHL)",2,0,1,1,0,0,0.1,"2008","2008-Philippe Cornet"
134,"Buffalo Sabres","Jacob Lagace","CA","LW",18,NA,"Chicoutimi Sagueneens (QMJHL)",0,0,0,0,0,0,0,"2008","2008-Jacob Lagace"
135,"Columbus Blue Jackets","Tomas Kubalik","CZ","RW",18,2012,"HC Plzen (Czech)",12,1,3,4,-6,6,0,"2008","2008-Tomas Kubalik"
136,"Nashville Predators","Taylor Stefishen","CA","LW",18,NA,"Langley (BCHL)",0,0,0,0,0,0,0,"2008","2008-Taylor Stefishen"
137,"Columbus Blue Jackets","Brent Regner","CA","D",19,2016,"Vancouver Giants (WHL)",7,0,0,0,-2,4,-0.1,"2008","2008-Brent Regner"
138,"Montreal Canadiens","Maxim Trunev","RU","RW",18,NA,"Severstal Cherepovets 2 (Russia-3)",0,0,0,0,0,0,0,"2008","2008-Maxim Trunev"
139,"Ottawa Senators","Mark Borowiecki","CA","D",19,2023,"Smiths Falls (CJHL)",458,15,41,56,-22,848,11.1,"2008","2008-Mark Borowiecki"
140,"Colorado Avalanche","Mark Olver","CA","C",20,2013,"Northern Michigan (CCHA)",74,10,12,22,-7,39,1.9,"2008","2008-Mark Olver"
141,"New York Rangers","Chris Doyle","CA","C",18,NA,"Prince Edward Island Rocket (QMJHL)",0,0,0,0,0,0,0,"2008","2008-Chris Doyle"
142,"New Jersey Devils","Kory Nagy","CA","LW",18,NA,"Oshawa Generals (OHL)",0,0,0,0,0,0,0,"2008","2008-Kory Nagy"
143,"Anaheim Ducks","Stefan Warg","SE","D",18,NA,"VIK Hockey Ungdom Jr. (Sweden Jr.)",0,0,0,0,0,0,0,"2008","2008-Stefan Warg"
144,"Washington Capitals","Joel Broda","CA","C",18,NA,"Moose Jaw Warriors (WHL)",0,0,0,0,0,0,0,"2008","2008-Joel Broda"
145,"Minnesota Wild","Eero Elo","FI","LW",18,NA,"Lukko Jr. (Finland Jr.)",0,0,0,0,0,0,0,"2008","2008-Eero Elo"
146,"San Jose Sharks","Julien Demers","CA","D",18,NA,"Ottawa 67's (OHL)",0,0,0,0,0,0,0,"2008","2008-Julien Demers"
147,"Tampa Bay Lightning","Kyle DeCoste","CA","RW",18,NA,"Brampton Battalion (OHL)",0,0,0,0,0,0,0,"2008","2008-Kyle DeCoste"
148,"New York Islanders","Matt Martin","CA","LW",19,2025,"Sarnia Sting (OHL)",987,81,97,178,-40,1168,8.4,"2008","2008-Matt Martin"
149,"Dallas Stars","Philip Larsen","DK","D",18,2017,"Frolunda HC (Sweden)",151,9,28,37,-9,46,6.8,"2008","2008-Philip Larsen"
150,"Pittsburgh Penguins","Alexander Pechurski","RU","G",18,2010,"Metallurg Magnitogorsk 2 (Russia-3)",1,0,0,0,0,0,0.1,"2008","2008-Alexander Pechurski"
151,"Detroit Red Wings","Julien Cayer","CA","C",19,NA,"Northwood School (High-NY)",0,0,0,0,0,0,0,"2008","2008-Julien Cayer"
152,"Tampa Bay Lightning","Mark Barberio","CA","D",18,2020,"Moncton Wildcats (QMJHL)",272,14,42,56,2,115,11.2,"2008","2008-Mark Barberio"
153,"Los Angeles Kings","Justin Azevedo","CA","C",20,NA,"Kitchener Rangers (OHL)",0,0,0,0,0,0,0,"2008","2008-Justin Azevedo"
154,"Atlanta Thrashers","Chris Carrozzi","CA","G",18,NA,"Mississauga St. Michael's Majors (OHL)",0,0,0,0,0,0,0,"2008","2008-Chris Carrozzi"
155,"St. Louis Blues","Anthony Nigro","CA","C",18,NA,"Guelph Storm (OHL)",0,0,0,0,0,0,0,"2008","2008-Anthony Nigro"
156,"New York Islanders","Jared Spurgeon","CA","D",18,2026,"Spokane Chiefs (WHL)",949,118,302,420,115,160,86.3,"2008","2008-Jared Spurgeon"
157,"Columbus Blue Jackets","Cam Atkinson","US","RW",19,2025,"Avon Old Farms School (High-CT)",809,253,236,489,-11,194,56,"2008","2008-Cam Atkinson"
158,"Toronto Maple Leafs","Grant Rollheiser","CA","G",19,NA,"Trail (BCHL)",0,0,0,0,0,0,0,"2008","2008-Grant Rollheiser"
159,"Phoenix Coyotes","Brett Hextall","US","C",20,NA,"Penticton (BCHL)",0,0,0,0,0,0,0,"2008","2008-Brett Hextall"
160,"Tampa Bay Lightning","Luke Witkowski","US","D",18,2022,"Ohio Junior Blue Jackets (USHL)",132,2,11,13,-11,162,1.8,"2008","2008-Luke Witkowski"
161,"Vancouver Canucks","Mats Froshaug","NO","C",20,NA,"Linkoping HC Jr. (Sweden Jr.)",0,0,0,0,0,0,0,"2008","2008-Mats Froshaug"
162,"Chicago Blackhawks","Jonathan Carlsson","SE","D",20,NA,"Brynas IF (Sweden)",0,0,0,0,0,0,0,"2008","2008-Jonathan Carlsson"
163,"Edmonton Oilers","Teemu Hartikainen","FI","C",18,2013,"KalPa Jr. (Finland Jr.)",52,6,7,13,-10,16,0.5,"2008","2008-Teemu Hartikainen"
164,"Buffalo Sabres","Nick Crawford","CA","D",18,NA,"Saginaw Spirit (OHL)",0,0,0,0,0,0,0,"2008","2008-Nick Crawford"
165,"Carolina Hurricanes","Mike Murphy","CA","G",19,2012,"Belleville Bulls (OHL)",2,0,0,0,0,0,0.1,"2008","2008-Mike Murphy"
166,"Nashville Predators","Jeff Foss","US","D",19,NA,"RPI (ECAC)",0,0,0,0,0,0,0,"2008","2008-Jeff Foss"
167,"Colorado Avalanche","Joel Chouinard","CA","D",18,NA,"Victoriaville Tigres (QMJHL)",0,0,0,0,0,0,0,"2008","2008-Joel Chouinard"
168,"Calgary Flames","Ryley Grantham","CA","C",20,NA,"Moose Jaw Warriors (WHL)",0,0,0,0,0,0,0,"2008","2008-Ryley Grantham"
169,"Chicago Blackhawks","Ben Smith","US","RW",20,2017,"Boston College (H-East)",237,29,25,54,-3,8,3.8,"2008","2008-Ben Smith"
170,"Colorado Avalanche","Jonas Holos","NO","D",21,2011,"Sparta Sarpsborg (Norway)",39,0,6,6,-3,10,0.9,"2008","2008-Jonas Holos"
171,"New York Rangers","Mitch Gaulton","CA","D",18,NA,"Erie Otters (OHL)",0,0,0,0,0,0,0,"2008","2008-Mitch Gaulton"
172,"New Jersey Devils","David Wohlberg","US","C",18,NA,"USA U-18 Development Team (USDP/NAHL)",0,0,0,0,0,0,0,"2008","2008-David Wohlberg"
173,"Boston Bruins","Nick Tremblay","CA","C",20,NA,"Smiths Falls (CJHL)",0,0,0,0,0,0,0,"2008","2008-Nick Tremblay"
174,"Washington Capitals","Greg Burke","US","LW",18,NA,"New Hampshire (EJHL)",0,0,0,0,0,0,0,"2008","2008-Greg Burke"
175,"New York Islanders","Justin Dibenedetto","CA","C",20,2011,"Sarnia Sting (OHL)",8,0,1,1,-2,2,-0.1,"2008","2008-Justin Dibenedetto"
176,"Dallas Stars","Matthew Tassone","CA","C",18,NA,"Swift Current Broncos (WHL)",0,0,0,0,0,0,0,"2008","2008-Matthew Tassone"
177,"San Jose Sharks","Tommy Wingels","US","C",20,2018,"Miami (Ohio) (CCHA)",448,62,81,143,-39,254,11,"2008","2008-Tommy Wingels"
178,"Philadelphia Flyers","Zac Rinaldo","CA","C",18,2021,"Mississauga St. Michael's Majors (OHL)",374,18,24,42,-43,758,-0.7,"2008","2008-Zac Rinaldo"
179,"Chicago Blackhawks","Braden Birch","CA","D",18,NA,"Oakville (OPJHL)",0,0,0,0,0,0,0,"2008","2008-Braden Birch"
180,"Pittsburgh Penguins","Patrick Killeen","CA","G",18,NA,"Brampton Battalion (OHL)",0,0,0,0,0,0,0,"2008","2008-Patrick Killeen"
181,"Detroit Red Wings","Stephen Johnston","CA","LW",18,NA,"Belleville Bulls (OHL)",0,0,0,0,0,0,0,"2008","2008-Stephen Johnston"
182,"Tampa Bay Lightning","Matias Sointu","FI","RW",18,NA,"Ilves Jr. (Finland Jr.)",0,0,0,0,0,0,0,"2008","2008-Matias Sointu"
183,"Los Angeles Kings","Garrett Roe","US","LW",20,NA,"St. Cloud State (WCHA)",0,0,0,0,0,0,0,"2008","2008-Garrett Roe"
184,"Atlanta Thrashers","Zach Redmond","US","D",20,2018,"Ferris State (CCHA)",133,9,29,38,12,50,8.1,"2008","2008-Zach Redmond"
185,"St. Louis Blues","Paul Karpowich","CA","G",19,NA,"Wellington (OPJHL)",0,0,0,0,0,0,0,"2008","2008-Paul Karpowich"
186,"San Jose Sharks","Jason Demers","CA","D",20,2023,"Victoriaville Tigres (QMJHL)",700,45,169,214,30,407,44,"2008","2008-Jason Demers"
187,"Columbus Blue Jackets","Sean Collins","CA","C",19,2016,"Waywayseecappo (MJHL)",21,0,3,3,-2,10,-0.1,"2008","2008-Sean Collins"
188,"Toronto Maple Leafs","Andrew MacWilliam","CA","D",18,2015,"Camrose (AJHL)",12,0,2,2,-6,12,-0.1,"2008","2008-Andrew MacWilliam"
189,"Phoenix Coyotes","Tim Billingsley","CA","D",18,NA,"Mississauga St. Michael's Majors (OHL)",0,0,0,0,0,0,0,"2008","2008-Tim Billingsley"
190,"Florida Panthers","Matt Bartkowski","US","D",20,2021,"Lincoln Stars (USHL)",256,8,40,48,-12,157,9.1,"2008","2008-Matt Bartkowski"
191,"Vancouver Canucks","Morgan Clark","CA","G",18,NA,"Red Deer Rebels (WHL)",0,0,0,0,0,0,0,"2008","2008-Morgan Clark"
192,"Chicago Blackhawks","Joe Gleason","US","D",18,NA,"Edina HS (High-MN)",0,0,0,0,0,0,0,"2008","2008-Joe Gleason"
193,"Edmonton Oilers","Jordan Bendfeld","CA","D",20,NA,"Medicine Hat Tigers (WHL)",0,0,0,0,0,0,0,"2008","2008-Jordan Bendfeld"
194,"San Jose Sharks","Drew Daniels","US","RW",19,NA,"Kent School (High-CT)",0,0,0,0,0,0,0,"2008","2008-Drew Daniels"
195,"Carolina Hurricanes","Samuel Morneau","CA","LW",18,NA,"Baie-Comeau Drakkar (QMJHL)",0,0,0,0,0,0,0,"2008","2008-Samuel Morneau"
196,"Philadelphia Flyers","Joacim Eriksson","SE","G",18,2014,"Brynas IF Jr. (Sweden Jr.)",1,0,0,0,0,0,-0.2,"2008","2008-Joacim Eriksson"
197,"Boston Bruins","Mark Goggin","US","C",18,NA,"Choate-Rosemary Hall (High-CT)",0,0,0,0,0,0,0,"2008","2008-Mark Goggin"
198,"Calgary Flames","Alexander Deilert","SE","D",19,NA,"Djurgardens IF Jr. (Sweden Jr.)",0,0,0,0,0,0,0,"2008","2008-Alexander Deilert"
199,"Ottawa Senators","Emil Sandin","SE","LW",20,NA,"Brynas IF (Sweden)",0,0,0,0,0,0,0,"2008","2008-Emil Sandin"
200,"Colorado Avalanche","Nathan Condon","US","C",18,NA,"Wausau West HS (High-WI)",0,0,0,0,0,0,0,"2008","2008-Nathan Condon"
201,"Nashville Predators","Jani Lajunen","FI","C",18,NA,"Blues Jr. (Finland Jr.)",0,0,0,0,0,0,0,"2008","2008-Jani Lajunen"
202,"New Jersey Devils","Harry Young","CA","D",18,NA,"Windsor Spitfires (OHL)",0,0,0,0,0,0,0,"2008","2008-Harry Young"
203,"Tampa Bay Lightning","David Carle","US","D",18,NA,"Shattuck-St. Mary's School (High-MN)",0,0,0,0,0,0,0,"2008","2008-David Carle"
204,"Washington Capitals","Stefan Della Rovere","CA","LW",18,2011,"Barrie Colts (OHL)",7,0,0,0,0,11,-0.1,"2008","2008-Stefan Della Rovere"
205,"New Jersey Devils","Jean-Sebastien Berube","CA","LW",18,NA,"Rouyn-Noranda Huskies (QMJHL)",0,0,0,0,0,0,0,"2008","2008-Jean-Sebastien Berube"
206,"Montreal Canadiens","Patrick Johnson","US","LW",19,NA,"Wisconsin (WCHA)",0,0,0,0,0,0,0,"2008","2008-Patrick Johnson"
207,"Nashville Predators","Anders Lindback","SE","G",20,2016,"Almtuna IS (Sweden-2)",130,0,4,4,0,6,16.6,"2008","2008-Anders Lindback"
208,"Anaheim Ducks","Nick Pryor","US","D",18,NA,"USA U-18 Development Team (USDP/NAHL)",0,0,0,0,0,0,0,"2008","2008-Nick Pryor"
209,"Dallas Stars","Mike Bergin","CA","D",20,NA,"Smiths Falls (CJHL)",0,0,0,0,0,0,0,"2008","2008-Mike Bergin"
210,"Pittsburgh Penguins","Nick D'Agostino","CA","D",18,NA,"St. Michael's (OPJHL)",0,0,0,0,0,0,0,"2008","2008-Nick D'Agostino"
211,"Detroit Red Wings","Jesper Samuelsson","SE","C",20,NA,"HC Vita Hasten (Sweden-3)",0,0,0,0,0,0,0,"2008","2008-Jesper Samuelsson"
1,"New York Islanders","John Tavares","CA","C",18,2026,"London Knights (OHL)",1200,503,632,1135,-18,523,130.1,"2009","2009-John Tavares"
2,"Tampa Bay Lightning","Victor Hedman","SE","D",18,2026,"MODO Hockey (Sweden)",1146,171,635,806,194,776,134.3,"2009","2009-Victor Hedman"
3,"Colorado Avalanche","Matt Duchene","CA","C",18,2026,"Brampton Battalion (OHL)",1142,372,521,893,-64,298,93.8,"2009","2009-Matt Duchene"
4,"Atlanta Thrashers","Evander Kane","CA","LW",18,2026,"Vancouver Giants (WHL)",947,329,297,626,-53,1216,69,"2009","2009-Evander Kane"
5,"Los Angeles Kings","Brayden Schenn","CA","C",18,2026,"Brandon Wheat Kings (WHL)",1038,280,411,691,-55,608,68.4,"2009","2009-Brayden Schenn"
6,"Phoenix Coyotes","Oliver Ekman-Larsson","SE","D",18,2026,"Leksands IF (Sweden-2)",1075,149,361,510,-101,698,87.2,"2009","2009-Oliver Ekman-Larsson"
7,"Toronto Maple Leafs","Nazem Kadri","CA","C",18,2026,"London Knights (OHL)",1002,311,410,721,-59,768,75,"2009","2009-Nazem Kadri"
8,"Dallas Stars","Scott Glennie","CA","RW",18,2012,"Brandon Wheat Kings (WHL)",1,0,0,0,0,2,0,"2009","2009-Scott Glennie"
9,"Ottawa Senators","Jared Cowen","CA","D",18,2016,"Spokane Chiefs (WHL)",249,15,31,46,-7,174,8.3,"2009","2009-Jared Cowen"
10,"Edmonton Oilers","Magnus Paajarvi","SE","LW",18,2019,"Timra IK (Sweden)",467,62,62,124,-54,78,7.7,"2009","2009-Magnus Paajarvi"
11,"Nashville Predators","Ryan Ellis","CA","D",18,2022,"Windsor Spitfires (OHL)",566,76,199,275,116,189,57.4,"2009","2009-Ryan Ellis"
12,"New York Islanders","Calvin de Haan","CA","D",18,2025,"Oshawa Generals (OHL)",679,24,125,149,-6,249,28.5,"2009","2009-Calvin de Haan"
13,"Buffalo Sabres","Zack Kassian","CA","RW",18,2023,"Peterborough Petes (OHL)",661,92,111,203,-55,913,15.4,"2009","2009-Zack Kassian"
14,"Florida Panthers","Dmitry Kulikov","RU","D",18,2026,"Drummondville Voltigeurs (QMJHL)",1020,50,197,247,-25,629,46.6,"2009","2009-Dmitry Kulikov"
15,"Anaheim Ducks","Peter Holland","CA","C",18,2018,"Guelph Storm (OHL)",266,36,49,85,-38,112,6.2,"2009","2009-Peter Holland"
16,"Minnesota Wild","Nick Leddy","US","D",18,2026,"Eden Priarie HS (High-MN)",1049,75,343,418,-40,207,65.6,"2009","2009-Nick Leddy"
17,"St. Louis Blues","David Rundblad","SE","D",18,2016,"Skelleftea AIK (Sweden)",113,4,21,25,-6,30,4,"2009","2009-David Rundblad"
18,"Montreal Canadiens","Louis Leblanc","CA","C",18,2014,"Omaha Lancers (USHL)",50,5,5,10,4,32,1,"2009","2009-Louis Leblanc"
19,"New York Rangers","Chris Kreider","US","C",18,2026,"Phillips Andover Academy (High-MA)",894,335,259,594,124,583,74.5,"2009","2009-Chris Kreider"
20,"New Jersey Devils","Jacob Josefson","SE","C",18,2018,"Djurgardens IF (Sweden)",315,20,44,64,-21,84,3.1,"2009","2009-Jacob Josefson"
21,"Columbus Blue Jackets","John Moore","US","D",18,2022,"Chicago Steel (USHL)",544,38,80,118,-35,227,25.1,"2009","2009-John Moore"
22,"Vancouver Canucks","Jordan Schroeder","US","C",18,2018,"Minnesota (WCHA)",165,18,24,42,5,14,4,"2009","2009-Jordan Schroeder"
23,"Calgary Flames","Tim Erixon","US","D",18,2015,"Skelleftea AIK (Sweden)",93,2,12,14,-3,38,2.9,"2009","2009-Tim Erixon"
24,"Washington Capitals","Marcus Johansson","SE","C/W",18,2026,"Farjestad BK (Sweden)",1000,191,341,532,-68,156,47.1,"2009","2009-Marcus Johansson"
25,"Boston Bruins","Jordan Caron","CA","RW",18,2016,"Rimouski Oceanic (QMJHL)",157,12,16,28,-9,78,0.9,"2009","2009-Jordan Caron"
26,"Anaheim Ducks","Kyle Palmieri","US","RW",18,2026,"USA U-18 Development Team (USDP/NAHL)",915,274,264,538,-25,441,61.4,"2009","2009-Kyle Palmieri"
27,"Carolina Hurricanes","Philippe Paradis","CA","C",18,NA,"Shawinigan Cataractes (QMJHL)",0,0,0,0,0,0,0,"2009","2009-Philippe Paradis"
28,"Chicago Blackhawks","Dylan Olsen","US","D",18,2016,"Camrose (AJHL)",124,5,17,22,-16,36,3.1,"2009","2009-Dylan Olsen"
29,"Tampa Bay Lightning","Carter Ashton","CA","RW",18,2015,"Lethbridge Hurricanes (WHL)",54,0,3,3,-12,32,-0.9,"2009","2009-Carter Ashton"
30,"Pittsburgh Penguins","Simon Despres","CA","D",18,2017,"Saint John Sea Dogs (QMJHL)",193,6,37,43,31,150,11,"2009","2009-Simon Despres"
32,"Detroit Red Wings","Landon Ferraro","CA","C",18,2018,"Red Deer Rebels (WHL)",77,7,5,12,-9,29,0.3,"2009","2009-Landon Ferraro"
33,"Colorado Avalanche","Ryan O'Reilly","CA","C",18,2026,"Erie Otters (OHL)",1169,309,527,836,-24,194,81.7,"2009","2009-Ryan O'Reilly"
34,"Atlanta Thrashers","Carl Klingberg","SE","LW",18,2015,"Frolunda HC Jr. (Sweden Jr.)",12,1,0,1,0,4,0.1,"2009","2009-Carl Klingberg"
35,"Los Angeles Kings","Kyle Clifford","CA","LW",18,2023,"Barrie Colts (OHL)",753,66,78,144,-22,905,9.8,"2009","2009-Kyle Clifford"
36,"Phoenix Coyotes","Chris Brown","US","C",18,2016,"USA U-18 Development Team (USDP/NAHL)",23,2,1,3,1,21,0.3,"2009","2009-Chris Brown"
37,"Anaheim Ducks","Mat Clark","US","D",18,2015,"Brampton Battalion (OHL)",9,0,1,1,0,6,0.2,"2009","2009-Mat Clark"
38,"Dallas Stars","Alex Chiasson","CA","RW",18,2023,"Des Moines Buccaneers (USHL)",651,120,113,233,-44,359,20.4,"2009","2009-Alex Chiasson"
39,"Ottawa Senators","Jakob Silfverberg","SE","LW",18,2024,"Brynas IF Jr. (Sweden Jr.)",820,168,205,373,5,264,36.2,"2009","2009-Jakob Silfverberg"
40,"Edmonton Oilers","Anton Lander","SE","C",18,2017,"Timra IK (Sweden)",215,10,25,35,-41,56,-0.8,"2009","2009-Anton Lander"
41,"Nashville Predators","Zach Budish","US","RW",18,NA,"Edina HS (High-MN)",0,0,0,0,0,0,0,"2009","2009-Zach Budish"
42,"Nashville Predators","Charles-Olivier Roussel","CA","D",18,NA,"Shawinigan Cataractes (QMJHL)",0,0,0,0,0,0,0,"2009","2009-Charles-Olivier Roussel"
43,"San Jose Sharks","William Wrenn","US","D",18,NA,"USA U-18 Development Team (USDP/NAHL)",0,0,0,0,0,0,0,"2009","2009-William Wrenn"
44,"Florida Panthers","Drew Shore","US","C",18,2021,"USA U-18 Development Team (USDP/NAHL)",98,9,17,26,-20,30,1,"2009","2009-Drew Shore"
45,"Atlanta Thrashers","Jeremy Morin","US","LW",18,2015,"USA U-18 Development Team (USDP/NAHL)",82,10,12,22,8,69,2.4,"2009","2009-Jeremy Morin"
47,"New York Rangers","Ethan Werek","CA","C",18,NA,"Kingston Frontenacs (OHL)",0,0,0,0,0,0,0,"2009","2009-Ethan Werek"
48,"St. Louis Blues","Brett Ponich","CA","D",18,NA,"Portland Winter Hawks (WHL)",0,0,0,0,0,0,0,"2009","2009-Brett Ponich"
49,"Colorado Avalanche","Stefan Elliott","CA","D",18,2019,"Saskatoon Blades (WHL)",87,8,17,25,-5,16,4.7,"2009","2009-Stefan Elliott"
50,"Toronto Maple Leafs","Kenny Ryan","US","RW",18,NA,"USA U-18 Development Team (USDP/NAHL)",0,0,0,0,0,0,0,"2009","2009-Kenny Ryan"
51,"Carolina Hurricanes","Brian Dumoulin","US","D",18,2026,"New Hampshire (EJHL)",722,28,150,178,91,182,38.3,"2009","2009-Brian Dumoulin"
52,"Tampa Bay Lightning","Richard Panik","SK","RW",18,2022,"HC Ocelari Trinec (Czech)",521,88,107,195,8,274,19,"2009","2009-Richard Panik"
53,"Vancouver Canucks","Anton Rodin","SE","RW",18,2017,"Brynas IF Jr. (Sweden Jr.)",3,0,1,1,1,0,0.1,"2009","2009-Anton Rodin"
54,"New Jersey Devils","Eric Gelinas","CA","D",18,2017,"Lewiston MAINEiacs (QMJHL)",189,14,41,55,-16,92,10.5,"2009","2009-Eric Gelinas"
55,"Washington Capitals","Dmitry Orlov","RU","D",18,2026,"Metallurg Novokuznetsk (Russia)",883,76,262,338,135,365,65.5,"2009","2009-Dmitry Orlov"
56,"Columbus Blue Jackets","Kevin Lynch","US","C",18,NA,"USA U-18 Development Team (USDP/NAHL)",0,0,0,0,0,0,0,"2009","2009-Kevin Lynch"
57,"San Jose Sharks","Taylor Doherty","CA","D",18,NA,"Kingston Frontenacs (OHL)",0,0,0,0,0,0,0,"2009","2009-Taylor Doherty"
58,"Toronto Maple Leafs","Jesse Blacker","CA","D",18,2015,"Windsor Spitfires (OHL)",1,0,0,0,-2,0,-0.2,"2009","2009-Jesse Blacker"
59,"Chicago Blackhawks","Brandon Pirri","CA","C",18,2021,"Georgetown (OJHL)",276,72,49,121,5,91,14.9,"2009","2009-Brandon Pirri"
60,"Detroit Red Wings","Tomas Tatar","SK","C",18,2025,"HKM Zvolen (Slovakia)",927,227,269,496,43,316,55.3,"2009","2009-Tomas Tatar"
61,"Pittsburgh Penguins","Philip Samuelsson","SE","D",18,2016,"Chicago Steel (USHL)",13,0,0,0,-4,2,-0.1,"2009","2009-Philip Samuelsson"
63,"Pittsburgh Penguins","Ben Hanowski","US","W",18,2014,"Little Falls HS (High-MN)",16,1,2,3,-2,2,0.1,"2009","2009-Ben Hanowski"
64,"Colorado Avalanche","Tyson Barrie","CA","D",18,2025,"Kelowna Rockets (WHL)",822,110,398,508,-82,263,71.9,"2009","2009-Tyson Barrie"
65,"Montreal Canadiens","Joonas Nattinen","FI","C",18,2014,"Blues Jr. (Finland Jr.)",1,0,0,0,0,0,0,"2009","2009-Joonas Nattinen"
66,"Buffalo Sabres","Brayden McNabb","CA","D",18,2026,"Kootenay Ice (WHL)",836,33,146,179,160,545,48.1,"2009","2009-Brayden McNabb"
67,"Florida Panthers","Josh Birkholz","US","RW",18,NA,"Fargo Force (USHL)",0,0,0,0,0,0,0,"2009","2009-Josh Birkholz"
68,"Toronto Maple Leafs","Jamie Devane","CA","LW",18,2014,"Plymouth Whalers (OHL)",2,0,0,0,-1,0,-0.1,"2009","2009-Jamie Devane"
69,"Dallas Stars","Reilly Smith","CA","RW",18,2026,"St. Michael's (OJHL)",933,227,328,555,133,234,60.3,"2009","2009-Reilly Smith"
70,"Nashville Predators","Taylor Beck","CA","RW",18,2017,"Guelph Storm (OHL)",92,11,12,23,-9,32,1.5,"2009","2009-Taylor Beck"
71,"Edmonton Oilers","Troy Hesketh","US","D",18,NA,"Minnetonka HS (High-MN)",0,0,0,0,0,0,0,"2009","2009-Troy Hesketh"
72,"Nashville Predators","Michael Latta","CA","C",18,2016,"Guelph Storm (OHL)",113,4,13,17,4,130,0.9,"2009","2009-Michael Latta"
73,"New Jersey Devils","Alexander Urbom","SE","D",18,2014,"Djurgardens IF (Sweden)",34,3,1,4,-1,28,1.2,"2009","2009-Alexander Urbom"
74,"Calgary Flames","Ryan Howse","CA","LW",18,NA,"Chilliwack Bruins (WHL)",0,0,0,0,0,0,0,"2009","2009-Ryan Howse"
75,"Detroit Red Wings","Andrej Nestrasil","CZ","RW",18,2017,"Victoriaville Tigres (QMJHL)",128,17,31,48,0,18,4.9,"2009","2009-Andrej Nestrasil"
78,"St. Louis Blues","Sergei Andronov","RU","RW",20,NA,"Lada Togliatti (Russia)",0,0,0,0,0,0,0,"2009","2009-Sergei Andronov"
79,"Montreal Canadiens","Mac Bennett","US","D",18,NA,"Hotchkiss School (High-CT)",0,0,0,0,0,0,0,"2009","2009-Mac Bennett"
80,"New York Rangers","Ryan Bourque","US","C",18,2015,"USA U-18 Development Team (USDP/NAHL)",1,0,0,0,-1,0,-0.1,"2009","2009-Ryan Bourque"
82,"Edmonton Oilers","Cameron Abney","CA","RW",18,NA,"Everett Silvertips (WHL)",0,0,0,0,0,0,0,"2009","2009-Cameron Abney"
83,"Vancouver Canucks","Kevin Connauton","CA","D",19,2022,"Western Michigan (CCHA)",360,28,52,80,5,188,17.6,"2009","2009-Kevin Connauton"
84,"Los Angeles Kings","Nicolas Deslauriers","CA","D",18,2026,"Rouyn-Noranda Huskies (QMJHL)",683,53,51,104,-107,771,1.4,"2009","2009-Nicolas Deslauriers"
85,"Washington Capitals","Cody Eakin","CA","C",18,2022,"Swift Current Broncos (WHL)",701,110,146,256,-25,278,20,"2009","2009-Cody Eakin"
86,"Boston Bruins","Ryan Button","CA","D",18,NA,"Prince Albert Raiders (WHL)",0,0,0,0,0,0,0,"2009","2009-Ryan Button"
87,"Philadelphia Flyers","Simon Bertilsson","SE","D",18,NA,"Brynas IF (Sweden)",0,0,0,0,0,0,0,"2009","2009-Simon Bertilsson"
88,"Carolina Hurricanes","Mattias Lindstrom","SE","LW",18,NA,"Skelleftea AIK Jr. (Sweden Jr.)",0,0,0,0,0,0,0,"2009","2009-Mattias Lindstrom"
89,"Chicago Blackhawks","Dan Delisle","US","C/LW",18,NA,"Totino Grace HS (High-MN)",0,0,0,0,0,0,0,"2009","2009-Dan Delisle"
90,"Detroit Red Wings","Gleason Fournier","CA","D",18,NA,"Rimouski Oceanic (QMJHL)",0,0,0,0,0,0,0,"2009","2009-Gleason Fournier"
92,"New York Islanders","Casey Cizikas","CA","C",18,2026,"Mississauga St. Michael's Majors (OHL)",912,115,150,265,-4,443,19.6,"2009","2009-Casey Cizikas"
93,"Tampa Bay Lightning","Alex Hutchings","CA","LW",18,NA,"Barrie Colts (OHL)",0,0,0,0,0,0,0,"2009","2009-Alex Hutchings"
94,"Columbus Blue Jackets","David Savard","CA","D",18,2025,"Moncton Wildcats (QMJHL)",870,54,188,242,-29,467,44.6,"2009","2009-David Savard"
96,"Los Angeles Kings","Linden Vey","CA","RW",18,2017,"Medicine Hat Tigers (WHL)",138,14,30,44,-19,24,2.6,"2009","2009-Linden Vey"
97,"Phoenix Coyotes","Jordan Szwarz","CA","RW",18,2020,"Saginaw Spirit (OHL)",50,4,3,7,-12,25,-0.1,"2009","2009-Jordan Szwarz"
98,"Nashville Predators","Craig Smith","US","C",20,2025,"Waterloo Black Hawks (USHL)",987,220,232,452,88,395,51.5,"2009","2009-Craig Smith"
99,"Edmonton Oilers","Kyle Bigos","US","D",20,NA,"Vernon (BCHL)",0,0,0,0,0,0,0,"2009","2009-Kyle Bigos"
100,"Ottawa Senators","Chris Wideman","US","D",19,2023,"Miami (Ohio) (CCHA)",291,20,58,78,-27,252,11.4,"2009","2009-Chris Wideman"
101,"Edmonton Oilers","Toni Rajala","FI","LW",18,NA,"Ilves Jr. (Finland Jr.)",0,0,0,0,0,0,0,"2009","2009-Toni Rajala"
102,"Nashville Predators","Mattias Ekholm","SE","D",19,2026,"Mora IK (Sweden-2)",900,87,279,366,178,432,76.5,"2009","2009-Mattias Ekholm"
103,"Minnesota Wild","Kris Foucault","CA","LW",18,2012,"Calgary Hitmen (WHL)",1,0,0,0,0,0,0,"2009","2009-Kris Foucault"
104,"Buffalo Sabres","Marcus Foligno","US","LW",18,2026,"Sudbury Wolves (OHL)",891,140,184,324,37,908,29.4,"2009","2009-Marcus Foligno"
105,"Phoenix Coyotes","Justin Weller","CA","D",18,NA,"Red Deer Rebels (WHL)",0,0,0,0,0,0,0,"2009","2009-Justin Weller"
106,"Anaheim Ducks","Sami Vatanen","FI","D",18,2021,"JYP Jr. (Finland Jr.)",473,47,153,200,-5,212,36.2,"2009","2009-Sami Vatanen"
107,"Florida Panthers","Garrett Wilson","CA","LW",18,2019,"Owen Sound Attack (OHL)",84,2,6,8,-4,42,-0.4,"2009","2009-Garrett Wilson"
108,"St. Louis Blues","Tyler Shattock","CA","RW",19,NA,"Kamloops Blazers (WHL)",0,0,0,0,0,0,0,"2009","2009-Tyler Shattock"
109,"Montreal Canadiens","Alexander Avtsin","RU","RW",18,NA,"Dynamo Moskva 2 (Russia-3)",0,0,0,0,0,0,0,"2009","2009-Alexander Avtsin"
110,"Nashville Predators","Nick Oliver","US","C/LW",18,NA,"Roseau HS (High-MN)",0,0,0,0,0,0,0,"2009","2009-Nick Oliver"
111,"Calgary Flames","Henrik Bjorklund","SE","RW",18,NA,"Farjestad BK (Sweden)",0,0,0,0,0,0,0,"2009","2009-Henrik Bjorklund"
112,"Boston Bruins","Lane MacDermid","US","LW",20,2014,"Windsor Spitfires (OHL)",21,2,2,4,0,36,0.6,"2009","2009-Lane MacDermid"
113,"Vancouver Canucks","Jeremy Price","CA","D",18,NA,"Nepean (CJHL)",0,0,0,0,0,0,0,"2009","2009-Jeremy Price"
114,"New Jersey Devils","Seth Helgeson","US","D",18,2017,"Sioux City Musketeers (USHL)",50,1,3,4,1,50,1.7,"2009","2009-Seth Helgeson"
115,"Washington Capitals","Patrick Wey","US","D",18,2014,"Waterloo Black Hawks (USHL)",9,0,3,3,0,5,0.4,"2009","2009-Patrick Wey"
116,"Minnesota Wild","Alex Fallstrom","SE","RW",19,NA,"Shattuck-St. Mary's School (High-MN)",0,0,0,0,0,0,0,"2009","2009-Alex Fallstrom"
119,"Chicago Blackhawks","Byron Froese","CA","C",18,2024,"Everett Silvertips (WHL)",141,7,13,20,-15,57,-0.4,"2009","2009-Byron Froese"
120,"Atlanta Thrashers","Ben Chiarot","CA","D",18,2026,"Guelph Storm (OHL)",739,46,127,173,-59,531,29.2,"2009","2009-Ben Chiarot"
121,"Pittsburgh Penguins","Nick Petersen","CA","RW",20,NA,"Shawinigan Cataractes (QMJHL)",0,0,0,0,0,0,0,"2009","2009-Nick Petersen"
122,"New York Islanders","Anton Klementyev","RU","D",19,2010,"Lokomotiv Yaroslavl 2 (Russia-3)",1,0,0,0,0,0,0,"2009","2009-Anton Klementyev"
123,"Pittsburgh Penguins","Alex Velischek","CA","D",18,NA,"Delbarton School (High-NJ)",0,0,0,0,0,0,0,"2009","2009-Alex Velischek"
125,"Atlanta Thrashers","Cody Sol","CA","D",18,NA,"Saginaw Spirit (OHL)",0,0,0,0,0,0,0,"2009","2009-Cody Sol"
126,"Los Angeles Kings","David Kolomatis","US","D",20,NA,"Owen Sound Attack (OHL)",0,0,0,0,0,0,0,"2009","2009-David Kolomatis"
127,"New York Rangers","Roman Horak","CZ","C",18,2014,"HC Mountfield (Czech)",84,6,13,19,-3,16,1.2,"2009","2009-Roman Horak"
128,"Toronto Maple Leafs","Eric Knodel","US","D",19,NA,"Philadelphia (USMAAA)",0,0,0,0,0,0,0,"2009","2009-Eric Knodel"
129,"Dallas Stars","Tomas Vincour","CZ","C",18,2015,"Edmonton Oil Kings (WHL)",95,7,10,17,-9,12,0.7,"2009","2009-Tomas Vincour"
130,"Ottawa Senators","Mike Hoffman","CA","C/LW",19,2024,"Drummondville Voltigeurs (QMJHL)",745,228,259,487,-72,267,51.8,"2009","2009-Mike Hoffman"
131,"Carolina Hurricanes","Matt Kennedy","CA","RW",20,NA,"Guelph Storm (OHL)",0,0,0,0,0,0,0,"2009","2009-Matt Kennedy"
132,"Nashville Predators","Gabriel Bourque","CA","LW",18,2020,"Baie-Comeau Drakkar (QMJHL)",413,40,63,103,-18,75,6.6,"2009","2009-Gabriel Bourque"
134,"Buffalo Sabres","Mark Adams","US","D",18,NA,"Malden Catholic HS (High-MA)",0,0,0,0,0,0,0,"2009","2009-Mark Adams"
135,"Florida Panthers","Corban Knight","CA","C",19,2019,"Okotoks (AJHL)",52,4,8,12,-3,4,0.8,"2009","2009-Corban Knight"
136,"Anaheim Ducks","Radoslav Illo","SK","C",19,NA,"Tri-City Storm (USHL)",0,0,0,0,0,0,0,"2009","2009-Radoslav Illo"
137,"Columbus Blue Jackets","Thomas Larkin","GB","D",18,NA,"Phillps-Exeter Academy (High-NH)",0,0,0,0,0,0,0,"2009","2009-Thomas Larkin"
138,"Florida Panthers","Wade Megan","US","C",19,2019,"South Kent Prep (High-CT)",15,1,1,2,-3,2,0,"2009","2009-Wade Megan"
139,"Montreal Canadiens","Gabriel Dumont","CA","C",18,2020,"Drummondville Voltigeurs (QMJHL)",90,4,5,9,0,48,0,"2009","2009-Gabriel Dumont"
141,"Calgary Flames","Spencer Bennett","CA","LW",18,NA,"Surrey (BCHL)",0,0,0,0,0,0,0,"2009","2009-Spencer Bennett"
143,"Vancouver Canucks","Peter Andersson","SE","D",18,NA,"Frolunda HC Jr. (Sweden Jr.)",0,0,0,0,0,0,0,"2009","2009-Peter Andersson"
144,"New Jersey Devils","Derek Rodwell","CA","LW",19,NA,"Okotoks (AJHL)",0,0,0,0,0,0,0,"2009","2009-Derek Rodwell"
145,"Washington Capitals","Brett Flemming","CA","D",18,NA,"Mississauga St. Michael's Majors (OHL)",0,0,0,0,0,0,0,"2009","2009-Brett Flemming"
146,"Ottawa Senators","Jeff Costello","US","LW",18,NA,"Cedar Rapids Roughriders (USHL)",0,0,0,0,0,0,0,"2009","2009-Jeff Costello"
147,"San Jose Sharks","Phil Varone","CA","C",18,2019,"London Knights (OHL)",97,8,9,17,-20,26,0.3,"2009","2009-Phil Varone"
149,"Chicago Blackhawks","Marcus Kruger","SE","C",19,2019,"Djurgardens IF Jr. (Sweden Jr.)",520,38,85,123,5,234,5.3,"2009","2009-Marcus Kruger"
150,"Detroit Red Wings","Nick Jensen","US","D",18,2026,"Green Bay Gamblers (USHL)",649,22,136,158,31,148,31.8,"2009","2009-Nick Jensen"
151,"Pittsburgh Penguins","Andy Bathgate","CA","C",18,NA,"Belleville Bulls (OHL)",0,0,0,0,0,0,0,"2009","2009-Andy Bathgate"
152,"New York Islanders","Anders Lee","US","C",19,2026,"Edina HS (High-MN)",856,292,226,518,20,514,61.8,"2009","2009-Anders Lee"
153,"Philadelphia Flyers","Dave Labrecque","CA","C",19,NA,"Shawinigan Cataractes (QMJHL)",0,0,0,0,0,0,0,"2009","2009-Dave Labrecque"
155,"Atlanta Thrashers","Jimmy Bubnick","CA","C",18,NA,"Kamloops Blazers (WHL)",0,0,0,0,0,0,0,"2009","2009-Jimmy Bubnick"
156,"Los Angeles Kings","Michael Pelech","CA","C/LW",19,NA,"Mississauga St. Michael's Majors (OHL)",0,0,0,0,0,0,0,"2009","2009-Michael Pelech"
157,"Phoenix Coyotes","Evan Bloodoff","CA","LW",18,NA,"Kelowna Rockets (WHL)",0,0,0,0,0,0,0,"2009","2009-Evan Bloodoff"
158,"Toronto Maple Leafs","Jerry D'Amigo","US","RW",18,2015,"USA U-18 Development Team (USDP/NAHL)",31,1,2,3,-5,2,-0.2,"2009","2009-Jerry D'Amigo"
159,"Dallas Stars","Curtis McKenzie","CA","LW",18,2018,"Penticton (BCHL)",99,10,13,23,-1,131,1.6,"2009","2009-Curtis McKenzie"
160,"Ottawa Senators","Corey Cowick","CA","LW",20,NA,"Ottawa 67's (OHL)",0,0,0,0,0,0,0,"2009","2009-Corey Cowick"
163,"Minnesota Wild","Jere Sallinen","FI","RW",18,NA,"Blues Jr. (Finland Jr.)",0,0,0,0,0,0,0,"2009","2009-Jere Sallinen"
165,"Florida Panthers","Scott Timmins","CA","C",20,2013,"Windsor Spitfires (OHL)",24,1,0,1,-10,12,-0.6,"2009","2009-Scott Timmins"
166,"Anaheim Ducks","Scott Valentine","CA","D",18,NA,"Oshawa Generals (OHL)",0,0,0,0,0,0,0,"2009","2009-Scott Valentine"
167,"Columbus Blue Jackets","Anton Blomqvist","SE","D",19,NA,"Malmo Jr. (Sweden Jr.)",0,0,0,0,0,0,0,"2009","2009-Anton Blomqvist"
168,"St. Louis Blues","David Shields","US","D",18,NA,"Erie Otters (OHL)",0,0,0,0,0,0,0,"2009","2009-David Shields"
169,"Montreal Canadiens","Dustin Walsh","CA","C",18,NA,"Kingston (OJHL)",0,0,0,0,0,0,0,"2009","2009-Dustin Walsh"
170,"New York Rangers","Dan Maggio","CA","D",18,NA,"Sudbury Wolves (OHL)",0,0,0,0,0,0,0,"2009","2009-Dan Maggio"
172,"Philadelphia Flyers","Eric Wellwood","CA","LW",19,2013,"Windsor Spitfires (OHL)",31,5,5,10,13,4,1.6,"2009","2009-Eric Wellwood"
174,"New Jersey Devils","Ashton Bernard","CA","LW",19,NA,"Shawinigan Cataractes (QMJHL)",0,0,0,0,0,0,0,"2009","2009-Ashton Bernard"
175,"Washington Capitals","Garrett Mitchell","CA","RW",18,2017,"Regina Pats (WHL)",1,0,0,0,0,0,0,"2009","2009-Garrett Mitchell"
176,"Boston Bruins","Tyler Randell","CA","RW",18,2016,"Kitchener Rangers (OHL)",27,6,0,6,-2,47,0.9,"2009","2009-Tyler Randell"
177,"Chicago Blackhawks","David Pacan","CA","C",18,NA,"Cumberland (CJHL)",0,0,0,0,0,0,0,"2009","2009-David Pacan"
178,"Carolina Hurricanes","Rasmus Rissanen","FI","D",18,2015,"KalPa Jr. (Finland Jr.)",6,0,0,0,-5,4,-0.3,"2009","2009-Rasmus Rissanen"
179,"Los Angeles Kings","Brandon Kozun","US","RW",19,2015,"Calgary Hitmen (WHL)",20,2,2,4,-3,6,0.3,"2009","2009-Brandon Kozun"
180,"Detroit Red Wings","Mitch Callahan","US","RW",18,2017,"Kelowna Rockets (WHL)",5,0,0,0,0,0,-0.1,"2009","2009-Mitch Callahan"
181,"Pittsburgh Penguins","Viktor Ekbom","SE","D",20,NA,"IK Oskarshamn (Sweden-2)",0,0,0,0,0,0,0,"2009","2009-Viktor Ekbom"
182,"Minnesota Wild","Erik Haula","FI","LW",18,2026,"Shattuck-St. Mary's School (High-MN)",776,156,190,346,45,401,34.7,"2009","2009-Erik Haula"
183,"Tampa Bay Lightning","Kirill Gotovets","BY","D",18,NA,"Shattuck-St. Mary's School (High-MN)",0,0,0,0,0,0,0,"2009","2009-Kirill Gotovets"
184,"Colorado Avalanche","Gus Young","US","D",18,NA,"Noble & Greenough School (High-MA)",0,0,0,0,0,0,0,"2009","2009-Gus Young"
185,"Atlanta Thrashers","Levko Koper","CA","LW",18,NA,"Spokane Chiefs (WHL)",0,0,0,0,0,0,0,"2009","2009-Levko Koper"
186,"Los Angeles Kings","Jordan Nolan","CA","C",20,2019,"Soo Greyhounds (OHL)",375,24,28,52,-24,347,2.1,"2009","2009-Jordan Nolan"
187,"Vancouver Canucks","Steven Anthony","CA","LW",18,NA,"Saint John Sea Dogs (QMJHL)",0,0,0,0,0,0,0,"2009","2009-Steven Anthony"
188,"Toronto Maple Leafs","Barron Smith","US","D",18,NA,"Peterborough Petes (OHL)",0,0,0,0,0,0,0,"2009","2009-Barron Smith"
189,"San Jose Sharks","Marek Viedensky","SK","C",19,NA,"Prince George Cougars (WHL)",0,0,0,0,0,0,0,"2009","2009-Marek Viedensky"
190,"Ottawa Senators","Brad Peltz","US","LW",19,NA,"Avon Old Farms School (High-CT)",0,0,0,0,0,0,0,"2009","2009-Brad Peltz"
191,"Ottawa Senators","Michael Sdao","US","D",20,NA,"Lincoln Stars (USHL)",0,0,0,0,0,0,0,"2009","2009-Michael Sdao"
192,"Nashville Predators","Cam Reid","CA","C",18,NA,"Westside (BCHL)",0,0,0,0,0,0,0,"2009","2009-Cam Reid"
193,"Minnesota Wild","Anthony Hamburg","US","C",18,NA,"Dallas (T1EHL 18U)",0,0,0,0,0,0,0,"2009","2009-Anthony Hamburg"
194,"Buffalo Sabres","Maxime Legault","CA","RW",20,NA,"Shawinigan Cataractes (QMJHL)",0,0,0,0,0,0,0,"2009","2009-Maxime Legault"
195,"Chicago Blackhawks","Paul Phillips","US","D",18,NA,"Cedar Rapids Roughriders (USHL)",0,0,0,0,0,0,0,"2009","2009-Paul Phillips"
196,"Philadelphia Flyers","Oliver Lauridsen","DK","D",20,2015,"St. Cloud State (WCHA)",16,2,1,3,-1,44,0.8,"2009","2009-Oliver Lauridsen"
197,"Columbus Blue Jackets","Kyle Neuber","CA","RW",20,NA,"Mississauga St. Michael's Majors (OHL)",0,0,0,0,0,0,0,"2009","2009-Kyle Neuber"
198,"Los Angeles Kings","Nic Dowd","US","C",19,2026,"Wenatchee Wild (NAHL)",597,85,95,180,22,313,14.6,"2009","2009-Nic Dowd"
199,"Montreal Canadiens","Michael Cichy","US","C",19,NA,"Indiana Ice (USHL)",0,0,0,0,0,0,0,"2009","2009-Michael Cichy"
200,"New York Rangers","Mikhail Pashnin","RU","D",20,NA,"Mechel Chelyabinsk (Russia-2)",0,0,0,0,0,0,0,"2009","2009-Mikhail Pashnin"
201,"Calgary Flames","Gaelan Patterson","CA","C",19,NA,"Saskatoon Blades (WHL)",0,0,0,0,0,0,0,"2009","2009-Gaelan Patterson"
202,"St. Louis Blues","Max Tardy","US","C",18,NA,"Duluth East HS (High-MN)",0,0,0,0,0,0,0,"2009","2009-Max Tardy"
203,"Atlanta Thrashers","Jordan Samuels-Thomas","US","LW",19,NA,"Waterloo Black Hawks (USHL)",0,0,0,0,0,0,0,"2009","2009-Jordan Samuels-Thomas"
204,"New Jersey Devils","Curtis Gedig","CA","D",18,NA,"Cowichan Valley (BCHL)",0,0,0,0,0,0,0,"2009","2009-Curtis Gedig"
205,"Washington Capitals","Benjamin Casavant","CA","LW",18,NA,"Prince Edward Island Rocket (QMJHL)",0,0,0,0,0,0,0,"2009","2009-Benjamin Casavant"
206,"Boston Bruins","Ben Sexton","CA","C",18,2018,"Nepean (CJHL)",2,0,0,0,-1,0,-0.1,"2009","2009-Ben Sexton"
207,"San Jose Sharks","Dominik Bielke","DE","D",18,NA,"Eisbaren Berlin (Germany)",0,0,0,0,0,0,0,"2009","2009-Dominik Bielke"
208,"Carolina Hurricanes","Tommi Kivisto","FI","D",18,NA,"Red Deer Rebels (WHL)",0,0,0,0,0,0,0,"2009","2009-Tommi Kivisto"
209,"Chicago Blackhawks","David Gilbert","CA","C",18,NA,"Quebec Remparts (QMJHL)",0,0,0,0,0,0,0,"2009","2009-David Gilbert"
210,"Detroit Red Wings","Adam Almqvist","SE","D",18,2014,"HV71 Jr. (Sweden Jr.)",2,1,0,1,-1,0,0.2,"2009","2009-Adam Almqvist"
NA,"","","","",NA,NA,"",0,0,0,0,0,0,0,"2009","2009-"
1,"Edmonton Oilers","Taylor Hall","CA","LW",18,2026,"Windsor Spitfires (OHL)",927,288,461,749,-39,492,82.9,"2010","2010-Taylor Hall"
2,"Boston Bruins","Tyler Seguin","CA","C",18,2026,"Plymouth Whalers (OHL)",1008,367,452,819,91,309,99.2,"2010","2010-Tyler Seguin"
3,"Florida Panthers","Erik Gudbranson","CA","D",18,2026,"Kingston Frontenacs (OHL)",809,34,103,137,-126,851,21.6,"2010","2010-Erik Gudbranson"
4,"Columbus Blue Jackets","Ryan Johansen","CA","C",18,2024,"Portland Winterhawks (WHL)",905,202,376,578,-11,546,56,"2010","2010-Ryan Johansen"
5,"New York Islanders","Nino Niederreiter","CH","RW",18,2026,"Portland Winterhawks (WHL)",987,244,247,491,87,440,55.5,"2010","2010-Nino Niederreiter"
6,"Tampa Bay Lightning","Brett Connolly","CA","RW",18,2022,"Prince George Cougars (WHL)",536,101,94,195,9,241,19.3,"2010","2010-Brett Connolly"
7,"Carolina Hurricanes","Jeff Skinner","CA","C",18,2026,"Kitchener Rangers (OHL)",1095,377,329,706,-133,483,80.4,"2010","2010-Jeff Skinner"
8,"Atlanta Thrashers","Alexander Burmistrov","RU","C",18,2018,"Barrie Colts (OHL)",348,37,64,101,-31,139,4.9,"2010","2010-Alexander Burmistrov"
9,"Minnesota Wild","Mikael Granlund","FI","C",18,2026,"HIFK (Finland)",911,182,437,619,-23,281,54.7,"2010","2010-Mikael Granlund"
10,"New York Rangers","Dylan McIlrath","CA","D",18,2026,"Moose Jaw Warriors (WHL)",93,3,6,9,-6,161,1.9,"2010","2010-Dylan McIlrath"
12,"Anaheim Ducks","Cam Fowler","CA","D",18,2026,"Windsor Spitfires (OHL)",1061,105,396,501,-120,273,77.8,"2010","2010-Cam Fowler"
13,"Phoenix Coyotes","Brandon Gormley","CA","D",18,2016,"Moncton Wildcats (QMJHL)",58,2,3,5,-6,20,1.2,"2010","2010-Brandon Gormley"
14,"St. Louis Blues","Jaden Schwartz","CA","C",18,2026,"Tri-City Storm (USHL)",829,229,312,541,31,245,58.5,"2010","2010-Jaden Schwartz"
15,"Los Angeles Kings","Derek Forbort","US","D",18,2026,"USA U-18 Development Team (USDP/USHL)",552,19,87,106,23,346,27.1,"2010","2010-Derek Forbort"
16,"St. Louis Blues","Vladimir Tarasenko","RU","RW",18,2026,"Sibir Novosibirks (Russia)",849,306,366,672,55,203,81.2,"2010","2010-Vladimir Tarasenko"
17,"Colorado Avalanche","Joey Hishon","CA","C",18,2015,"Owen Sound Attack (OHL)",13,1,1,2,-1,0,0.1,"2010","2010-Joey Hishon"
18,"Nashville Predators","Austin Watson","US","LW",18,2025,"Peterborough Petes (OHL)",528,63,58,121,-2,722,9,"2010","2010-Austin Watson"
19,"Florida Panthers","Nick Bjugstad","US","C",18,2026,"Blaine HS (High-MN)",778,161,174,335,-16,354,31.6,"2010","2010-Nick Bjugstad"
20,"Pittsburgh Penguins","Beau Bennett","US","RW",18,2018,"Penticton (BCHL)",200,24,40,64,-2,52,5.7,"2010","2010-Beau Bennett"
21,"Detroit Red Wings","Riley Sheahan","CA","C",18,2023,"Notre Dame (CCHA)",637,74,120,194,-54,97,12.3,"2010","2010-Riley Sheahan"
22,"Montreal Canadiens","Jarred Tinordi","US","D",18,2024,"USA U-18 Development Team (USDP/USHL)",205,4,26,30,-63,234,2.6,"2010","2010-Jarred Tinordi"
23,"Buffalo Sabres","Mark Pysyk","CA","D",18,2022,"Edmonton Oil Kings (WHL)",521,28,76,104,-18,162,22,"2010","2010-Mark Pysyk"
24,"Chicago Blackhawks","Kevin Hayes","US","RW",18,2026,"Noble & Greenough School (High-MA)",780,181,257,438,-37,225,42.3,"2010","2010-Kevin Hayes"
25,"Florida Panthers","Quinton Howden","CA","C",18,2017,"Moose Jaw Warriors (WHL)",97,10,7,17,-11,30,0.8,"2010","2010-Quinton Howden"
26,"Washington Capitals","Evgeny Kuznetsov","RU","C",18,2024,"Traktor Chelyabinsk (Russia)",743,173,402,575,38,394,56.9,"2010","2010-Evgeny Kuznetsov"
28,"San Jose Sharks","Charlie Coyle","US","C/RW",18,2026,"South Shore (EJHL)",968,192,305,497,48,355,46.9,"2010","2010-Charlie Coyle"
29,"Anaheim Ducks","Emerson Etem","US","RW",18,2017,"Medicine Hat Tigers (WHL)",173,22,24,46,-7,30,3.5,"2010","2010-Emerson Etem"
30,"New York Islanders","Brock Nelson","US","C",18,2026,"Warroad HS (High-MN)",938,305,289,594,24,332,67.2,"2010","2010-Brock Nelson"
31,"Edmonton Oilers","Tyler Pitlick","US","C",18,2026,"Minnesota State (WCHA)",429,56,53,109,-9,124,8.5,"2010","2010-Tyler Pitlick"
32,"Boston Bruins","Jared Knight","US","C",18,NA,"London Knights (OHL)",0,0,0,0,0,0,0,"2010","2010-Jared Knight"
33,"Florida Panthers","John McFarland","CA","LW",18,2016,"Sudbury Wolves (OHL)",3,0,0,0,-1,0,-0.1,"2010","2010-John McFarland"
34,"Columbus Blue Jackets","Dalton Smith","CA","LW",18,2020,"Ottawa 67's (OHL)",1,0,0,0,1,2,0,"2010","2010-Dalton Smith"
35,"Chicago Blackhawks","Ludvig Rensfeldt","SE","LW",18,NA,"Brynas IF Jr. (Sweden Jr.)",0,0,0,0,0,0,0,"2010","2010-Ludvig Rensfeldt"
36,"Florida Panthers","Alex Petrovic","CA","D",18,2026,"Red Deer Rebels (WHL)",286,6,49,55,-11,385,9.9,"2010","2010-Alex Petrovic"
37,"Carolina Hurricanes","Justin Faulk","US","D",18,2026,"USA U-18 Development Team (USDP/USHL)",999,134,334,468,-68,482,80.5,"2010","2010-Justin Faulk"
38,"New Jersey Devils","Jon Merrill","US","D",18,2025,"USA U-18 Development Team (USDP/USHL)",682,24,91,115,-13,321,25,"2010","2010-Jon Merrill"
39,"Minnesota Wild","Brett Bulmer","CA","RW",18,2016,"Kelowna Rockets (WHL)",17,0,3,3,-2,15,0,"2010","2010-Brett Bulmer"
40,"New York Rangers","Christian Thomas","CA","RW",18,2016,"Oshawa Generals (OHL)",27,1,2,3,-2,9,0,"2010","2010-Christian Thomas"
41,"Dallas Stars","Patrik Nemeth","SE","D",18,2023,"AIK (Sweden-2)",504,10,60,70,3,240,17,"2010","2010-Patrik Nemeth"
42,"Anaheim Ducks","Devante Smith-Pelly","CA","RW",18,2019,"Mississauga St. Michael's Majors (OHL)",395,44,57,101,-41,137,5.9,"2010","2010-Devante Smith-Pelly"
43,"Toronto Maple Leafs","Brad Ross","CA","LW",18,NA,"Portland Winterhawks (WHL)",0,0,0,0,0,0,0,"2010","2010-Brad Ross"
44,"St. Louis Blues","Sebastian Wannstrom","SE","RW",19,NA,"Brynas IF Jr. (Sweden Jr.)",0,0,0,0,0,0,0,"2010","2010-Sebastian Wannstrom"
45,"Boston Bruins","Ryan Spooner","CA","C",18,2019,"Peterborough Petes (OHL)",325,48,119,167,-21,63,15.2,"2010","2010-Ryan Spooner"
46,"Edmonton Oilers","Martin Marincin","SK","D",18,2020,"HK Orange 20 (Slovakia)",227,5,29,34,-13,110,6.6,"2010","2010-Martin Marincin"
47,"Los Angeles Kings","Tyler Toffoli","CA","C",18,2026,"Ottawa 67's (OHL)",909,295,291,586,68,246,70.9,"2010","2010-Tyler Toffoli"
48,"Edmonton Oilers","Curtis Hamilton","US","LW",18,2015,"Saskatoon Blades (WHL)",1,0,0,0,0,5,0,"2010","2010-Curtis Hamilton"
50,"Florida Panthers","Connor Brickley","US","C",18,2019,"Des Moines Buccaneers (USHL)",81,6,15,21,-2,42,1.3,"2010","2010-Connor Brickley"
51,"Detroit Red Wings","Calle Jarnkrok","SE","C",18,2026,"Brynas IF (Sweden)",731,141,171,312,66,159,30.6,"2010","2010-Calle Jarnkrok"
52,"Phoenix Coyotes","Phil Lane","US","RW",18,NA,"Brampton Battalion (OHL)",0,0,0,0,0,0,0,"2010","2010-Phil Lane"
53,"Carolina Hurricanes","Mark Alt","US","D",18,2021,"Cretin-Derham Hall (High-MN)",20,0,0,0,-2,4,0,"2010","2010-Mark Alt"
54,"Chicago Blackhawks","Justin Holl","US","D",18,2025,"Minnetonka HS (High-MN)",396,13,82,95,59,188,19.7,"2010","2010-Justin Holl"
55,"Columbus Blue Jackets","Petr Straka","CZ","RW",18,2015,"Rimouski Oceanic (QMJHL)",3,0,2,2,1,0,0.2,"2010","2010-Petr Straka"
56,"Minnesota Wild","Johan Larsson","SE","LW",18,2022,"Brynas IF Jr. (Sweden Jr.)",488,53,79,132,-58,246,6.7,"2010","2010-Johan Larsson"
57,"Phoenix Coyotes","Oscar Lindberg","SE","C",18,2019,"Skelleftea AIK (Sweden)",252,39,40,79,7,117,7.8,"2010","2010-Oscar Lindberg"
59,"Minnesota Wild","Jason Zucker","US","LW",18,2026,"USA U-18 Development Team (USDP/USHL)",782,221,209,430,-6,398,46.5,"2010","2010-Jason Zucker"
60,"Chicago Blackhawks","Stephen Johns","US","D",18,2020,"USA U-18 Development Team (USDP/USHL)",167,15,18,33,-6,93,6.9,"2010","2010-Stephen Johns"
61,"Edmonton Oilers","Ryan Martindale","CA","C",18,NA,"Ottawa 67's (OHL)",0,0,0,0,0,0,0,"2010","2010-Ryan Martindale"
62,"Toronto Maple Leafs","Greg McKegg","CA","C",18,2022,"Erie Otters (OHL)",233,21,18,39,-24,65,1.4,"2010","2010-Greg McKegg"
63,"Tampa Bay Lightning","Brock Beukeboom","US","D",18,NA,"Soo Greyhounds (OHL)",0,0,0,0,0,0,0,"2010","2010-Brock Beukeboom"
64,"Calgary Flames","Max Reinhart","CA","C",18,2015,"Kootenay Ice (WHL)",23,1,4,5,-5,6,0,"2010","2010-Max Reinhart"
65,"New York Islanders","Kirill Kabanov","RU","LW",18,NA,"Moncton Wildcats (QMJHL)",0,0,0,0,0,0,0,"2010","2010-Kirill Kabanov"
66,"Tampa Bay Lightning","Radko Gudas","CZ","D",20,2026,"Everett Silvertips (WHL)",836,40,160,200,86,1059,40.8,"2010","2010-Radko Gudas"
67,"Carolina Hurricanes","Danny Biega","CA","D",18,2015,"Harvard (ECAC)",10,0,2,2,-5,0,0.1,"2010","2010-Danny Biega"
68,"Buffalo Sabres","Jerome Gauthier-Leduc","CA","D",18,NA,"Rouyn-Noranda Huskies (QMJHL)",0,0,0,0,0,0,0,"2010","2010-Jerome Gauthier-Leduc"
69,"Florida Panthers","Joe Basaraba","CA","RW",18,NA,"Shattuck-St. Mary's School (High-MN)",0,0,0,0,0,0,0,"2010","2010-Joe Basaraba"
70,"Los Angeles Kings","Jordan Weal","CA","C",18,2020,"Regina Pats (WHL)",218,32,37,69,-20,56,4.9,"2010","2010-Jordan Weal"
71,"Colorado Avalanche","Michael Bournival","CA","LW",18,2018,"Shawinigan Cataractes (QMJHL)",113,12,10,22,-6,24,1.8,"2010","2010-Michael Bournival"
72,"Tampa Bay Lightning","Adam Janosik","SK","D",18,NA,"Gatineau Olympiques (QMJHL)",0,0,0,0,0,0,0,"2010","2010-Adam Janosik"
73,"Calgary Flames","Joey Leach","CA","D",18,NA,"Kootenay Ice (WHL)",0,0,0,0,0,0,0,"2010","2010-Joey Leach"
74,"St. Louis Blues","Max Gardiner","US","C",18,NA,"Minnetonka HS (High-MN)",0,0,0,0,0,0,0,"2010","2010-Max Gardiner"
75,"Buffalo Sabres","Kevin Sundher","CA","C",18,NA,"Chilliwack Bruins (WHL)",0,0,0,0,0,0,0,"2010","2010-Kevin Sundher"
76,"Ottawa Senators","Jakub Culek","CZ","LW",18,NA,"Rimouski Oceanic (QMJHL)",0,0,0,0,0,0,0,"2010","2010-Jakub Culek"
77,"Dallas Stars","Alexander Guptill","CA","LW",18,NA,"Orangeville (OJHL)",0,0,0,0,0,0,0,"2010","2010-Alexander Guptill"
78,"Nashville Predators","Taylor Aronson","US","D",18,NA,"Portland Winterhawks (WHL)",0,0,0,0,0,0,0,"2010","2010-Taylor Aronson"
79,"Toronto Maple Leafs","Sondre Olden","NO","C",18,NA,"MODO Hockey Jr. (Sweden Jr.)",0,0,0,0,0,0,0,"2010","2010-Sondre Olden"
80,"Pittsburgh Penguins","Bryan Rust","US","RW",18,2026,"USA U-18 Development Team (USDP/USHL)",654,208,244,452,37,211,47.9,"2010","2010-Bryan Rust"
81,"Detroit Red Wings","Louis-Marc Aubry","CA","C",18,NA,"Montreal Juniors (QMJHL)",0,0,0,0,0,0,0,"2010","2010-Louis-Marc Aubry"
82,"New York Islanders","Jason Clark","US","C/LW",18,NA,"Shattuck-St. Mary's School (High-MN)",0,0,0,0,0,0,0,"2010","2010-Jason Clark"
83,"Buffalo Sabres","Matt MacKenzie","CA","D",18,NA,"Calgary Hitmen (WHL)",0,0,0,0,0,0,0,"2010","2010-Matt MacKenzie"
85,"Carolina Hurricanes","Austin Levi","US","D",18,NA,"Plymouth Whalers (OHL)",0,0,0,0,0,0,0,"2010","2010-Austin Levi"
86,"Washington Capitals","Stanislav Galiev","RU","RW",18,2016,"Saint John Sea Dogs (QMJHL)",26,1,3,4,3,4,0.3,"2010","2010-Stanislav Galiev"
87,"Atlanta Thrashers","Julian Melchiori","CA","D",18,2017,"Newmarket (OJHL)",30,0,2,2,0,8,0.4,"2010","2010-Julian Melchiori"
88,"San Jose Sharks","Max Gaede","US","RW",18,NA,"Woodbury HS (High-MN)",0,0,0,0,0,0,0,"2010","2010-Max Gaede"
89,"Philadelphia Flyers","Michael Chaput","CA","C",18,2021,"Lewiston MAINEiacs (QMJHL)",182,6,16,22,-34,88,-1.4,"2010","2010-Michael Chaput"
90,"Chicago Blackhawks","Joakim Nordstrom","SE","C",18,2021,"AIK Jr. (Sweden Jr.)",444,32,43,75,-34,77,1.5,"2010","2010-Joakim Nordstrom"
91,"Edmonton Oilers","Jeremie Blain","CA","D",18,NA,"Acadie-Bathurst Titan (QMJHL)",0,0,0,0,0,0,0,"2010","2010-Jeremie Blain"
93,"Florida Panthers","Ben Gallacher","CA","D",18,NA,"Camrose (AJHL)",0,0,0,0,0,0,0,"2010","2010-Ben Gallacher"
94,"Columbus Blue Jackets","Brandon Archibald","US","D",18,NA,"Soo Greyhounds (OHL)",0,0,0,0,0,0,0,"2010","2010-Brandon Archibald"
95,"Colorado Avalanche","Stephen Silas","CA","D",18,NA,"Belleville Bulls (OHL)",0,0,0,0,0,0,0,"2010","2010-Stephen Silas"
96,"Tampa Bay Lightning","Geoffrey Schemitsch","CA","D",18,NA,"Owen Sound Attack (OHL)",0,0,0,0,0,0,0,"2010","2010-Geoffrey Schemitsch"
97,"Boston Bruins","Craig Cunningham","CA","LW",20,2016,"Vancouver Giants (WHL)",63,3,5,8,-8,6,-0.2,"2010","2010-Craig Cunningham"
98,"Buffalo Sabres","Steven Shipley","CA","C",18,NA,"Owen Sound Attack (OHL)",0,0,0,0,0,0,0,"2010","2010-Steven Shipley"
99,"Florida Panthers","Joonas Donskoi","FI","RW",18,2022,"Karpat (Finland)",474,80,128,208,25,116,19.2,"2010","2010-Joonas Donskoi"
100,"New York Rangers","Andrew Yogan","US","C/LW",18,NA,"Erie Otters (OHL)",0,0,0,0,0,0,0,"2010","2010-Andrew Yogan"
101,"Atlanta Thrashers","Ivan Telegin","RU","LW",18,NA,"Saginaw Spirit (OHL)",0,0,0,0,0,0,0,"2010","2010-Ivan Telegin"
103,"Calgary Flames","John Ramage","CA","D",19,2016,"Wisconsin (WCHA)",2,0,0,0,-3,0,-0.2,"2010","2010-John Ramage"
104,"St. Louis Blues","Jani Hakanpaa","FI","D",18,2025,"Kiekko-Vantaa Jr. (Finland Jr.)",290,15,30,45,33,173,13.7,"2010","2010-Jani Hakanpaa"
105,"Carolina Hurricanes","Justin Shugg","CA","LW",18,2015,"Windsor Spitfires (OHL)",3,0,0,0,0,2,0,"2010","2010-Justin Shugg"
106,"Ottawa Senators","Marcus Sorensen","SE","RW",18,2021,"Sodertalje SK Jr. (Sweden Jr.)",226,31,33,64,-13,74,4.5,"2010","2010-Marcus Sorensen"
108,"Calgary Flames","Bill Arnold","US","C",18,2014,"USA U-18 Development Team (USDP/USHL)",1,0,0,0,-1,0,-0.1,"2010","2010-Bill Arnold"
109,"Dallas Stars","Alex Theriau","CA","D",18,NA,"Everett Silvertips (WHL)",0,0,0,0,0,0,0,"2010","2010-Alex Theriau"
110,"Pittsburgh Penguins","Tom Kuhnhackl","DE","C",18,2020,"Landshut (Germany-2)",232,18,36,54,2,60,3.2,"2010","2010-Tom Kuhnhackl"
111,"Detroit Red Wings","Teemu Pulkkinen","FI","LW",18,2017,"Jokerit Jr. (Finland Jr.)",83,13,9,22,5,32,2.6,"2010","2010-Teemu Pulkkinen"
113,"Montreal Canadiens","Mark MacMillan","CA","F",18,NA,"Alberni Valley (BCHL)",0,0,0,0,0,0,0,"2010","2010-Mark MacMillan"
114,"New Jersey Devils","Joe Faust","US","D",18,NA,"Bloomington Jefferson HS (High-MN)",0,0,0,0,0,0,0,"2010","2010-Joe Faust"
115,"Vancouver Canucks","Patrick McNally","US","D",18,NA,"Milton Academy (High-MA)",0,0,0,0,0,0,0,"2010","2010-Patrick McNally"
116,"Toronto Maple Leafs","Petter Granberg","SE","D",18,2017,"Skelleftea AIK Jr. (Sweden Jr.)",45,0,2,2,2,29,0.9,"2010","2010-Petter Granberg"
117,"Montreal Canadiens","Morgan Ellis","CA","D",18,2016,"Cape Breton Screaming Eagles (QMJHL)",3,0,0,0,0,2,0,"2010","2010-Morgan Ellis"
118,"Tampa Bay Lightning","Jimmy Mullin","US","RW",18,NA,"Shattuck-St. Mary's School (High-MN)",0,0,0,0,0,0,0,"2010","2010-Jimmy Mullin"
119,"Philadelphia Flyers","Tye McGinn","CA","LW",20,2016,"Gatineau Olympiques (QMJHL)",89,9,8,17,-1,44,1.3,"2010","2010-Tye McGinn"
120,"Chicago Blackhawks","Rob Flick","CA","C",19,NA,"Mississauga St. Michael's Majors (OHL)",0,0,0,0,0,0,0,"2010","2010-Rob Flick"
122,"Anaheim Ducks","Chris Wagner","US","C",19,2025,"South Shore (EJHL)",401,39,27,66,-32,218,2.2,"2010","2010-Chris Wagner"
123,"Florida Panthers","Zach Hyman","CA","C",18,2026,"Hamilton (OJHL)",654,230,214,444,122,356,49.5,"2010","2010-Zach Hyman"
124,"Columbus Blue Jackets","Austin Madaisky","CA","D",18,NA,"Kamloops Blazers (WHL)",0,0,0,0,0,0,0,"2010","2010-Austin Madaisky"
125,"New York Islanders","Tony Dehart","US","D",20,NA,"Oshawa Generals (OHL)",0,0,0,0,0,0,0,"2010","2010-Tony Dehart"
126,"Nashville Predators","Patrick Cehlin","SE","RW",19,NA,"Djurgardens IF (Sweden)",0,0,0,0,0,0,0,"2010","2010-Patrick Cehlin"
127,"San Jose Sharks","Cody Ferriero","US","C",18,NA,"Governor's Academy (High-MA)",0,0,0,0,0,0,0,"2010","2010-Cody Ferriero"
129,"San Jose Sharks","Freddie Hamilton","CA","C",18,2018,"Niagara IceDogs (OHL)",75,4,2,6,-9,12,-0.4,"2010","2010-Freddie Hamilton"
130,"New York Rangers","Jason Wilson","CA","LW",20,NA,"Owen Sound Attack (OHL)",0,0,0,0,0,0,0,"2010","2010-Jason Wilson"
131,"Dallas Stars","John Klingberg","SE","D",18,2026,"Frolunda HC Jr. (Sweden Jr.)",657,84,337,421,-45,273,64.2,"2010","2010-John Klingberg"
132,"Anaheim Ducks","Tim Heed","SE","D",19,2020,"Sodertalje SK (Sweden)",105,6,23,29,-1,20,5,"2010","2010-Tim Heed"
133,"Calgary Flames","Micheal Ferland","CA","LW",18,2020,"Brandon Wheat Kings (WHL)",335,60,74,134,0,200,13.1,"2010","2010-Micheal Ferland"
134,"St. Louis Blues","Cody Beach","CA","RW",18,NA,"Calgary Hitmen (WHL)",0,0,0,0,0,0,0,"2010","2010-Cody Beach"
135,"Boston Bruins","Justin Florek","US","LW",20,2014,"Northern Michigan (CCHA)",4,1,1,2,1,0,0.3,"2010","2010-Justin Florek"
136,"San Jose Sharks","Isaac MacLeod","CA","D",18,NA,"Penticton (BCHL)",0,0,0,0,0,0,0,"2010","2010-Isaac MacLeod"
137,"Colorado Avalanche","Troy Rutkowski","CA","D",18,NA,"Portland Winterhawks (WHL)",0,0,0,0,0,0,0,"2010","2010-Troy Rutkowski"
139,"Colorado Avalanche","Luke Walker","US","RW",20,NA,"Portland Winterhawks (WHL)",0,0,0,0,0,0,0,"2010","2010-Luke Walker"
140,"Pittsburgh Penguins","Kenny Agostino","US","LW",18,2021,"Delbarton School (High-NJ)",86,8,22,30,-8,40,1.9,"2010","2010-Kenny Agostino"
142,"Washington Capitals","Caleb Herbert","US","C",18,NA,"Bloomington Jefferson HS (High-MN)",0,0,0,0,0,0,0,"2010","2010-Caleb Herbert"
143,"Buffalo Sabres","Gregg Sutch","CA","RW",18,NA,"Mississauga St. Michael's Majors (OHL)",0,0,0,0,0,0,0,"2010","2010-Gregg Sutch"
144,"Toronto Maple Leafs","Sam Carrick","CA","C",18,2026,"Brampton Battalion (OHL)",339,35,43,78,-34,389,3.6,"2010","2010-Sam Carrick"
145,"Vancouver Canucks","Adam Polasek","CZ","D",19,NA,"Prince Edward Island Rocket (QMJHL)",0,0,0,0,0,0,0,"2010","2010-Adam Polasek"
146,"Toronto Maple Leafs","Daniel Brodin","SE","LW",20,NA,"Djurgardens IF (Sweden)",0,0,0,0,0,0,0,"2010","2010-Daniel Brodin"
147,"Montreal Canadiens","Brendan Gallagher","CA","RW",18,2026,"Vancouver Giants (WHL)",852,239,232,471,26,563,54.6,"2010","2010-Brendan Gallagher"
148,"Los Angeles Kings","Kevin Gravel","US","D",18,2025,"Sioux City Musketeers (USHL)",138,1,14,15,-9,16,3.6,"2010","2010-Kevin Gravel"
149,"Philadelphia Flyers","Michael Parks","US","RW",18,NA,"Cedar Rapids Roughriders (USHL)",0,0,0,0,0,0,0,"2010","2010-Michael Parks"
150,"Atlanta Thrashers","Yasin Cisse","CA","RW",18,NA,"Des Moines Buccaneers (USHL)",0,0,0,0,0,0,0,"2010","2010-Yasin Cisse"
151,"Chicago Blackhawks","Mirko Hoefflin","DE","C",18,NA,"Heilbronner Falken (Germany-2)",0,0,0,0,0,0,0,"2010","2010-Mirko Hoefflin"
152,"Pittsburgh Penguins","Joe Rogalski","US","D",18,NA,"Sarnia Sting (OHL)",0,0,0,0,0,0,0,"2010","2010-Joe Rogalski"
153,"Florida Panthers","Corey Durocher","CA","LW",18,NA,"Kingston Frontenacs (OHL)",0,0,0,0,0,0,0,"2010","2010-Corey Durocher"
154,"Columbus Blue Jackets","Dalton Prout","CA","D",20,2020,"Barrie Colts (OHL)",264,7,31,38,-13,321,7.5,"2010","2010-Dalton Prout"
155,"Atlanta Thrashers","Kendall McFaull","CA","D",18,NA,"Moose Jaw Warriors (WHL)",0,0,0,0,0,0,0,"2010","2010-Kendall McFaull"
156,"Tampa Bay Lightning","Brendan O'Donnell","CA","C",18,NA,"Winnipeg South (MJHL)",0,0,0,0,0,0,0,"2010","2010-Brendan O'Donnell"
157,"New York Rangers","Jesper Fast","SE","RW",18,2024,"HV71 Jr. (Sweden Jr.)",703,91,157,248,41,166,19.2,"2010","2010-Jesper Fast"
158,"Los Angeles Kings","Maxim Kitsyn","RU","LW",18,NA,"Metallurg Novokuznetsk (Russia)",0,0,0,0,0,0,0,"2010","2010-Maxim Kitsyn"
160,"Atlanta Thrashers","Tanner Lane","US","C",18,NA,"Detroit Lakes HS (High-MN)",0,0,0,0,0,0,0,"2010","2010-Tanner Lane"
161,"Anaheim Ducks","Andreas Dahlstrom","SE","C",19,NA,"AIK (Sweden-2)",0,0,0,0,0,0,0,"2010","2010-Andreas Dahlstrom"
162,"Edmonton Oilers","Brandon Davidson","CA","D",19,2021,"Regina Pats (WHL)",180,9,14,23,-24,82,4.3,"2010","2010-Brandon Davidson"
163,"San Jose Sharks","Konrad Abeltshauser","DE","D",18,NA,"Halifax Mooseheads (QMJHL)",0,0,0,0,0,0,0,"2010","2010-Konrad Abeltshauser"
164,"St. Louis Blues","Stephen Macaulay","CA","LW",18,NA,"Saint John Sea Dogs (QMJHL)",0,0,0,0,0,0,0,"2010","2010-Stephen Macaulay"
166,"Edmonton Oilers","Drew Czerwonka","CA","LW",18,NA,"Kootenay Ice (WHL)",0,0,0,0,0,0,0,"2010","2010-Drew Czerwonka"
167,"Carolina Hurricanes","Tyler Stahl","CA","D",18,NA,"Chilliwack Bruins (WHL)",0,0,0,0,0,0,0,"2010","2010-Tyler Stahl"
168,"Nashville Predators","Anthony Bitetto","US","D",20,2021,"Indiana Ice (USHL)",197,3,28,31,-15,142,4.7,"2010","2010-Anthony Bitetto"
169,"Atlanta Thrashers","Sebastian Owuya","SE","D",18,NA,"Timra IK Jr. (Sweden Jr.)",0,0,0,0,0,0,0,"2010","2010-Sebastian Owuya"
170,"Pittsburgh Penguins","Reid McNeill","CA","D",18,NA,"London Knights (OHL)",0,0,0,0,0,0,0,"2010","2010-Reid McNeill"
171,"Detroit Red Wings","Brooks Macek","CA","C",18,NA,"Tri-City Americans (WHL)",0,0,0,0,0,0,0,"2010","2010-Brooks Macek"
172,"Vancouver Canucks","Alex Friesen","CA","C",19,2016,"Niagara IceDogs (OHL)",1,0,0,0,-2,0,-0.1,"2010","2010-Alex Friesen"
173,"Buffalo Sabres","Cedrick Henley","CA","LW",18,NA,"Val-d'Or Foreurs (QMJHL)",0,0,0,0,0,0,0,"2010","2010-Cedrick Henley"
176,"Washington Capitals","Samuel Carrier","CA","D",18,NA,"Lewiston MAINEiacs (QMJHL)",0,0,0,0,0,0,0,"2010","2010-Samuel Carrier"
177,"Anaheim Ducks","Kevin Lind","US","D",18,NA,"Chicago Steel (USHL)",0,0,0,0,0,0,0,"2010","2010-Kevin Lind"
178,"Ottawa Senators","Mark Stone","CA","RW",18,2026,"Brandon Wheat Kings (WHL)",712,233,414,647,143,229,73.9,"2010","2010-Mark Stone"
179,"Philadelphia Flyers","Nick Luukko","US","D",18,NA,"The Gunnery (High-CT)",0,0,0,0,0,0,0,"2010","2010-Nick Luukko"
180,"Chicago Blackhawks","Nick Mattson","US","D",18,NA,"Indiana Ice (USHL)",0,0,0,0,0,0,0,"2010","2010-Nick Mattson"
181,"Edmonton Oilers","Kristians Pelss","LV","LW",18,NA,"Dinamo Juniors Riga (Belarus)",0,0,0,0,0,0,0,"2010","2010-Kristians Pelss"
182,"Toronto Maple Leafs","Josh Nicholls","CA","RW",18,NA,"Saskatoon Blades (WHL)",0,0,0,0,0,0,0,"2010","2010-Josh Nicholls"
183,"Florida Panthers","R.J. Boyd","US","D",19,NA,"Cushing Academy (High-MA)",0,0,0,0,0,0,0,"2010","2010-R.J. Boyd"
188,"San Jose Sharks","Lee Moffie","US","D",20,NA,"Michigan (CCHA)",0,0,0,0,0,0,0,"2010","2010-Lee Moffie"
189,"Minnesota Wild","Dylen McKinlay","CA","RW",18,NA,"Chilliwack Bruins (WHL)",0,0,0,0,0,0,0,"2010","2010-Dylen McKinlay"
190,"New York Rangers","Randy McNaught","CA","RW",20,NA,"Saskatoon Blades (WHL)",0,0,0,0,0,0,0,"2010","2010-Randy McNaught"
192,"Anaheim Ducks","Brett Perlini","CA","C",20,NA,"Michigan State (CCHA)",0,0,0,0,0,0,0,"2010","2010-Brett Perlini"
193,"Calgary Flames","Patrick Holland","CA","RW",18,2014,"Tri-City Americans (WHL)",5,0,0,0,0,0,-0.1,"2010","2010-Patrick Holland"
194,"Nashville Predators","David Elsner","DE","LW",18,NA,"Landshut (Germany-2)",0,0,0,0,0,0,0,"2010","2010-David Elsner"
195,"Boston Bruins","Maxim Chudinov","RU","D",20,NA,"Severstal Cherepovets (Russia)",0,0,0,0,0,0,0,"2010","2010-Maxim Chudinov"
196,"Ottawa Senators","Bryce Aneloski","US","D",20,NA,"Cedar Rapids Roughriders (USHL)",0,0,0,0,0,0,0,"2010","2010-Bryce Aneloski"
197,"Colorado Avalanche","Luke Moffatt","US","C",18,NA,"USA U-18 Development Team (USDP/USHL)",0,0,0,0,0,0,0,"2010","2010-Luke Moffatt"
198,"Nashville Predators","Joonas Rask","FI","C",20,2013,"Ilves (Finland)",2,0,1,1,-1,0,0,"2010","2010-Joonas Rask"
199,"Atlanta Thrashers","Peter Stoykewych","CA","D",18,NA,"Winnipeg South (MJHL)",0,0,0,0,0,0,0,"2010","2010-Peter Stoykewych"
200,"San Jose Sharks","Chris Crane","US","RW",18,NA,"Green Bay Gamblers (USHL)",0,0,0,0,0,0,0,"2010","2010-Chris Crane"
201,"Detroit Red Wings","Ben Marshall","US","D",18,NA,"Mahtomedi HS (High-MN)",0,0,0,0,0,0,0,"2010","2010-Ben Marshall"
202,"Edmonton Oilers","Kellen Jones","CA","F",20,NA,"Vernon (BCHL)",0,0,0,0,0,0,0,"2010","2010-Kellen Jones"
203,"Buffalo Sabres","Christian Isackson","US","RW",18,NA,"St. Thomas Academy (High-MN)",0,0,0,0,0,0,0,"2010","2010-Christian Isackson"
204,"New Jersey Devils","Mauro Jorg","CH","LW",20,NA,"HC Lugano (Swiss)",0,0,0,0,0,0,0,"2010","2010-Mauro Jorg"
205,"Vancouver Canucks","Sawyer Hannay","CA","D",18,NA,"Halifax Mooseheads (QMJHL)",0,0,0,0,0,0,0,"2010","2010-Sawyer Hannay"
206,"Philadelphia Flyers","Ricard Blidstrand","SE","D",18,NA,"AIK Jr. (Sweden Jr.)",0,0,0,0,0,0,0,"2010","2010-Ricard Blidstrand"
207,"Montreal Canadiens","John Westin","SE","LW",18,NA,"MODO Hockey Jr. (Sweden Jr.)",0,0,0,0,0,0,0,"2010","2010-John Westin"
208,"Buffalo Sabres","Riley Boychuk","CA","LW",19,NA,"Portland Winterhawks (WHL)",0,0,0,0,0,0,0,"2010","2010-Riley Boychuk"
209,"Philadelphia Flyers","Brendan Ranford","CA","LW",18,2015,"Kamloops Blazers (WHL)",1,0,0,0,0,0,0,"2010","2010-Brendan Ranford"
210,"Boston Bruins","Zach Trotman","US","D",20,2020,"Lake Superior State (CCHA)",91,3,10,13,1,30,2.9,"2010","2010-Zach Trotman"
1,"Edmonton Oilers","Ryan Nugent-Hopkins","CA","C",18,2026,"Red Deer Rebels (WHL)",975,276,488,764,-30,338,75,"2011","2011-Ryan Nugent-Hopkins"
2,"Colorado Avalanche","Gabriel Landeskog","SE","LW",18,2026,"Kitchener Rangers (OHL)",756,250,327,577,78,620,65.9,"2011","2011-Gabriel Landeskog"
3,"Florida Panthers","Jonathan Huberdeau","CA","C",18,2026,"Saint John Sea Dogs (QMJHL)",927,257,534,791,2,464,79.8,"2011","2011-Jonathan Huberdeau"
4,"New Jersey Devils","Adam Larsson","SE","D",18,2026,"Skelleftea AIK (Sweden)",948,53,193,246,48,543,56.6,"2011","2011-Adam Larsson"
5,"New York Islanders","Ryan Strome","CA","C",18,2026,"Niagara IceDogs (OHL)",866,166,315,481,-13,611,41.7,"2011","2011-Ryan Strome"
6,"Ottawa Senators","Mika Zibanejad","SE","C",18,2026,"Djurgardens IF (Sweden)",949,320,431,751,13,261,80.4,"2011","2011-Mika Zibanejad"
7,"Winnipeg Jets","Mark Scheifele","CA","C",18,2026,"Barrie Colts (OHL)",897,347,481,828,81,437,93.3,"2011","2011-Mark Scheifele"
8,"Philadelphia Flyers","Sean Couturier","US","C",18,2026,"Drummondville Voltigeurs (QMJHL)",891,208,345,553,71,355,54.1,"2011","2011-Sean Couturier"
9,"Boston Bruins","Dougie Hamilton","CA","D",18,2026,"Niagara IceDogs (OHL)",849,155,353,508,77,532,91,"2011","2011-Dougie Hamilton"
10,"Minnesota Wild","Jonas Brodin","SE","D",18,2026,"Farjestad BK (Sweden)",871,60,205,265,104,266,59.5,"2011","2011-Jonas Brodin"
11,"Colorado Avalanche","Duncan Siemens","CA","D",18,2018,"Saskatoon Blades (WHL)",20,1,1,2,-7,25,0,"2011","2011-Duncan Siemens"
12,"Carolina Hurricanes","Ryan Murphy","CA","D",18,2019,"Kitchener Rangers (OHL)",175,8,35,43,-27,54,7.2,"2011","2011-Ryan Murphy"
13,"Calgary Flames","Sven Baertschi","CH","LW",18,2022,"Portland Winterhawks (WHL)",292,66,72,138,-34,78,14.5,"2011","2011-Sven Baertschi"
14,"Dallas Stars","Jamie Oleksiak","CA","D",18,2026,"Northeastern (H-East)",698,42,109,151,-2,493,30.8,"2011","2011-Jamie Oleksiak"
15,"New York Rangers","J.T. Miller","US","C",18,2026,"USA U-18 Development Team (USDP/USHL)",890,264,454,718,59,502,74.8,"2011","2011-J.T. Miller"
16,"Buffalo Sabres","Joel Armia","FI","RW",18,2026,"Assat (Finland)",605,106,109,215,-8,202,17.5,"2011","2011-Joel Armia"
17,"Montreal Canadiens","Nathan Beaulieu","CA","D",18,2023,"Saint John Sea Dogs (QMJHL)",471,12,86,98,-14,340,18.8,"2011","2011-Nathan Beaulieu"
18,"Chicago Blackhawks","Mark McNeill","CA","C",18,2017,"Prince Albert Raiders (WHL)",2,0,0,0,-1,0,-0.1,"2011","2011-Mark McNeill"
19,"Edmonton Oilers","Oscar Klefbom","SE","D",18,2020,"Farjestad BK (Sweden)",378,34,122,156,-64,74,23.2,"2011","2011-Oscar Klefbom"
20,"Phoenix Coyotes","Connor Murphy","US","D",18,2026,"USA U-18 Development Team (USDP/USHL)",763,43,120,163,-64,501,32,"2011","2011-Connor Murphy"
21,"Ottawa Senators","Stefan Noesen","US","RW",18,2026,"Plymouth Whalers (OHL)",456,81,89,170,11,245,17.1,"2011","2011-Stefan Noesen"
22,"Toronto Maple Leafs","Tyler Biggs","US","RW",18,NA,"USA U-18 Development Team (USDP/USHL)",0,0,0,0,0,0,0,"2011","2011-Tyler Biggs"
23,"Pittsburgh Penguins","Joseph Morrow","CA","D",18,2019,"Portland Winterhawks (WHL)",162,9,23,32,-12,62,5.4,"2011","2011-Joseph Morrow"
24,"Ottawa Senators","Matt Puempel","CA","LW",18,2019,"Peterborough Petes (OHL)",87,11,5,16,-10,30,1,"2011","2011-Matt Puempel"
25,"Toronto Maple Leafs","Stuart Percy","CA","D",18,2016,"Mississauga St. Michael's Majors (OHL)",12,0,3,3,-6,2,0,"2011","2011-Stuart Percy"
26,"Chicago Blackhawks","Phillip Danault","CA","LW",18,2026,"Victoriaville Tigres (QMJHL)",730,125,273,398,83,329,35.6,"2011","2011-Phillip Danault"
27,"Tampa Bay Lightning","Vladislav Namestnikov","RU","C",18,2026,"London Knights (OHL)",804,143,200,343,47,412,31.9,"2011","2011-Vladislav Namestnikov"
28,"Minnesota Wild","Zack Phillips","CA","C",18,NA,"Saint John Sea Dogs (QMJHL)",0,0,0,0,0,0,0,"2011","2011-Zack Phillips"
29,"Vancouver Canucks","Nicklas Jensen","DK","LW",18,2017,"Oshawa Generals (OHL)",31,3,3,6,-5,10,0.2,"2011","2011-Nicklas Jensen"
30,"Anaheim Ducks","Rickard Rakell","SE","RW",18,2026,"Plymouth Whalers (OHL)",811,239,288,527,-38,174,55.3,"2011","2011-Rickard Rakell"
31,"Edmonton Oilers","David Musil","CA","D",18,2015,"Vancouver Giants (WHL)",4,0,2,2,-2,2,0.1,"2011","2011-David Musil"
32,"St. Louis Blues","Ty Rattie","CA","RW",18,2019,"Portland Winterhawks (WHL)",99,13,17,30,-4,12,2.5,"2011","2011-Ty Rattie"
33,"Florida Panthers","Rocco Grimaldi","US","C",18,2022,"USA U-18 Development Team (USDP/USHL)",203,30,37,67,-1,34,6,"2011","2011-Rocco Grimaldi"
34,"New York Islanders","Scott Mayfield","US","D",18,2026,"Youngstown Phantoms (USHL)",551,28,100,128,29,488,28.3,"2011","2011-Scott Mayfield"
35,"Detroit Red Wings","Tomas Jurco","SK","RW",18,2021,"Saint John Sea Dogs (QMJHL)",221,22,31,53,-10,64,3.7,"2011","2011-Tomas Jurco"
36,"Chicago Blackhawks","Adam Clendening","US","D",18,2019,"Boston University (H-East)",90,4,20,24,11,49,5.1,"2011","2011-Adam Clendening"
37,"Columbus Blue Jackets","Boone Jenner","CA","C",18,2026,"Oshawa Generals (OHL)",757,202,191,393,-71,427,37.2,"2011","2011-Boone Jenner"
40,"Boston Bruins","Alexander Khokhlachev","RU","C",18,2016,"Windsor Spitfires (OHL)",9,0,0,0,-4,2,-0.3,"2011","2011-Alexander Khokhlachev"
41,"St. Louis Blues","Dmitrij Jaskin","RU","RW",18,2022,"HC Slavia Praha (Czech)",315,27,43,70,6,92,4.6,"2011","2011-Dmitrij Jaskin"
42,"Carolina Hurricanes","Victor Rask","SE","C",18,2022,"Leksands IF (Sweden-2)",506,89,134,223,-22,86,20.9,"2011","2011-Victor Rask"
43,"Chicago Blackhawks","Brandon Saad","US","LW",18,2026,"Saginaw Spirit (OHL)",952,267,266,533,47,172,58.4,"2011","2011-Brandon Saad"
44,"Dallas Stars","Brett Ritchie","CA","RW",18,2023,"Sarnia Sting (OHL)",391,50,35,85,-13,255,6.4,"2011","2011-Brett Ritchie"
45,"Calgary Flames","Markus Granlund","FI","C",18,2020,"HIFK Jr. (Finland Jr.)",335,58,43,101,-40,86,7.8,"2011","2011-Markus Granlund"
46,"St. Louis Blues","Joel Edmundson","CA","D",18,2026,"Moose Jaw Warriors (WHL)",622,36,102,138,51,493,33.1,"2011","2011-Joel Edmundson"
47,"San Jose Sharks","Matthew Nieto","US","LW",18,2025,"Boston University (H-East)",705,87,119,206,-64,129,12.4,"2011","2011-Matthew Nieto"
48,"Detroit Red Wings","Xavier Ouellet","FR","D",18,2021,"Montreal Juniors (QMJHL)",178,5,23,28,-3,82,6.3,"2011","2011-Xavier Ouellet"
50,"New York Islanders","Johan Sundstrom","SE","C",18,2014,"Frolunda HC (Sweden)",11,0,1,1,0,6,-0.1,"2011","2011-Johan Sundstrom"
51,"Phoenix Coyotes","Alexander Ruuttu","US","C",18,NA,"Jokerit Jr. (Finland Jr.)",0,0,0,0,0,0,0,"2011","2011-Alexander Ruuttu"
52,"Nashville Predators","Miikka Salomaki","FI","RW",18,2020,"Karpat (Finland)",167,12,15,27,-2,76,0.9,"2011","2011-Miikka Salomaki"
53,"Anaheim Ducks","William Karlsson","SE","C",18,2026,"VIK Hockey Ungdom Jr. (Sweden Jr.)",752,183,270,453,132,114,47.8,"2011","2011-William Karlsson"
54,"Pittsburgh Penguins","Scott Harrington","CA","D",18,2023,"London Knights (OHL)",255,11,38,49,-17,87,8.4,"2011","2011-Scott Harrington"
55,"Detroit Red Wings","Ryan Sproul","CA","D",18,2018,"Soo Greyhounds (OHL)",44,2,10,12,-14,12,1.1,"2011","2011-Ryan Sproul"
56,"Phoenix Coyotes","Lucas Lessio","CA","LW",18,2016,"Oshawa Generals (OHL)",41,3,4,7,-11,12,-0.1,"2011","2011-Lucas Lessio"
57,"Calgary Flames","Tyler Wotherspoon","CA","D",18,2017,"Portland Winterhawks (WHL)",30,0,5,5,-8,4,0.2,"2011","2011-Tyler Wotherspoon"
58,"Tampa Bay Lightning","Nikita Kucherov","RU","LW",18,2026,"Krasnaya Armiya Moskva (Russia Jr.)",818,364,645,1009,156,388,118.5,"2011","2011-Nikita Kucherov"
59,"Florida Panthers","Rasmus Bengtsson","SE","D",18,NA,"Rogle BK (Sweden-2)",0,0,0,0,0,0,0,"2011","2011-Rasmus Bengtsson"
60,"Minnesota Wild","Mario Lucia","US","LW",18,NA,"Wayzata HS (High-MN)",0,0,0,0,0,0,0,"2011","2011-Mario Lucia"
61,"Ottawa Senators","Shane Prince","US","C",18,2018,"Ottawa 67's (OHL)",128,12,26,38,-6,39,2.6,"2011","2011-Shane Prince"
63,"New York Islanders","Andrey Pedan","LT","D",18,2016,"Guelph Storm (OHL)",13,0,0,0,-3,18,-0.1,"2011","2011-Andrey Pedan"
64,"Florida Panthers","Vincent Trocheck","US","C",18,2026,"Saginaw Spirit (OHL)",806,225,358,583,15,533,57.4,"2011","2011-Vincent Trocheck"
65,"Anaheim Ducks","Joseph Cramarossa","CA","C",18,2023,"Mississauga St. Michael's Majors (OHL)",68,5,8,13,-1,81,0.8,"2011","2011-Joseph Cramarossa"
66,"Columbus Blue Jackets","T.J. Tynan","US","C",19,2025,"Notre Dame (CCHA)",30,0,2,2,-3,6,-0.4,"2011","2011-T.J. Tynan"
67,"Winnipeg Jets","Adam Lowry","US","LW",18,2026,"Swift Current Broncos (WHL)",781,121,154,275,53,420,22.4,"2011","2011-Adam Lowry"
68,"Philadelphia Flyers","Nick Cousins","CA","C",18,2026,"Soo Greyhounds (OHL)",661,80,119,199,-18,382,14.9,"2011","2011-Nick Cousins"
69,"New Jersey Devils","forfeited pick","","",NA,NA,"()",0,0,0,0,0,0,0,"2011","2011-forfeited pick"
70,"Chicago Blackhawks","Michael Paliotta","US","D",18,2016,"USA U-18 Development Team (USDP/USHL)",2,0,1,1,0,4,0.1,"2011","2011-Michael Paliotta"
72,"New York Rangers","Steven Fogarty","US","C",18,2023,"Edina HS (High-MN)",31,1,2,3,-2,12,-0.1,"2011","2011-Steven Fogarty"
73,"Carolina Hurricanes","Keegan Lowe","US","D",18,2018,"Edmonton Oil Kings (WHL)",4,0,0,0,-3,10,-0.2,"2011","2011-Keegan Lowe"
74,"Edmonton Oilers","Travis Ewanyk","CA","LW",18,NA,"Edmonton Oil Kings (WHL)",0,0,0,0,0,0,0,"2011","2011-Travis Ewanyk"
75,"New Jersey Devils","Blake Coleman","US","C",19,2026,"Indiana Ice (USHL)",644,157,141,298,39,475,31,"2011","2011-Blake Coleman"
76,"Florida Panthers","Logan Shaw","CA","RW",19,2022,"Cape Breton Screaming Eagles (QMJHL)",232,16,23,39,-13,37,1.3,"2011","2011-Logan Shaw"
77,"Buffalo Sabres","Daniel Catenacci","CA","C",18,2018,"Soo Greyhounds (OHL)",12,0,0,0,-3,0,-0.3,"2011","2011-Daniel Catenacci"
78,"Winnipeg Jets","Brennan Serville","CA","D",18,NA,"Stouffville (OJHL)",0,0,0,0,0,0,0,"2011","2011-Brennan Serville"
79,"Chicago Blackhawks","Klas Dahlbeck","SE","D",20,2018,"Linkoping HC (Sweden)",170,6,17,23,-31,87,3.3,"2011","2011-Klas Dahlbeck"
80,"Los Angeles Kings","Andy Andreoff","CA","LW",20,2023,"Oshawa Generals (OHL)",188,14,13,27,-19,225,1,"2011","2011-Andy Andreoff"
81,"Boston Bruins","Anthony Camara","CA","LW",18,NA,"Saginaw Spirit (OHL)",0,0,0,0,0,0,0,"2011","2011-Anthony Camara"
82,"Los Angeles Kings","Nick Shore","US","C",18,2020,"Denver (WCHA)",299,18,41,59,-14,98,2,"2011","2011-Nick Shore"
83,"Anaheim Ducks","Andy Welinski","US","D",18,2021,"Green Bay Gamblers (USHL)",46,1,5,6,-2,8,1.5,"2011","2011-Andy Welinski"
84,"Phoenix Coyotes","Harrison Ruopp","CA","D",18,NA,"Prince Albert Raiders (WHL)",0,0,0,0,0,0,0,"2011","2011-Harrison Ruopp"
85,"Detroit Red Wings","Alan Quine","CA","C",18,2020,"Peterborough Petes (OHL)",106,10,18,28,-5,22,1.6,"2011","2011-Alan Quine"
86,"Toronto Maple Leafs","Josh Leivo","CA","LW",18,2023,"Sudbury Wolves (OHL)",265,42,51,93,6,93,8.5,"2011","2011-Josh Leivo"
87,"Florida Panthers","Jonathan Racine","CA","D",18,2014,"Shawinigan Cataractes (QMJHL)",1,0,0,0,-1,2,-0.1,"2011","2011-Jonathan Racine"
89,"San Jose Sharks","Justin Sefton","CA","D",18,NA,"Sudbury Wolves (OHL)",0,0,0,0,0,0,0,"2011","2011-Justin Sefton"
90,"Vancouver Canucks","Alexandre Grenier","CA","RW",20,2017,"Quebec Remparts (QMJHL)",9,0,0,0,-5,2,-0.3,"2011","2011-Alexandre Grenier"
91,"Florida Panthers","Kyle Rau","US","C",18,2022,"Eden Priarie HS (High-MN)",61,2,5,7,-8,15,-0.4,"2011","2011-Kyle Rau"
92,"Edmonton Oilers","Dillon Simpson","CA","D",18,2017,"North Dakota (WCHA)",3,0,0,0,0,2,0,"2011","2011-Dillon Simpson"
93,"Colorado Avalanche","Joachim Nermark","SE","C",18,NA,"Linkoping HC Jr. (Sweden Jr.)",0,0,0,0,0,0,0,"2011","2011-Joachim Nermark"
94,"Nashville Predators","Josh Shalla","CA","LW",19,NA,"Saginaw Spirit (OHL)",0,0,0,0,0,0,0,"2011","2011-Josh Shalla"
95,"New York Islanders","Robbie Russo","US","D",18,2017,"USA U-18 Development Team (USDP/USHL)",19,0,0,0,2,2,0.5,"2011","2011-Robbie Russo"
96,"Ottawa Senators","Jean-Gabriel Pageau","CA","C",18,2026,"Gatineau Olympiques (QMJHL)",815,165,213,378,15,260,35.1,"2011","2011-Jean-Gabriel Pageau"
97,"Montreal Canadiens","Josiah Didier","US","D",18,NA,"Cedar Rapids Roughriders (USHL)",0,0,0,0,0,0,0,"2011","2011-Josiah Didier"
98,"Columbus Blue Jackets","Mike Reilly","US","D",18,2026,"Shattuck-St. Mary's School (High-MN)",433,19,110,129,-2,168,21,"2011","2011-Mike Reilly"
99,"New Jersey Devils","Reid Boucher","US","RW",18,2019,"USA U-18 Development Team (USDP/USHL)",133,20,22,42,-33,18,3.3,"2011","2011-Reid Boucher"
100,"Toronto Maple Leafs","Tom Nilsson","SE","D",18,NA,"Mora IK Jr. (Sweden Jr.)",0,0,0,0,0,0,0,"2011","2011-Tom Nilsson"
101,"Vancouver Canucks","Joseph Labate","US","C",18,2026,"Academy of Holy Angels (High-MN)",20,0,1,1,-2,31,-0.2,"2011","2011-Joseph Labate"
102,"St. Louis Blues","Yannick Veilleux","CA","LW",18,NA,"Shawinigan Cataractes (QMJHL)",0,0,0,0,0,0,0,"2011","2011-Yannick Veilleux"
103,"Carolina Hurricanes","Gregory Hofmann","CH","C",18,2022,"HC Ambri-Piotta (Swiss)",24,2,5,7,6,8,0.6,"2011","2011-Gregory Hofmann"
104,"Calgary Flames","John Gaudreau","US","LW",18,2024,"Dubuque Fighting Saints (USHL)",763,243,500,743,25,176,77.7,"2011","2011-John Gaudreau"
105,"Dallas Stars","Emil Molin","SE","RW",18,NA,"Brynas IF Jr. (Sweden Jr.)",0,0,0,0,0,0,0,"2011","2011-Emil Molin"
106,"New York Rangers","Michael St. Croix","CA","C",18,NA,"Edmonton Oil Kings (WHL)",0,0,0,0,0,0,0,"2011","2011-Michael St. Croix"
107,"Buffalo Sabres","Colin Jacobs","US","C",18,NA,"Seattle Thunderbirds (WHL)",0,0,0,0,0,0,0,"2011","2011-Colin Jacobs"
108,"Montreal Canadiens","Olivier Archambault","CA","LW",18,NA,"Val-d'Or Foreurs (QMJHL)",0,0,0,0,0,0,0,"2011","2011-Olivier Archambault"
109,"Chicago Blackhawks","Maxim Shalunov","RU","RW",18,NA,"Belye Medvedi Chelyabinsk (Russia Jr.)",0,0,0,0,0,0,0,"2011","2011-Maxim Shalunov"
110,"Los Angeles Kings","Michael Mersch","US","LW",18,2016,"Wisconsin (WCHA)",17,1,2,3,1,0,0.2,"2011","2011-Michael Mersch"
111,"Phoenix Coyotes","Kale Kessy","CA","LW",18,NA,"Medicine Hat Tigers (WHL)",0,0,0,0,0,0,0,"2011","2011-Kale Kessy"
112,"Nashville Predators","Garrett Noonan","US","D",20,NA,"Boston University (H-East)",0,0,0,0,0,0,0,"2011","2011-Garrett Noonan"
113,"Montreal Canadiens","Magnus Nygren","SE","D",21,NA,"Farjestad BK (Sweden)",0,0,0,0,0,0,0,"2011","2011-Magnus Nygren"
114,"Edmonton Oilers","Tobias Rieder","DE","C",18,2021,"Kitchener Rangers (OHL)",478,64,81,145,-89,52,8,"2011","2011-Tobias Rieder"
115,"Detroit Red Wings","Marek Tvrdon","SK","RW",18,NA,"Vancouver Giants (WHL)",0,0,0,0,0,0,0,"2011","2011-Marek Tvrdon"
116,"Philadelphia Flyers","Colin Suellentrop","US","D",18,NA,"Oshawa Generals (OHL)",0,0,0,0,0,0,0,"2011","2011-Colin Suellentrop"
118,"Philadelphia Flyers","Marcel Noebels","DE","LW",19,NA,"Seattle Thunderbirds (WHL)",0,0,0,0,0,0,0,"2011","2011-Marcel Noebels"
119,"Winnipeg Jets","Zachary Yuen","CA","D",18,NA,"Tri-City Americans (WHL)",0,0,0,0,0,0,0,"2011","2011-Zachary Yuen"
120,"Vancouver Canucks","Ludwig Blomstrand","SE","LW",18,NA,"Djurgardens IF Jr. (Sweden Jr.)",0,0,0,0,0,0,0,"2011","2011-Ludwig Blomstrand"
121,"Boston Bruins","Brian Ferlin","US","RW",19,2015,"Indiana Ice (USHL)",7,0,1,1,0,0,0,"2011","2011-Brian Ferlin"
122,"Edmonton Oilers","Martin Gernat","SK","D",18,NA,"HC Kosice Jr. (Slovakia Jr.)",0,0,0,0,0,0,0,"2011","2011-Martin Gernat"
123,"Colorado Avalanche","Garrett Meurs","CA","C",18,NA,"Plymouth Whalers (OHL)",0,0,0,0,0,0,0,"2011","2011-Garrett Meurs"
124,"Florida Panthers","Yaroslav Kosov","RU","C",18,NA,"Stalnye Lisy Magnitogorsk (Russia Jr.)",0,0,0,0,0,0,0,"2011","2011-Yaroslav Kosov"
125,"New York Islanders","John Persson","SE","LW",19,2014,"Red Deer Rebels (WHL)",10,1,0,1,-4,6,-0.2,"2011","2011-John Persson"
126,"Ottawa Senators","Fredrik Claesson","SE","D",18,2022,"Djurgardens IF (Sweden)",170,7,21,28,-7,62,5.5,"2011","2011-Fredrik Claesson"
127,"New York Islanders","Brenden Kichton","CA","D",19,NA,"Spokane Chiefs (WHL)",0,0,0,0,0,0,0,"2011","2011-Brenden Kichton"
128,"Columbus Blue Jackets","Seth Ambroz","US","RW",18,NA,"Omaha Lancers (USHL)",0,0,0,0,0,0,0,"2011","2011-Seth Ambroz"
129,"New Jersey Devils","Blake Pietila","US","LW",18,2019,"USA U-18 Development Team (USDP/USHL)",38,1,3,4,-12,12,-0.6,"2011","2011-Blake Pietila"
130,"Toronto Maple Leafs","Tony Cameranesi","US","C",18,NA,"Wayzata HS (High-MN)",0,0,0,0,0,0,0,"2011","2011-Tony Cameranesi"
131,"Minnesota Wild","Nick Seeler","US","D",18,2026,"Eden Priarie HS (High-MN)",391,11,53,64,5,307,14.7,"2011","2011-Nick Seeler"
133,"San Jose Sharks","Sean Kuraly","US","C",18,2026,"Indiana Ice (USHL)",582,66,92,158,-46,349,7.5,"2011","2011-Sean Kuraly"
134,"New York Rangers","Shane McColgan","US","RW",18,NA,"Kelowna Rockets (WHL)",0,0,0,0,0,0,0,"2011","2011-Shane McColgan"
135,"Dallas Stars","Troy Vance","US","D",18,NA,"Victoriaville Tigres (QMJHL)",0,0,0,0,0,0,0,"2011","2011-Troy Vance"
136,"New York Rangers","Samuel Noreau","CA","D",18,NA,"Baie-Comeau Drakkar (QMJHL)",0,0,0,0,0,0,0,"2011","2011-Samuel Noreau"
137,"Buffalo Sabres","Alex Lepkowski","US","D",18,NA,"Barrie Colts (OHL)",0,0,0,0,0,0,0,"2011","2011-Alex Lepkowski"
138,"Montreal Canadiens","Darren Dietz","CA","D",18,2016,"Saskatoon Blades (WHL)",13,1,4,5,-1,13,0.8,"2011","2011-Darren Dietz"
139,"Chicago Blackhawks","Andrew Shaw","CA","C",20,2021,"Owen Sound Attack (OHL)",544,116,131,247,24,573,25.9,"2011","2011-Andrew Shaw"
140,"Los Angeles Kings","Joel Lowry","US","LW",19,NA,"Victoria (BCHL)",0,0,0,0,0,0,0,"2011","2011-Joel Lowry"
141,"Phoenix Coyotes","Darian Dziurzynski","CA","LW",20,NA,"Saskatoon Blades (WHL)",0,0,0,0,0,0,0,"2011","2011-Darian Dziurzynski"
142,"Nashville Predators","Simon Karlsson","SE","D",18,NA,"Malmo Jr. (Sweden Jr.)",0,0,0,0,0,0,0,"2011","2011-Simon Karlsson"
143,"Anaheim Ducks","Max Friberg","SE","LW",18,2016,"Skovde IK (Sweden-3)",6,0,0,0,-1,2,-0.1,"2011","2011-Max Friberg"
144,"Pittsburgh Penguins","Dominik Uher","CZ","C",18,2015,"Spokane Chiefs (WHL)",2,0,0,0,-1,0,-0.1,"2011","2011-Dominik Uher"
145,"Detroit Red Wings","Philippe Hudon","CA","C/RW",18,NA,"Choate-Rosemary Hall (High-CT)",0,0,0,0,0,0,0,"2011","2011-Philippe Hudon"
146,"Detroit Red Wings","Mattias Backman","SE","D",18,NA,"Linkoping HC Jr. (Sweden Jr.)",0,0,0,0,0,0,0,"2011","2011-Mattias Backman"
147,"Washington Capitals","Patrick Koudys","CA","D",18,NA,"RPI (ECAC)",0,0,0,0,0,0,0,"2011","2011-Patrick Koudys"
148,"Tampa Bay Lightning","Nikita Nesterov","RU","D",18,2021,"Belye Medvedi Chelyabinsk (Russia Jr.)",170,9,28,37,-10,101,6.8,"2011","2011-Nikita Nesterov"
149,"Winnipeg Jets","Austen Brassard","CA","RW",18,NA,"Belleville Bulls (OHL)",0,0,0,0,0,0,0,"2011","2011-Austen Brassard"
150,"Vancouver Canucks","Frank Corrado","CA","D",18,2018,"Sudbury Wolves (OHL)",76,3,5,8,-24,40,0.3,"2011","2011-Frank Corrado"
151,"Boston Bruins","Rob O'Gara","US","D",18,2018,"Milton Academy (High-MA)",33,0,3,3,-6,6,0.4,"2011","2011-Rob O'Gara"
152,"Toronto Maple Leafs","David Broll","CA","LW",18,2014,"Soo Greyhounds (OHL)",5,0,1,1,1,5,0.1,"2011","2011-David Broll"
153,"Colorado Avalanche","Gabriel Beaupre","CA","D",18,NA,"Val-d'Or Foreurs (QMJHL)",0,0,0,0,0,0,0,"2011","2011-Gabriel Beaupre"
154,"Florida Panthers","Eddie Wittchow","US","D",18,NA,"Burnsville HS (High-MN)",0,0,0,0,0,0,0,"2011","2011-Eddie Wittchow"
155,"Phoenix Coyotes","Andrew Fritsch","CA","RW",18,NA,"Owen Sound Attack (OHL)",0,0,0,0,0,0,0,"2011","2011-Andrew Fritsch"
156,"Ottawa Senators","Darren Kramer","CA","C",19,NA,"Spokane Chiefs (WHL)",0,0,0,0,0,0,0,"2011","2011-Darren Kramer"
158,"Columbus Blue Jackets","Lukas Sedlak","CZ","C",18,2023,"HC Ceske Budejovice Jr. (Czech Jr.)",192,18,17,35,6,68,2.6,"2011","2011-Lukas Sedlak"
159,"New Jersey Devils","Reece Scarlett","CA","D",18,NA,"Swift Current Broncos (WHL)",0,0,0,0,0,0,0,"2011","2011-Reece Scarlett"
160,"Anaheim Ducks","Josh Manson","CA","D",19,2026,"Salmon Arm (BCHL)",644,40,133,173,53,621,38,"2011","2011-Josh Manson"
162,"St. Louis Blues","Ryan Tesink","CA","C",18,NA,"Saint John Sea Dogs (QMJHL)",0,0,0,0,0,0,0,"2011","2011-Ryan Tesink"
165,"Dallas Stars","Matej Stransky","CZ","RW",18,NA,"Saskatoon Blades (WHL)",0,0,0,0,0,0,0,"2011","2011-Matej Stransky"
166,"San Jose Sharks","Daniil Sobchenko","UA","C",20,NA,"Lokomotiv Yaroslavl (Russia)",0,0,0,0,0,0,0,"2011","2011-Daniil Sobchenko"
168,"Montreal Canadiens","Daniel Pribyl","CZ","C",18,NA,"HC Sparta Praha Jr. (Czech Jr.)",0,0,0,0,0,0,0,"2011","2011-Daniel Pribyl"
169,"Chicago Blackhawks","Sam Jardine","CA","D",18,NA,"Camrose (AJHL)",0,0,0,0,0,0,0,"2011","2011-Sam Jardine"
170,"Nashville Predators","Chase Balisy","US","C",19,2018,"Western Michigan (CCHA)",8,0,0,0,-2,0,-0.2,"2011","2011-Chase Balisy"
171,"Ottawa Senators","Max McCormick","US","LW",19,2024,"Sioux City Musketeers (USHL)",94,8,5,13,-14,97,0.3,"2011","2011-Max McCormick"
172,"New York Rangers","Peter Ceresnak","SK","D",18,NA,"HK Dukla Trencin Jr. (Slovakia Jr.)",0,0,0,0,0,0,0,"2011","2011-Peter Ceresnak"
173,"Toronto Maple Leafs","Dennis Robertson","CA","D",20,NA,"Brown (ECAC)",0,0,0,0,0,0,0,"2011","2011-Dennis Robertson"
174,"Pittsburgh Penguins","Josh Archibald","CA","W",18,2023,"Brainerd HS (High-MN)",305,45,38,83,0,143,7.4,"2011","2011-Josh Archibald"
175,"Detroit Red Wings","Richard Nedomlel","CZ","D",18,NA,"Swift Current Broncos (WHL)",0,0,0,0,0,0,0,"2011","2011-Richard Nedomlel"
176,"Philadelphia Flyers","Petr Placek","CZ","RW",18,NA,"Hotchkiss School (High-CT)",0,0,0,0,0,0,0,"2011","2011-Petr Placek"
177,"Washington Capitals","Travis Boyd","US","C",18,2025,"USA U-18 Development Team (USDP/USHL)",299,47,71,118,-27,74,8.1,"2011","2011-Travis Boyd"
179,"San Jose Sharks","Dylan Demelo","CA","D",18,2026,"Mississauga St. Michael's Majors (OHL)",654,21,150,171,114,319,39.1,"2011","2011-Dylan Demelo"
180,"Vancouver Canucks","Pathrik Westerholm","SE","C",19,NA,"Malmo (Sweden-2)",0,0,0,0,0,0,0,"2011","2011-Pathrik Westerholm"
183,"Colorado Avalanche","Dillon Donnelly","US","D",18,NA,"Shawinigan Cataractes (QMJHL)",0,0,0,0,0,0,0,"2011","2011-Dillon Donnelly"
184,"Florida Panthers","Iiro Pakarinen","FI","RW",20,2018,"KalPa (Finland)",134,10,13,23,-11,18,1,"2011","2011-Iiro Pakarinen"
185,"New York Islanders","Mitchell Theoret","CA","C",18,NA,"Niagara IceDogs (OHL)",0,0,0,0,0,0,0,"2011","2011-Mitchell Theoret"
186,"Ottawa Senators","Jordan Fransoo","CA","D",18,NA,"Brandon Wheat Kings (WHL)",0,0,0,0,0,0,0,"2011","2011-Jordan Fransoo"
187,"Winnipeg Jets","Aaron Harstad","US","D",19,NA,"Green Bay Gamblers (USHL)",0,0,0,0,0,0,0,"2011","2011-Aaron Harstad"
189,"New Jersey Devils","Patrick Daly","US","D",19,NA,"Benilde-St. Margaret's School (High-MN)",0,0,0,0,0,0,0,"2011","2011-Patrick Daly"
191,"Minnesota Wild","Tyler Graovac","CA","C",18,2021,"Ottawa 67's (OHL)",84,12,3,15,-2,20,1.4,"2011","2011-Tyler Graovac"
192,"St. Louis Blues","Teemu Eronen","FI","D",20,NA,"Jokerit (Finland)",0,0,0,0,0,0,0,"2011","2011-Teemu Eronen"
193,"Carolina Hurricanes","Brody Sutter","CA","C",19,2016,"Lethbridge Hurricanes (WHL)",12,0,0,0,-6,0,-0.4,"2011","2011-Brody Sutter"
194,"San Jose Sharks","Colin Blackwell","US","C",18,2026,"St. John's Prep (High-MA)",317,42,53,95,-5,83,7.3,"2011","2011-Colin Blackwell"
195,"Dallas Stars","Jyrki Jokipakka","FI","D",20,2017,"Ilves (Finland)",150,3,25,28,-2,34,4.6,"2011","2011-Jyrki Jokipakka"
196,"Phoenix Coyotes","Zac Larraza","US","LW",18,NA,"USA U-18 Development Team (USDP/USHL)",0,0,0,0,0,0,0,"2011","2011-Zac Larraza"
197,"Buffalo Sabres","Brad Navin","US","C",19,NA,"Waupaca HS (High-WI)",0,0,0,0,0,0,0,"2011","2011-Brad Navin"
198,"Montreal Canadiens","Colin Sullivan","US","D",18,NA,"Avon Old Farms School (High-CT)",0,0,0,0,0,0,0,"2011","2011-Colin Sullivan"
199,"Chicago Blackhawks","Alex Broadhurst","US","C",18,2018,"Green Bay Gamblers (USHL)",2,0,0,0,0,2,0,"2011","2011-Alex Broadhurst"
200,"Los Angeles Kings","Michael Schumacher","SE","LW",18,NA,"Frolunda HC Jr. (Sweden Jr.)",0,0,0,0,0,0,0,"2011","2011-Michael Schumacher"
201,"Tampa Bay Lightning","Matthew Peca","CA","C",18,2022,"Pembroke (CHL T1)",83,6,15,21,-15,6,0.6,"2011","2011-Matthew Peca"
202,"Nashville Predators","Brent Andrews","CA","LW",18,NA,"Halifax Mooseheads (QMJHL)",0,0,0,0,0,0,0,"2011","2011-Brent Andrews"
203,"Toronto Maple Leafs","Max Everson","US","D",18,NA,"Edina HS (High-MN)",0,0,0,0,0,0,0,"2011","2011-Max Everson"
204,"Ottawa Senators","Ryan Dzingel","US","C",19,2022,"Lincoln Stars (USHL)",404,87,101,188,-22,191,17.7,"2011","2011-Ryan Dzingel"
205,"Detroit Red Wings","Alexei Marchenko","RU","D",19,2017,"CSKA Moskva (Russia)",121,4,17,21,5,26,5.3,"2011","2011-Alexei Marchenko"
206,"Philadelphia Flyers","Derek Mathers","CA","RW",18,NA,"Peterborough Petes (OHL)",0,0,0,0,0,0,0,"2011","2011-Derek Mathers"
207,"Washington Capitals","Garrett Haar","US","D",18,NA,"Fargo Force (USHL)",0,0,0,0,0,0,0,"2011","2011-Garrett Haar"
208,"Tampa Bay Lightning","Ondrej Palat","CZ","LW",20,2026,"Drummondville Voltigeurs (QMJHL)",843,178,329,507,139,254,53.6,"2011","2011-Ondrej Palat"
209,"Pittsburgh Penguins","Scott Wilson","CA","C/LW",19,2020,"Georgetown (OJHL)",193,20,31,51,-27,58,2.8,"2011","2011-Scott Wilson"
210,"Vancouver Canucks","Henrik Tommernes","SE","D",21,NA,"Frolunda HC (Sweden)",0,0,0,0,0,0,0,"2011","2011-Henrik Tommernes"
1,"Edmonton Oilers","Nail Yakupov","RU","RW",18,2018,"Sarnia Sting (OHL)",350,62,74,136,-89,142,10.7,"2012","2012-Nail Yakupov"
2,"Columbus Blue Jackets","Ryan Murray","CA","D",18,2023,"Everett Silvertips (WHL)",445,15,116,131,9,118,23.4,"2012","2012-Ryan Murray"
3,"Montreal Canadiens","Alex Galchenyuk","US","C",18,2023,"Sarnia Sting (OHL)",654,146,208,354,-85,257,35.3,"2012","2012-Alex Galchenyuk"
4,"New York Islanders","Griffin Reinhart","CA","D",18,2016,"Edmonton Oil Kings (WHL)",37,0,2,2,-5,26,0.4,"2012","2012-Griffin Reinhart"
5,"Toronto Maple Leafs","Morgan Rielly","CA","D",18,2026,"Moose Jaw Warriors (WHL)",891,90,438,528,-27,252,72.2,"2012","2012-Morgan Rielly"
6,"Anaheim Ducks","Hampus Lindholm","SE","D",18,2026,"Rogle BK Jr. (Sweden Jr.)",774,74,244,318,146,455,68.2,"2012","2012-Hampus Lindholm"
7,"Minnesota Wild","Mathew Dumba","CA","D",18,2026,"Red Deer Rebels (WHL)",743,84,176,260,6,558,48.3,"2012","2012-Mathew Dumba"
8,"Pittsburgh Penguins","Derrick Pouliot","CA","D",18,2024,"Portland Winterhawks (WHL)",226,8,46,54,-31,91,7.8,"2012","2012-Derrick Pouliot"
9,"Winnipeg Jets","Jacob Trouba","US","D",18,2026,"USA U-18 Development Team (USDP/USHL)",843,78,257,335,62,674,60.9,"2012","2012-Jacob Trouba"
10,"Tampa Bay Lightning","Slater Koekkoek","CA","D",18,2022,"Peterborough Petes (OHL)",186,8,26,34,1,104,5.9,"2012","2012-Slater Koekkoek"
11,"Washington Capitals","Filip Forsberg","SE","C",18,2026,"Leksands IF (Sweden-2)",799,326,370,696,16,353,82.4,"2012","2012-Filip Forsberg"
12,"Buffalo Sabres","Mikhail Grigorenko","RU","C",18,2021,"Quebec Remparts (QMJHL)",249,26,50,76,-28,36,5,"2012","2012-Mikhail Grigorenko"
13,"Dallas Stars","Radek Faksa","CZ","C",18,2026,"Kitchener Rangers (OHL)",726,95,127,222,-11,390,14.9,"2012","2012-Radek Faksa"
14,"Buffalo Sabres","Zemgus Girgensons","LV","C",18,2026,"Dubuque Fighting Saints (USHL)",780,95,104,199,-75,245,11.3,"2012","2012-Zemgus Girgensons"
15,"Ottawa Senators","Cody Ceci","CA","D",18,2026,"Ottawa 67's (OHL)",890,53,187,240,-4,198,41.9,"2012","2012-Cody Ceci"
16,"Washington Capitals","Tom Wilson","CA","RW",18,2026,"Plymouth Whalers (OHL)",853,188,224,412,37,1577,39.7,"2012","2012-Tom Wilson"
17,"San Jose Sharks","Tomas Hertl","CZ","C",18,2026,"HC Slavia Praha (Czech)",808,260,303,563,-74,284,58.6,"2012","2012-Tomas Hertl"
18,"Chicago Blackhawks","Teuvo Teravainen","FI","LW",18,2026,"Jokerit (Finland)",770,174,356,530,89,140,54.3,"2012","2012-Teuvo Teravainen"
20,"Philadelphia Flyers","Scott Laughton","CA","C",18,2026,"Oshawa Generals (OHL)",683,108,161,269,-45,399,20.1,"2012","2012-Scott Laughton"
21,"Calgary Flames","Mark Jankowski","CA","C",18,2026,"Stanstead (High-QC)",423,68,58,126,9,134,11.1,"2012","2012-Mark Jankowski"
22,"Pittsburgh Penguins","Olli Maatta","FI","D",18,2026,"London Knights (OHL)",776,42,154,196,81,178,43.3,"2012","2012-Olli Maatta"
23,"Florida Panthers","Michael Matheson","CA","D",18,2026,"Dubuque Fighting Saints (USHL)",645,77,197,274,-23,370,44.9,"2012","2012-Michael Matheson"
25,"St. Louis Blues","Jordan Schmaltz","US","D",18,2019,"Green Bay Gamblers (USHL)",42,0,5,5,-7,12,0.5,"2012","2012-Jordan Schmaltz"
26,"Vancouver Canucks","Brendan Gaunce","CA","C",18,2025,"Belleville Bulls (OHL)",189,13,16,29,-17,71,0.4,"2012","2012-Brendan Gaunce"
27,"Phoenix Coyotes","Henrik Samuelsson","US","C/RW",18,2015,"Edmonton Oil Kings (WHL)",3,0,0,0,-2,2,-0.1,"2012","2012-Henrik Samuelsson"
28,"New York Rangers","Brady Skjei","US","D",18,2026,"USA U-18 Development Team (USDP/USHL)",710,78,208,286,-14,382,50.4,"2012","2012-Brady Skjei"
29,"New Jersey Devils","Stefan Matteau","US","LW",18,2022,"USA U-18 Development Team (USDP/USHL)",92,6,5,11,-18,41,-0.3,"2012","2012-Stefan Matteau"
30,"Los Angeles Kings","Tanner Pearson","CA","LW",20,2026,"Barrie Colts (OHL)",740,153,163,316,1,248,31.8,"2012","2012-Tanner Pearson"
32,"Edmonton Oilers","Mitchell Moroz","CA","LW",18,NA,"Edmonton Oil Kings (WHL)",0,0,0,0,0,0,0,"2012","2012-Mitchell Moroz"
33,"Montreal Canadiens","Sebastian Collberg","SE","RW",18,NA,"Frolunda HC (Sweden)",0,0,0,0,0,0,0,"2012","2012-Sebastian Collberg"
34,"New York Islanders","Ville Pokka","FI","D",18,NA,"Karpat (Finland)",0,0,0,0,0,0,0,"2012","2012-Ville Pokka"
35,"Toronto Maple Leafs","Matt Finn","CA","D",18,NA,"Guelph Storm (OHL)",0,0,0,0,0,0,0,"2012","2012-Matt Finn"
36,"Anaheim Ducks","Nicolas Kerdiles","US","LW",18,2018,"USA U-18 Development Team (USDP/USHL)",3,0,0,0,1,0,0,"2012","2012-Nicolas Kerdiles"
37,"Nashville Predators","Pontus Aberg","SE","LW",18,2020,"Djurgardens IF (Sweden)",132,17,27,44,-7,34,3.2,"2012","2012-Pontus Aberg"
38,"Carolina Hurricanes","Phillip Di Giuseppe","CA","LW",18,2025,"Michigan (CCHA)",302,28,53,81,-16,127,4.7,"2012","2012-Phillip Di Giuseppe"
39,"Winnipeg Jets","Lukas Sutter","US","C",18,NA,"Saskatoon Blades (WHL)",0,0,0,0,0,0,0,"2012","2012-Lukas Sutter"
40,"Tampa Bay Lightning","Dylan Blujus","US","D",18,NA,"Brampton Battalion (OHL)",0,0,0,0,0,0,0,"2012","2012-Dylan Blujus"
41,"Colorado Avalanche","Mitchell Heard","CA","C",20,NA,"Plymouth Whalers (OHL)",0,0,0,0,0,0,0,"2012","2012-Mitchell Heard"
42,"Calgary Flames","Patrick Sieloff","US","D",18,2018,"USA U-18 Development Team (USDP/USHL)",2,2,0,2,-1,2,0.4,"2012","2012-Patrick Sieloff"
43,"Dallas Stars","Ludwig Bystrom","SE","D",18,NA,"MODO Hockey Jr. (Sweden Jr.)",0,0,0,0,0,0,0,"2012","2012-Ludwig Bystrom"
44,"Buffalo Sabres","Jake McCabe","US","D",18,2026,"Wisconsin (WCHA)",662,37,147,184,12,403,37.2,"2012","2012-Jake McCabe"
46,"Minnesota Wild","Raphael Bussieres","CA","LW",18,NA,"Baie-Comeau Drakkar (QMJHL)",0,0,0,0,0,0,0,"2012","2012-Raphael Bussieres"
47,"Carolina Hurricanes","Brock McGinn","CA","LW",18,2025,"Guelph Storm (OHL)",534,80,78,158,-41,120,10.8,"2012","2012-Brock McGinn"
48,"Chicago Blackhawks","Dillon Fournier","CA","D",18,NA,"Rouyn-Noranda Huskies (QMJHL)",0,0,0,0,0,0,0,"2012","2012-Dillon Fournier"
49,"Detroit Red Wings","Martin Frk","CZ","RW",18,2022,"Halifax Mooseheads (QMJHL)",124,20,21,41,-32,24,2.9,"2012","2012-Martin Frk"
50,"Nashville Predators","Colton Sissons","CA","C",18,2026,"Kelowna Rockets (WHL)",705,95,127,222,12,256,15.6,"2012","2012-Colton Sissons"
51,"Montreal Canadiens","Dalton Thrower","CA","D",18,NA,"Saskatoon Blades (WHL)",0,0,0,0,0,0,0,"2012","2012-Dalton Thrower"
52,"Pittsburgh Penguins","Teddy Blueger","LV","C",18,2026,"Shattuck-St. Mary's School (High-MN)",420,50,103,153,19,166,10.6,"2012","2012-Teddy Blueger"
53,"Tampa Bay Lightning","Brian Hart","US","RW",18,NA,"Phillps-Exeter Academy (High-NH)",0,0,0,0,0,0,0,"2012","2012-Brian Hart"
54,"Dallas Stars","Mike Winther","CA","C",18,NA,"Prince Albert Raiders (WHL)",0,0,0,0,0,0,0,"2012","2012-Mike Winther"
55,"San Jose Sharks","Chris Tierney","CA","C",18,2024,"London Knights (OHL)",649,80,168,248,-70,135,16.4,"2012","2012-Chris Tierney"
56,"St. Louis Blues","Sam Kurker","US","RW",18,NA,"St. John's Prep (High-MA)",0,0,0,0,0,0,0,"2012","2012-Sam Kurker"
57,"Vancouver Canucks","Alexandre Mallet","CA","LW",20,NA,"Rimouski Oceanic (QMJHL)",0,0,0,0,0,0,0,"2012","2012-Alexandre Mallet"
58,"Phoenix Coyotes","Jordan Martinook","CA","LW",20,2026,"Vancouver Giants (WHL)",738,97,143,240,-22,327,16.6,"2012","2012-Jordan Martinook"
59,"New York Rangers","Cristoval Nieves","US","C",18,2020,"Kent School (High-CT)",76,5,14,19,3,24,1.4,"2012","2012-Cristoval Nieves"
60,"New Jersey Devils","Damon Severson","CA","D",18,2026,"Kelowna Rockets (WHL)",802,74,247,321,-122,494,47.8,"2012","2012-Damon Severson"
61,"Dallas Stars","Devin Shore","CA","C",18,2025,"Whitby (OJHL)",498,52,92,144,-61,79,8.2,"2012","2012-Devin Shore"
63,"Edmonton Oilers","Jujhar Khaira","CA","LW",18,2024,"Prince George (BCHL)",337,33,47,80,-55,229,2.7,"2012","2012-Jujhar Khaira"
64,"Montreal Canadiens","Tim Bozon","US","LW",18,NA,"Kamloops Blazers (WHL)",0,0,0,0,0,0,0,"2012","2012-Tim Bozon"
65,"New York Islanders","Adam Pelech","CA","D",18,2026,"Erie Otters (OHL)",578,26,137,163,89,241,36.7,"2012","2012-Adam Pelech"
66,"Nashville Predators","Jimmy Vesey","US","LW",19,2025,"South Shore (EJHL)",626,101,93,194,-58,144,13.4,"2012","2012-Jimmy Vesey"
67,"St. Louis Blues","Mackenzie MacEachern","US","LW",18,2026,"Brother Rice HS (High-MI)",127,11,11,22,5,55,1.7,"2012","2012-Mackenzie MacEachern"
68,"Minnesota Wild","John Draeger","US","D",18,NA,"Shattuck-St. Mary's School (High-MN)",0,0,0,0,0,0,0,"2012","2012-John Draeger"
70,"Winnipeg Jets","Scott Kosmachuk","CA","RW",18,2016,"Guelph Storm (OHL)",8,0,3,3,1,2,0.2,"2012","2012-Scott Kosmachuk"
71,"Tampa Bay Lightning","Tanner Richard","CA","C",19,2017,"Guelph Storm (OHL)",3,0,0,0,-2,2,-0.1,"2012","2012-Tanner Richard"
72,"Colorado Avalanche","Troy Bourke","CA","LW",18,NA,"Prince George Cougars (WHL)",0,0,0,0,0,0,0,"2012","2012-Troy Bourke"
73,"Buffalo Sabres","Justin Kea","CA","C",18,NA,"Saginaw Spirit (OHL)",0,0,0,0,0,0,0,"2012","2012-Justin Kea"
74,"Dallas Stars","Esa Lindell","FI","D",18,2026,"Jokerit Jr. (Finland Jr.)",703,56,167,223,146,162,55.5,"2012","2012-Esa Lindell"
77,"Washington Capitals","Chandler Stephenson","CA","C/LW",18,2026,"Regina Pats (WHL)",591,106,227,333,41,156,28.2,"2012","2012-Chandler Stephenson"
78,"Philadelphia Flyers","Shayne Gostisbehere","US","D",19,2026,"Union (ECAC)",698,105,319,424,-63,257,61.3,"2012","2012-Shayne Gostisbehere"
79,"Chicago Blackhawks","Chris Calnan","US","RW",18,NA,"Noble & Greenough School (High-MA)",0,0,0,0,0,0,0,"2012","2012-Chris Calnan"
81,"Pittsburgh Penguins","Oskar Sundqvist","SE","C",18,2026,"Skelleftea AIK Jr. (Sweden Jr.)",504,62,110,172,-24,211,11.5,"2012","2012-Oskar Sundqvist"
82,"Ottawa Senators","Jarrod Maidens","CA","C/LW",18,NA,"Owen Sound Attack (OHL)",0,0,0,0,0,0,0,"2012","2012-Jarrod Maidens"
84,"Florida Panthers","Steven Hodges","CA","C",18,NA,"Victoria Royals (WHL)",0,0,0,0,0,0,0,"2012","2012-Steven Hodges"
85,"Boston Bruins","Matthew Grzelcyk","US","D",18,2026,"USA U-18 Development Team (USDP/USHL)",545,26,153,179,141,255,40.5,"2012","2012-Matthew Grzelcyk"
86,"St. Louis Blues","Colton Parayko","CA","D",19,2026,"Fort McMurray (AJHL)",742,77,224,301,63,206,58.2,"2012","2012-Colton Parayko"
88,"Phoenix Coyotes","James Melindy","CA","D",18,NA,"Moncton Wildcats (QMJHL)",0,0,0,0,0,0,0,"2012","2012-James Melindy"
89,"Nashville Predators","Brendan Leipsic","CA","LW",18,2020,"Portland Winterhawks (WHL)",187,16,43,59,-16,53,3.4,"2012","2012-Brendan Leipsic"
90,"New Jersey Devils","Ben Johnson","US","C/LW",18,NA,"Windsor Spitfires (OHL)",0,0,0,0,0,0,0,"2012","2012-Ben Johnson"
91,"Edmonton Oilers","Daniil Zharkov","RU","LW",18,NA,"Belleville Bulls (OHL)",0,0,0,0,0,0,0,"2012","2012-Daniil Zharkov"
92,"Pittsburgh Penguins","Matia Marcantuoni","CA","C/RW",18,NA,"Kitchener Rangers (OHL)",0,0,0,0,0,0,0,"2012","2012-Matia Marcantuoni"
93,"Edmonton Oilers","Erik Gustafsson","SE","D",20,2025,"Djurgardens IF (Sweden)",515,47,193,240,-15,163,35.8,"2012","2012-Erik Gustafsson"
94,"Montreal Canadiens","Brady Vail","US","C",18,NA,"Windsor Spitfires (OHL)",0,0,0,0,0,0,0,"2012","2012-Brady Vail"
95,"Columbus Blue Jackets","Josh Anderson","CA","RW",18,2026,"London Knights (OHL)",634,148,107,255,-46,561,23,"2012","2012-Josh Anderson"
96,"New Jersey Devils","Ben Thomson","CA","LW",19,2017,"Kitchener Rangers (OHL)",3,0,0,0,-4,4,-0.2,"2012","2012-Ben Thomson"
97,"Anaheim Ducks","Kevin Roy","CA","C",19,2019,"Lincoln Stars (USHL)",28,6,1,7,2,6,0.8,"2012","2012-Kevin Roy"
98,"Minnesota Wild","Adam Gilmour","US","C",18,NA,"Noble & Greenough School (High-MA)",0,0,0,0,0,0,0,"2012","2012-Adam Gilmour"
100,"Washington Capitals","Thomas Di Pauli","US","C",18,2020,"USA U-18 Development Team (USDP/USHL)",2,0,0,0,-3,10,-0.1,"2012","2012-Thomas Di Pauli"
101,"Tampa Bay Lightning","Cedric Paquette","CA","C",19,2022,"Blainville-Boisbriand Armada (QMJHL)",448,51,44,95,-20,391,5.1,"2012","2012-Cedric Paquette"
102,"Phoenix Coyotes","Rhett Holland","CA","D",18,NA,"Okotoks (AJHL)",0,0,0,0,0,0,0,"2012","2012-Rhett Holland"
103,"New York Islanders","Loic Leduc","CA","D",18,NA,"Cape Breton Screaming Eagles (QMJHL)",0,0,0,0,0,0,0,"2012","2012-Loic Leduc"
104,"Dallas Stars","Gemel Smith","CA","C",18,2022,"Owen Sound Attack (OHL)",91,12,13,25,1,58,2.5,"2012","2012-Gemel Smith"
105,"Calgary Flames","Brett Kulak","CA","D",18,2026,"Vancouver Giants (WHL)",600,28,99,127,-1,240,23.2,"2012","2012-Brett Kulak"
106,"Ottawa Senators","Timothy Boyle","US","D",19,NA,"Noble & Greenough School (High-MA)",0,0,0,0,0,0,0,"2012","2012-Timothy Boyle"
107,"Washington Capitals","Austin Wuthrich","US","RW",19,NA,"Notre Dame (CCHA)",0,0,0,0,0,0,0,"2012","2012-Austin Wuthrich"
108,"Anaheim Ducks","Andrew O'Brien","CA","D",19,NA,"Chicoutimi Sagueneens (QMJHL)",0,0,0,0,0,0,0,"2012","2012-Andrew O'Brien"
109,"San Jose Sharks","Christophe Lalancette","CA","RW",18,NA,"Acadie-Bathurst Titan (QMJHL)",0,0,0,0,0,0,0,"2012","2012-Christophe Lalancette"
110,"Detroit Red Wings","Andreas Athanasiou","CA","C/LW",18,2025,"London Knights (OHL)",495,128,118,246,-112,189,23.4,"2012","2012-Andreas Athanasiou"
111,"Philadelphia Flyers","Fredric Larsson","SE","D",18,NA,"Brynas IF Jr. (Sweden Jr.)",0,0,0,0,0,0,0,"2012","2012-Fredric Larsson"
112,"Nashville Predators","Zach Stepan","US","C",18,NA,"Shattuck-St. Mary's School (High-MN)",0,0,0,0,0,0,0,"2012","2012-Zach Stepan"
114,"Florida Panthers","Alexander Delnov","RU","LW",18,NA,"Atlanty Mytishchi (Russia Jr.)",0,0,0,0,0,0,0,"2012","2012-Alexander Delnov"
115,"Carolina Hurricanes","Trevor Carrick","CA","D",18,2020,"Mississauga St. Michael's Majors (OHL)",7,0,0,0,-2,12,-0.1,"2012","2012-Trevor Carrick"
116,"St. Louis Blues","Nicholas Walters","CA","D",18,NA,"Everett Silvertips (WHL)",0,0,0,0,0,0,0,"2012","2012-Nicholas Walters"
117,"Philadelphia Flyers","Taylor Leier","CA","LW",18,2018,"Portland Winterhawks (WHL)",55,2,5,7,-8,10,-0.3,"2012","2012-Taylor Leier"
118,"Nashville Predators","Mikko Vainonen","FI","D",18,NA,"HIFK Jr. (Finland Jr.)",0,0,0,0,0,0,0,"2012","2012-Mikko Vainonen"
119,"New York Rangers","Calle Andersson","SE","D",18,NA,"Farjestad BK Jr. (Sweden Jr.)",0,0,0,0,0,0,0,"2012","2012-Calle Andersson"
120,"Carolina Hurricanes","Jaccob Slavin","US","D",18,2026,"Chicago Steel (USHL)",747,55,244,299,166,94,67.2,"2012","2012-Jaccob Slavin"
121,"Los Angeles Kings","Nikolai Prokhorkin","RU","LW",18,2020,"Krasnaya Armiya Moskva (Russia Jr.)",43,4,10,14,-6,6,0.8,"2012","2012-Nikolai Prokhorkin"
122,"Montreal Canadiens","Charles Hudon","CA","LW",18,2023,"Chicoutimi Sagueneens (QMJHL)",134,14,27,41,-29,58,1.9,"2012","2012-Charles Hudon"
123,"Edmonton Oilers","Joey Laleggia","CA","D",20,NA,"Denver (WCHA)",0,0,0,0,0,0,0,"2012","2012-Joey Laleggia"
124,"Calgary Flames","Ryan Culkin","CA","D",18,NA,"Quebec Remparts (QMJHL)",0,0,0,0,0,0,0,"2012","2012-Ryan Culkin"
125,"New York Islanders","Doyle Somerby","US","D",18,NA,"Kimball Union Academy (High-NH)",0,0,0,0,0,0,0,"2012","2012-Doyle Somerby"
126,"Toronto Maple Leafs","Dominic Toninato","US","C",18,2025,"Duluth East HS (High-MN)",189,13,22,35,12,79,2.3,"2012","2012-Dominic Toninato"
127,"Anaheim Ducks","Brian Cooper","US","D",18,NA,"Fargo Force (USHL)",0,0,0,0,0,0,0,"2012","2012-Brian Cooper"
128,"Minnesota Wild","Daniel Gunnarsson","SE","D",20,NA,"Lulea HF (Sweden)",0,0,0,0,0,0,0,"2012","2012-Daniel Gunnarsson"
129,"Carolina Hurricanes","Brendan Woods","CA","LW",20,2016,"Wisconsin (WCHA)",7,0,0,0,-1,7,-0.1,"2012","2012-Brendan Woods"
131,"Boston Bruins","Seth Griffith","CA","C",19,2022,"London Knights (OHL)",80,8,11,19,-5,24,1.3,"2012","2012-Seth Griffith"
132,"Colorado Avalanche","Michael Clarke","CA","C",18,NA,"Windsor Spitfires (OHL)",0,0,0,0,0,0,0,"2012","2012-Michael Clarke"
133,"Buffalo Sabres","Logan Nelson","US","C",19,NA,"Victoria Royals (WHL)",0,0,0,0,0,0,0,"2012","2012-Logan Nelson"
134,"Dallas Stars","Branden Troock","CA","RW",18,NA,"Seattle Thunderbirds (WHL)",0,0,0,0,0,0,0,"2012","2012-Branden Troock"
135,"New Jersey Devils","Graham Black","CA","C",19,NA,"Swift Current Broncos (WHL)",0,0,0,0,0,0,0,"2012","2012-Graham Black"
136,"Ottawa Senators","Robert Baillargeon","US","C",18,NA,"Indiana Ice (USHL)",0,0,0,0,0,0,0,"2012","2012-Robert Baillargeon"
137,"Washington Capitals","Connor Carrick","US","D",18,2023,"USA U-18 Development Team (USDP/USHL)",242,13,37,50,-19,157,8.4,"2012","2012-Connor Carrick"
138,"San Jose Sharks","Daniel O'Regan","DE","C",18,2022,"St. Sebastian's School (High-MA)",30,1,5,6,-5,2,0.1,"2012","2012-Daniel O'Regan"
139,"Chicago Blackhawks","Garret Ross","US","LW",20,NA,"Saginaw Spirit (OHL)",0,0,0,0,0,0,0,"2012","2012-Garret Ross"
140,"Detroit Red Wings","Michael McKee","CA","D",19,NA,"Lincoln Stars (USHL)",0,0,0,0,0,0,0,"2012","2012-Michael McKee"
141,"Philadelphia Flyers","Reece Willcox","CA","D",18,NA,"Merritt (BCHL)",0,0,0,0,0,0,0,"2012","2012-Reece Willcox"
142,"New York Rangers","Thomas Spelling","DK","RW",19,NA,"Herning (Denmark)",0,0,0,0,0,0,0,"2012","2012-Thomas Spelling"
143,"Pittsburgh Penguins","Clark Seymour","CA","D",19,NA,"Peterborough Petes (OHL)",0,0,0,0,0,0,0,"2012","2012-Clark Seymour"
145,"Boston Bruins","Cody Payne","GB","RW",18,NA,"Plymouth Whalers (OHL)",0,0,0,0,0,0,0,"2012","2012-Cody Payne"
147,"Vancouver Canucks","Ben Hutton","CA","D",19,2026,"Nepean (CCHL)",530,24,103,127,-63,196,21.7,"2012","2012-Ben Hutton"
148,"Phoenix Coyotes","Niklas Tikkinen","FI","D",18,NA,"Blues Jr. (Finland Jr.)",0,0,0,0,0,0,0,"2012","2012-Niklas Tikkinen"
149,"Chicago Blackhawks","Travis Brown","CA","D",18,NA,"Moose Jaw Warriors (WHL)",0,0,0,0,0,0,0,"2012","2012-Travis Brown"
150,"New Jersey Devils","Alexander Kerfoot","CA","C",18,2025,"Coquitlam (BCHL)",605,98,194,292,-9,200,22.8,"2012","2012-Alexander Kerfoot"
151,"Los Angeles Kings","Colin Miller","CA","D",19,2026,"Soo Greyhounds (OHL)",577,43,138,181,5,364,33,"2012","2012-Colin Miller"
152,"Columbus Blue Jackets","Daniel Zaar","SE","RW",18,NA,"Rogle BK Jr. (Sweden Jr.)",0,0,0,0,0,0,0,"2012","2012-Daniel Zaar"
153,"Edmonton Oilers","John McCarron","US","RW",20,NA,"Cornell (ECAC)",0,0,0,0,0,0,0,"2012","2012-John McCarron"
154,"Montreal Canadiens","Erik Nystrom","SE","LW",18,NA,"MODO Hockey Jr. (Sweden Jr.)",0,0,0,0,0,0,0,"2012","2012-Erik Nystrom"
155,"New York Islanders","Jesse Graham","CA","D",18,NA,"Niagara IceDogs (OHL)",0,0,0,0,0,0,0,"2012","2012-Jesse Graham"
156,"Toronto Maple Leafs","Connor Brown","CA","RW",18,2026,"Erie Otters (OHL)",612,112,152,264,-9,112,21.7,"2012","2012-Connor Brown"
157,"Toronto Maple Leafs","Ryan Rupert","CA","C",18,NA,"London Knights (OHL)",0,0,0,0,0,0,0,"2012","2012-Ryan Rupert"
158,"Minnesota Wild","Christoph Bertschy","CH","C",18,2018,"SC Bern (Swiss)",9,0,1,1,1,8,0,"2012","2012-Christoph Bertschy"
160,"Winnipeg Jets","Ryan Olsen","CA","C",18,NA,"Saskatoon Blades (WHL)",0,0,0,0,0,0,0,"2012","2012-Ryan Olsen"
161,"Tampa Bay Lightning","Jake Dotchin","CA","D",18,2019,"Owen Sound Attack (OHL)",103,3,20,23,23,112,5.7,"2012","2012-Jake Dotchin"
162,"Colorado Avalanche","Joseph Blandisi","CA","C/RW",18,2020,"Owen Sound Attack (OHL)",101,10,21,31,-26,78,1.7,"2012","2012-Joseph Blandisi"
164,"Nashville Predators","Simon Fernholm","SE","D",18,NA,"Huddinge IK Jr. (Sweden Jr.)",0,0,0,0,0,0,0,"2012","2012-Simon Fernholm"
165,"Calgary Flames","Coda Gordon","CA","LW",18,NA,"Swift Current Broncos (WHL)",0,0,0,0,0,0,0,"2012","2012-Coda Gordon"
167,"Washington Capitals","Riley Barber","US","RW",18,2022,"USA U-18 Development Team (USDP/USHL)",16,0,0,0,-3,4,-0.3,"2012","2012-Riley Barber"
168,"San Jose Sharks","Clifford Watson","US","D",18,NA,"Sioux City Musketeers (USHL)",0,0,0,0,0,0,0,"2012","2012-Clifford Watson"
169,"Chicago Blackhawks","Vincent Hinostroza","US","C",18,2026,"Waterloo Black Hawks (USHL)",431,61,105,166,-18,117,13.9,"2012","2012-Vincent Hinostroza"
170,"Detroit Red Wings","James De Haas","CA","D",18,NA,"Toronto (OJHL)",0,0,0,0,0,0,0,"2012","2012-James De Haas"
171,"Los Angeles Kings","Tomas Hyka","CZ","RW",19,2019,"Gatineau Olympiques (QMJHL)",27,2,5,7,0,2,0.4,"2012","2012-Tomas Hyka"
172,"Nashville Predators","Max Gortz","SE","RW",19,NA,"Farjestad BK Jr. (Sweden Jr.)",0,0,0,0,0,0,0,"2012","2012-Max Gortz"
173,"Pittsburgh Penguins","Anton Zlobin","RU","RW",19,NA,"Shawinigan Cataractes (QMJHL)",0,0,0,0,0,0,0,"2012","2012-Anton Zlobin"
174,"Florida Panthers","Francis Beauvillier","CA","C/LW",18,NA,"Rimouski Oceanic (QMJHL)",0,0,0,0,0,0,0,"2012","2012-Francis Beauvillier"
175,"Boston Bruins","Matthew Benning","CA","D",18,2025,"Spruce Grove (AJHL)",464,17,85,102,-21,239,17.8,"2012","2012-Matthew Benning"
176,"St. Louis Blues","Petteri Lindbohm","FI","D",18,2022,"Jokerit Jr. (Finland Jr.)",49,2,2,4,-9,42,0.4,"2012","2012-Petteri Lindbohm"
177,"Vancouver Canucks","Wesley Myron","CA","LW",20,NA,"Victoria (BCHL)",0,0,0,0,0,0,0,"2012","2012-Wesley Myron"
178,"Phoenix Coyotes","Hunter Fejes","US","LW",18,NA,"Shattuck-St. Mary's School (High-MN)",0,0,0,0,0,0,0,"2012","2012-Hunter Fejes"
180,"New Jersey Devils","Artur Gavrus","BY","C/LW",18,NA,"Owen Sound Attack (OHL)",0,0,0,0,0,0,0,"2012","2012-Artur Gavrus"
181,"Los Angeles Kings","Paul Ladue","US","D",20,2022,"Lincoln Stars (USHL)",70,5,13,18,-2,22,3.6,"2012","2012-Paul Ladue"
182,"Columbus Blue Jackets","Gianluca Curcuruto","CA","D",18,NA,"Soo Greyhounds (OHL)",0,0,0,0,0,0,0,"2012","2012-Gianluca Curcuruto"
183,"Dallas Stars","Dmitry Sinitsyn","RU","D",18,NA,"Massachusetts-Lowell (H-East)",0,0,0,0,0,0,0,"2012","2012-Dmitry Sinitsyn"
185,"New York Islanders","Jake Bischoff","US","D",18,2020,"Grand Rapids HS (High-MN)",4,0,0,0,-2,4,-0.1,"2012","2012-Jake Bischoff"
186,"Calgary Flames","Matthew Deblouw","US","C",18,NA,"Muskegon Lumberjacks (USHL)",0,0,0,0,0,0,0,"2012","2012-Matthew Deblouw"
187,"Anaheim Ducks","Kenton Helgesen","CA","D",18,NA,"Calgary Hitmen (WHL)",0,0,0,0,0,0,0,"2012","2012-Kenton Helgesen"
188,"Minnesota Wild","Louis Nanne","US","LW",18,NA,"Edina HS (High-MN)",0,0,0,0,0,0,0,"2012","2012-Louis Nanne"
189,"Carolina Hurricanes","Brendan Collier","US","LW",18,NA,"Malden Catholic HS (High-MA)",0,0,0,0,0,0,0,"2012","2012-Brendan Collier"
192,"Colorado Avalanche","Colin Smith","CA","C",19,2015,"Kamloops Blazers (WHL)",1,0,0,0,0,0,0,"2012","2012-Colin Smith"
193,"Buffalo Sabres","Brady Austin","CA","D",19,2017,"Belleville Bulls (OHL)",5,0,0,0,0,4,0.1,"2012","2012-Brady Austin"
194,"Florida Panthers","Jonatan Nielsen","SE","D",19,NA,"Linkoping HC Jr. (Sweden Jr.)",0,0,0,0,0,0,0,"2012","2012-Jonatan Nielsen"
195,"Washington Capitals","Christian Djoos","SE","D",18,2021,"Brynas IF Jr. (Sweden Jr.)",155,7,31,38,12,28,7.2,"2012","2012-Christian Djoos"
196,"Ottawa Senators","Mikael Wikstrand","SE","D",18,NA,"Mora IK (Sweden-2)",0,0,0,0,0,0,0,"2012","2012-Mikael Wikstrand"
197,"Washington Capitals","Jaynen Rissling","CA","D",18,NA,"Calgary Hitmen (WHL)",0,0,0,0,0,0,0,"2012","2012-Jaynen Rissling"
198,"San Jose Sharks","Joakim Ryan","US","D",19,2021,"Cornell (ECAC)",145,4,20,24,1,33,5.4,"2012","2012-Joakim Ryan"
200,"Detroit Red Wings","Rasmus Bodin","SE","LW",18,NA,"Ostersunds IK (Sweden-3)",0,0,0,0,0,0,0,"2012","2012-Rasmus Bodin"
201,"Philadelphia Flyers","Valeri Vasiliev","RU","D",18,NA,"MHK Spartak Moskva (Russia Jr.)",0,0,0,0,0,0,0,"2012","2012-Valeri Vasiliev"
202,"Tampa Bay Lightning","Nikita Gusev","RU","LW",20,2021,"Krasnaya Armiya Moskva (Russia Jr.)",97,17,37,54,-27,14,4,"2012","2012-Nikita Gusev"
204,"Buffalo Sabres","Judd Peterson","US","C/RW",18,NA,"Duluth Marshall HS (High-MN)",0,0,0,0,0,0,0,"2012","2012-Judd Peterson"
205,"Boston Bruins","Colton Hargrove","US","LW",20,NA,"Fargo Force (USHL)",0,0,0,0,0,0,0,"2012","2012-Colton Hargrove"
206,"St. Louis Blues","Tyrel Seaman","CA","C",18,NA,"Brandon Wheat Kings (WHL)",0,0,0,0,0,0,0,"2012","2012-Tyrel Seaman"
207,"Vancouver Canucks","Matthew Beattie","US","LW",19,NA,"Phillps-Exeter Academy (High-NH)",0,0,0,0,0,0,0,"2012","2012-Matthew Beattie"
208,"Phoenix Coyotes","Justin Hache","CA","D",18,NA,"Shawinigan Cataractes (QMJHL)",0,0,0,0,0,0,0,"2012","2012-Justin Hache"
209,"Toronto Maple Leafs","Viktor Loov","SE","D",19,2016,"Sodertalje SK (Sweden-2)",4,0,2,2,4,0,0.6,"2012","2012-Viktor Loov"
210,"Anaheim Ducks","Jaycob Megna","US","D",19,2025,"Nebraska-Omaha (WCHA)",193,4,23,27,-19,75,6.2,"2012","2012-Jaycob Megna"
211,"Los Angeles Kings","Nick Ebert","US","D",18,NA,"Windsor Spitfires (OHL)",0,0,0,0,0,0,0,"2012","2012-Nick Ebert"
1,"Colorado Avalanche","Nathan MacKinnon","CA","C",18,2026,"Halifax Mooseheads (QMJHL)",888,381,667,1048,190,401,120.6,"2013","2013-Nathan MacKinnon"
2,"Florida Panthers","Aleksander Barkov","FI","C",18,2025,"Tappara (Finland)",804,286,496,782,124,164,86.2,"2013","2013-Aleksander Barkov"
3,"Tampa Bay Lightning","Jonathan Drouin","CA","LW",18,2026,"Halifax Mooseheads (QMJHL)",624,110,278,388,-63,236,31.2,"2013","2013-Jonathan Drouin"
4,"Nashville Predators","Seth Jones","US","D",18,2026,"Portland Winterhawks (WHL)",878,100,350,450,-142,318,69.3,"2013","2013-Seth Jones"
5,"Carolina Hurricanes","Elias Lindholm","SE","C",18,2026,"Brynas IF (Sweden)",913,239,374,613,8,223,60.3,"2013","2013-Elias Lindholm"
6,"Calgary Flames","Sean Monahan","CA","C",18,2026,"Ottawa 67's (OHL)",836,265,339,604,-28,205,63.6,"2013","2013-Sean Monahan"
7,"Edmonton Oilers","Darnell Nurse","CA","D",18,2026,"Soo Greyhounds (OHL)",736,84,223,307,72,633,58,"2013","2013-Darnell Nurse"
8,"Buffalo Sabres","Rasmus Ristolainen","FI","D",18,2025,"TPS (Finland)",776,56,248,304,-179,383,45.8,"2013","2013-Rasmus Ristolainen"
9,"Vancouver Canucks","Bo Horvat","CA","C",18,2026,"London Knights (OHL)",831,281,303,584,-63,267,60.8,"2013","2013-Bo Horvat"
10,"Dallas Stars","Valeri Nichushkin","RU","RW",18,2026,"Traktor Chelyabinsk (Russia)",572,142,178,320,102,90,33.8,"2013","2013-Valeri Nichushkin"
11,"Philadelphia Flyers","Samuel Morin","CA","D",18,2021,"Rimouski Oceanic (QMJHL)",29,1,0,1,-10,45,-0.3,"2013","2013-Samuel Morin"
12,"Phoenix Coyotes","Max Domi","CA","C/LW",18,2026,"London Knights (OHL)",754,141,315,456,-14,720,40.9,"2013","2013-Max Domi"
13,"Winnipeg Jets","Josh Morrissey","CA","D",18,2026,"Prince Albert Raiders (WHL)",680,83,309,392,87,327,65.9,"2013","2013-Josh Morrissey"
14,"Columbus Blue Jackets","Alexander Wennberg","SE","C",18,2026,"Djurgardens IF (Sweden-2)",808,106,275,381,-48,173,25.4,"2013","2013-Alexander Wennberg"
15,"New York Islanders","Ryan Pulock","CA","D",18,2026,"Brandon Wheat Kings (WHL)",578,53,168,221,61,107,44.3,"2013","2013-Ryan Pulock"
16,"Buffalo Sabres","Nikita Zadorov","RU","D",18,2026,"London Knights (OHL)",743,52,121,173,39,886,37.4,"2013","2013-Nikita Zadorov"
17,"Ottawa Senators","Curtis Lazar","CA","C/RW",18,2026,"Edmonton Oil Kings (WHL)",580,48,78,126,-31,171,5.6,"2013","2013-Curtis Lazar"
18,"San Jose Sharks","Mirco Mueller","CH","D",18,2020,"Everett Silvertips (WHL)",185,5,23,28,-25,61,4.9,"2013","2013-Mirco Mueller"
19,"Columbus Blue Jackets","Kerby Rychel","US","LW",18,2019,"Windsor Spitfires (OHL)",43,3,11,14,5,19,1.4,"2013","2013-Kerby Rychel"
20,"Detroit Red Wings","Anthony Mantha","CA","RW",18,2026,"Val-d'Or Foreurs (QMJHL)",525,154,162,316,-4,282,34.4,"2013","2013-Anthony Mantha"
21,"Toronto Maple Leafs","Frederik Gauthier","CA","C",18,2022,"Rimouski Oceanic (QMJHL)",178,13,18,31,-9,47,1.1,"2013","2013-Frederik Gauthier"
22,"Calgary Flames","Emile Poirier","CA","LW",18,2016,"Gatineau Olympiques (QMJHL)",8,0,1,1,0,2,0,"2013","2013-Emile Poirier"
23,"Washington Capitals","Andre Burakovsky","AT","LW",18,2026,"Malmo (Sweden-2)",712,160,241,401,38,173,41.1,"2013","2013-Andre Burakovsky"
24,"Vancouver Canucks","Hunter Shinkaruk","CA","C/LW",18,2017,"Medicine Hat Tigers (WHL)",15,2,2,4,-7,4,0,"2013","2013-Hunter Shinkaruk"
25,"Montreal Canadiens","Michael McCarron","US","RW",18,2026,"USA U-18 Development Team (USDP/USHL)",321,29,37,66,-28,438,2.4,"2013","2013-Michael McCarron"
26,"Anaheim Ducks","Shea Theodore","CA","D",18,2026,"Seattle Thunderbirds (WHL)",581,79,291,370,90,179,62.3,"2013","2013-Shea Theodore"
27,"Columbus Blue Jackets","Marko DaÅˆo","AT","C",18,2020,"HC Slovan Bratislava (KHL)",141,19,26,45,1,49,4.5,"2013","2013-Marko DaÅˆo"
28,"Calgary Flames","Morgan Klimchuk","CA","LW",18,2018,"Regina Pats (WHL)",1,0,0,0,0,0,0,"2013","2013-Morgan Klimchuk"
29,"Dallas Stars","Jason Dickinson","CA","C",18,2026,"Guelph Storm (OHL)",510,69,89,158,-28,194,11,"2013","2013-Jason Dickinson"
30,"Chicago Blackhawks","Ryan Hartman","US","RW",18,2026,"Plymouth Whalers (OHL)",668,143,168,311,48,658,30.5,"2013","2013-Ryan Hartman"
31,"Florida Panthers","Ian McCoshen","US","D",18,2019,"Waterloo Black Hawks (USHL)",60,4,3,7,-12,33,1,"2013","2013-Ian McCoshen"
32,"Colorado Avalanche","Chris Bigras","CA","D",18,2018,"Owen Sound Attack (OHL)",46,1,3,4,-4,18,0.8,"2013","2013-Chris Bigras"
33,"Tampa Bay Lightning","Adam Erne","US","LW",18,2026,"Quebec Remparts (QMJHL)",393,43,51,94,-58,182,4,"2013","2013-Adam Erne"
34,"Montreal Canadiens","Jacob de La Rose","SE","LW",18,2021,"Leksands IF (Sweden-2)",242,13,25,38,-29,84,-0.4,"2013","2013-Jacob de La Rose"
35,"Buffalo Sabres","J.T. Compher","US","LW",18,2026,"USA U-18 Development Team (USDP/USHL)",594,121,159,280,-17,210,21.9,"2013","2013-J.T. Compher"
37,"Los Angeles Kings","Valentin Zykov","RU","LW",18,2020,"Baie-Comeau Drakkar (QMJHL)",55,7,10,17,-2,10,1.4,"2013","2013-Valentin Zykov"
38,"Buffalo Sabres","Connor Hurley","US","C",18,NA,"Edina HS (High-MN)",0,0,0,0,0,0,0,"2013","2013-Connor Hurley"
39,"Phoenix Coyotes","Laurent Dauphin","CA","C",18,2023,"Chicoutimi Sagueneens (QMJHL)",94,8,9,17,-18,53,0,"2013","2013-Laurent Dauphin"
40,"Dallas Stars","Remi Elie","CA","LW",18,2022,"London Knights (OHL)",107,7,15,22,5,28,1.4,"2013","2013-Remi Elie"
41,"Philadelphia Flyers","Robert Hagg","SE","D",18,2025,"MODO Hockey Jr. (Sweden Jr.)",345,16,47,63,-5,208,12.2,"2013","2013-Robert Hagg"
42,"New Jersey Devils","Steven Santini","US","D",18,2025,"USA U-18 Development Team (USDP/USHL)",124,5,18,23,-8,57,4.8,"2013","2013-Steven Santini"
43,"Winnipeg Jets","Nic Petan","CA","C",18,2024,"Portland Winterhawks (WHL)",170,7,28,35,-26,46,0.3,"2013","2013-Nic Petan"
45,"Anaheim Ducks","Nick Sorensen","DK","RW",18,2017,"Quebec Remparts (QMJHL)",5,0,1,1,-1,2,0,"2013","2013-Nick Sorensen"
46,"Minnesota Wild","Gustav Olofsson","SE","D",18,2024,"Green Bay Gamblers (USHL)",63,0,11,11,-4,18,1.4,"2013","2013-Gustav Olofsson"
47,"St. Louis Blues","Thomas Vannelli","US","D",18,NA,"Minnetonka HS (High-MN)",0,0,0,0,0,0,0,"2013","2013-Thomas Vannelli"
48,"Detroit Red Wings","Zach Nastasiuk","CA","RW",18,NA,"Owen Sound Attack (OHL)",0,0,0,0,0,0,0,"2013","2013-Zach Nastasiuk"
49,"San Jose Sharks","Gabryel Boudreau","CA","LW",18,NA,"Baie-Comeau Drakkar (QMJHL)",0,0,0,0,0,0,0,"2013","2013-Gabryel Boudreau"
50,"Columbus Blue Jackets","Dillon Heatherington","CA","D",18,2023,"Swift Current Broncos (WHL)",23,0,2,2,3,33,0.8,"2013","2013-Dillon Heatherington"
51,"Chicago Blackhawks","Carl Dahlstrom","SE","D",18,2022,"Linkoping HC Jr. (Sweden Jr.)",67,0,12,12,5,14,2.2,"2013","2013-Carl Dahlstrom"
52,"Buffalo Sabres","Justin Bailey","US","RW",18,2024,"Kitchener Rangers (OHL)",141,10,13,23,-26,24,0.3,"2013","2013-Justin Bailey"
53,"Washington Capitals","Madison Bowey","CA","D",18,2022,"Kelowna Rockets (WHL)",158,5,35,40,-22,104,5.3,"2013","2013-Madison Bowey"
55,"Montreal Canadiens","Artturi Lehkonen","FI","LW",18,2026,"KalPa (Finland)",608,152,154,306,71,190,31.5,"2013","2013-Artturi Lehkonen"
56,"Edmonton Oilers","Marc-Olivier Roy","CA","C",18,NA,"Blainville-Boisbriand Armada (QMJHL)",0,0,0,0,0,0,0,"2013","2013-Marc-Olivier Roy"
57,"St. Louis Blues","William Carrier","CA","LW",18,2026,"Cape Breton Screaming Eagles (QMJHL)",468,63,59,122,18,222,10.7,"2013","2013-William Carrier"
58,"Detroit Red Wings","Tyler Bertuzzi","CA","LW",18,2026,"Guelph Storm (OHL)",504,145,177,322,-75,321,29.9,"2013","2013-Tyler Bertuzzi"
60,"Boston Bruins","Linus Arnesson","SE","D",18,NA,"Djurgardens IF (Sweden-2)",0,0,0,0,0,0,0,"2013","2013-Linus Arnesson"
61,"Washington Capitals","Zachary Sanford","US","LW",18,2024,"Islanders Hockey Club (EJHL)",334,49,55,104,-8,144,8.2,"2013","2013-Zachary Sanford"
62,"Phoenix Coyotes","Pavel Laplante","CA","C",18,NA,"Prince Edward Island Rocket (QMJHL)",0,0,0,0,0,0,0,"2013","2013-Pavel Laplante"
64,"Nashville Predators","Jonathan Diaby","CA","D",18,NA,"Victoriaville Tigres (QMJHL)",0,0,0,0,0,0,0,"2013","2013-Jonathan Diaby"
65,"New York Rangers","Adam Tambellini","CA","C",18,NA,"Surrey (BCHL)",0,0,0,0,0,0,0,"2013","2013-Adam Tambellini"
66,"Carolina Hurricanes","Brett Pesce","US","D",18,2026,"New Hampshire (H-East)",708,42,176,218,90,258,50.9,"2013","2013-Brett Pesce"
67,"Calgary Flames","Keegan Kanzig","CA","D",18,NA,"Victoria Royals (WHL)",0,0,0,0,0,0,0,"2013","2013-Keegan Kanzig"
68,"Dallas Stars","Niklas Hansson","SE","D",18,NA,"Rogle BK Jr. (Sweden Jr.)",0,0,0,0,0,0,0,"2013","2013-Niklas Hansson"
69,"Buffalo Sabres","Nicholas Baptiste","CA","RW",18,2018,"Sudbury Wolves (OHL)",47,7,3,10,-3,20,1.1,"2013","2013-Nicholas Baptiste"
71,"Montreal Canadiens","Connor Crisp","CA","LW",19,NA,"Erie Otters (OHL)",0,0,0,0,0,0,0,"2013","2013-Connor Crisp"
72,"Philadelphia Flyers","Tyrell Goulbourne","CA","LW",19,2019,"Kelowna Rockets (WHL)",11,0,0,0,-2,2,-0.2,"2013","2013-Tyrell Goulbourne"
73,"New Jersey Devils","Ryan Kujawinski","CA","C",18,NA,"Kingston Frontenacs (OHL)",0,0,0,0,0,0,0,"2013","2013-Ryan Kujawinski"
74,"Chicago Blackhawks","John Hayden","US","C",18,2026,"USA U-18 Development Team (USDP/USHL)",272,18,21,39,-31,323,0.2,"2013","2013-John Hayden"
75,"New York Rangers","Pavel Buchnevich","RU","LW",18,2026,"Almaz Cherepovets (Russia Jr.)",612,184,281,465,55,257,48.3,"2013","2013-Pavel Buchnevich"
76,"New York Islanders","Taylor Cammarata","US","C/LW",18,NA,"Waterloo Black Hawks (USHL)",0,0,0,0,0,0,0,"2013","2013-Taylor Cammarata"
77,"Pittsburgh Penguins","Jake Guentzel","US","C",18,2026,"Sioux City Musketeers (USHL)",617,275,312,587,89,260,68.3,"2013","2013-Jake Guentzel"
79,"Detroit Red Wings","Mattias Janmark","SE","C",20,2026,"AIK (Sweden)",641,82,131,213,-17,207,14.1,"2013","2013-Mattias Janmark"
80,"New York Rangers","Anthony Duclair","CA","LW",18,2026,"Quebec Remparts (QMJHL)",625,156,164,320,27,213,34.5,"2013","2013-Anthony Duclair"
81,"Minnesota Wild","Kurtis Gabriel","CA","RW",20,2022,"Owen Sound Attack (OHL)",51,2,3,5,2,153,0.3,"2013","2013-Kurtis Gabriel"
82,"Toronto Maple Leafs","Carter Verhaeghe","CA","C",18,2026,"Niagara IceDogs (OHL)",429,149,161,310,45,221,34.4,"2013","2013-Carter Verhaeghe"
83,"Edmonton Oilers","Bogdan Yakimov","RU","C",18,2015,"Reaktor Nizhnekamsk (Russia Jr.)",1,0,0,0,-1,0,-0.1,"2013","2013-Bogdan Yakimov"
84,"Winnipeg Jets","Jimmy Lodge","US","C",18,NA,"Saginaw Spirit (OHL)",0,0,0,0,0,0,0,"2013","2013-Jimmy Lodge"
85,"Vancouver Canucks","Cole Cassels","US","C",18,NA,"Oshawa Generals (OHL)",0,0,0,0,0,0,0,"2013","2013-Cole Cassels"
86,"Montreal Canadiens","Sven Andrighetto","CH","RW",20,2019,"Rouyn-Noranda Huskies (QMJHL)",216,31,52,83,-3,42,7.5,"2013","2013-Sven Andrighetto"
87,"Anaheim Ducks","Keaton Thompson","US","D",18,NA,"USA U-18 Development Team (USDP/USHL)",0,0,0,0,0,0,0,"2013","2013-Keaton Thompson"
88,"Edmonton Oilers","Anton Slepyshev","RU","LW",19,2018,"Salavat Yulaev Ufa (Russia)",102,10,13,23,-4,14,1.4,"2013","2013-Anton Slepyshev"
89,"Columbus Blue Jackets","Oliver Bjorkstrand","DK","RW",18,2026,"Portland Winterhawks (WHL)",641,173,217,390,-39,122,38.8,"2013","2013-Oliver Bjorkstrand"
90,"Boston Bruins","Peter Cehlarik","SK","LW",18,2020,"Lulea HF Jr. (Sweden Jr.)",40,5,6,11,4,10,1,"2013","2013-Peter Cehlarik"
91,"Winnipeg Jets","J.C. Lipon","CA","RW",20,2016,"Kamloops Blazers (WHL)",9,0,1,1,0,5,0,"2013","2013-J.C. Lipon"
93,"Colorado Avalanche","Mason Geertsen","CA","D",18,2026,"Vancouver Giants (WHL)",30,0,0,0,-7,89,-0.3,"2013","2013-Mason Geertsen"
94,"Edmonton Oilers","Jackson Houck","CA","RW",18,NA,"Vancouver Giants (WHL)",0,0,0,0,0,0,0,"2013","2013-Jackson Houck"
95,"Nashville Predators","Felix Girard","CA","C",19,NA,"Baie-Comeau Drakkar (QMJHL)",0,0,0,0,0,0,0,"2013","2013-Felix Girard"
96,"Edmonton Oilers","Kyle Platzer","CA","C",18,NA,"London Knights (OHL)",0,0,0,0,0,0,0,"2013","2013-Kyle Platzer"
97,"Florida Panthers","Michael Downing","US","D",18,NA,"Dubuque Fighting Saints (USHL)",0,0,0,0,0,0,0,"2013","2013-Michael Downing"
98,"Florida Panthers","Matt Buckles","CA","C",18,NA,"St. Michael's (OJHL)",0,0,0,0,0,0,0,"2013","2013-Matt Buckles"
100,"New Jersey Devils","Miles Wood","US","LW",18,2026,"Noble & Greenough School (High-MA)",525,95,91,186,-75,554,14.6,"2013","2013-Miles Wood"
101,"Dallas Stars","Nicholas Paul","CA","LW",18,2025,"Brampton Battalion (OHL)",486,97,102,199,-20,182,16,"2013","2013-Nicholas Paul"
102,"Ottawa Senators","Tobias Lindberg","SE","RW",18,2016,"Djurgardens IF Jr. (Sweden Jr.)",6,0,2,2,0,4,0.1,"2013","2013-Tobias Lindberg"
103,"Los Angeles Kings","Justin Auger","CA","RW",19,2018,"Guelph Storm (OHL)",2,0,0,0,-1,0,-0.1,"2013","2013-Justin Auger"
104,"Winnipeg Jets","Andrew Copp","US","C",19,2026,"Michigan (CCHA)",718,115,192,307,67,159,27.1,"2013","2013-Andrew Copp"
105,"Columbus Blue Jackets","Nick Moutrey","CA","C/LW",18,NA,"Saginaw Spirit (OHL)",0,0,0,0,0,0,0,"2013","2013-Nick Moutrey"
107,"Minnesota Wild","Dylan Labbe","CA","D",18,NA,"Shawinigan Cataractes (QMJHL)",0,0,0,0,0,0,0,"2013","2013-Dylan Labbe"
108,"Ottawa Senators","Ben Harpur","CA","D",18,2023,"Guelph Storm (OHL)",198,2,19,21,-42,143,2,"2013","2013-Ben Harpur"
109,"Detroit Red Wings","David Pope","CA","LW",18,NA,"West Kelowna (BCHL)",0,0,0,0,0,0,0,"2013","2013-David Pope"
110,"New York Rangers","Ryan Graves","CA","D",18,2026,"Prince Edward Island Rocket (QMJHL)",437,33,86,119,81,215,27.1,"2013","2013-Ryan Graves"
111,"Chicago Blackhawks","Robin Norell","SE","D",18,NA,"Djurgardens IF Jr. (Sweden Jr.)",0,0,0,0,0,0,0,"2013","2013-Robin Norell"
112,"St. Louis Blues","Zach Pochiro","US","LW",19,NA,"Prince George Cougars (WHL)",0,0,0,0,0,0,0,"2013","2013-Zach Pochiro"
113,"Edmonton Oilers","Aidan Muir","CA","W",18,NA,"Victory Honda (T1EHL 18U)",0,0,0,0,0,0,0,"2013","2013-Aidan Muir"
114,"Winnipeg Jets","Jan Kostalek","CZ","D",18,NA,"Rimouski Oceanic (QMJHL)",0,0,0,0,0,0,0,"2013","2013-Jan Kostalek"
115,"Vancouver Canucks","Jordan Subban","CA","D",18,NA,"Belleville Bulls (OHL)",0,0,0,0,0,0,0,"2013","2013-Jordan Subban"
116,"Montreal Canadiens","Martin Reway","CZ","LW",18,NA,"Gatineau Olympiques (QMJHL)",0,0,0,0,0,0,0,"2013","2013-Martin Reway"
118,"Los Angeles Kings","Hudson Fasching","US","RW",18,2025,"USA U-18 Development Team (USDP/USHL)",175,17,23,40,-7,30,2.2,"2013","2013-Hudson Fasching"
119,"Pittsburgh Penguins","Ryan Segalla","US","D",18,NA,"Salisbury School (High-CT)",0,0,0,0,0,0,0,"2013","2013-Ryan Segalla"
120,"Boston Bruins","Ryan Fitzgerald","US","C",18,NA,"Valley (EJHL)",0,0,0,0,0,0,0,"2013","2013-Ryan Fitzgerald"
121,"Chicago Blackhawks","Tyler Motte","US","C",18,2025,"USA U-18 Development Team (USDP/USHL)",455,53,46,99,-38,116,4.7,"2013","2013-Tyler Motte"
122,"Florida Panthers","Christopher Clapperton","CA","LW",19,NA,"Blainville-Boisbriand Armada (QMJHL)",0,0,0,0,0,0,0,"2013","2013-Christopher Clapperton"
123,"Colorado Avalanche","Will Butcher","US","D",18,2022,"USA U-18 Development Team (USDP/USHL)",275,16,98,114,-37,34,16.1,"2013","2013-Will Butcher"
125,"Nashville Predators","Saku Maenalanen","FI","RW",19,2023,"Karpat Jr. (Finland Jr.)",98,8,10,18,0,36,1.1,"2013","2013-Saku Maenalanen"
126,"Carolina Hurricanes","Brent Pedersen","CA","LW",18,NA,"Kitchener Rangers (OHL)",0,0,0,0,0,0,0,"2013","2013-Brent Pedersen"
127,"Winnipeg Jets","Tucker Poolman","US","D",20,2023,"Omaha Lancers (USHL)",163,6,17,23,2,38,5.5,"2013","2013-Tucker Poolman"
128,"Edmonton Oilers","Evan Campbell","CA","LW",20,NA,"Langley (BCHL)",0,0,0,0,0,0,0,"2013","2013-Evan Campbell"
130,"Buffalo Sabres","Gustav Possler","SE","RW",18,NA,"MODO Hockey Jr. (Sweden Jr.)",0,0,0,0,0,0,0,"2013","2013-Gustav Possler"
131,"Dallas Stars","Cole Ully","CA","LW",18,NA,"Kamloops Blazers (WHL)",0,0,0,0,0,0,0,"2013","2013-Cole Ully"
132,"Philadelphia Flyers","Terrance Amorosa","CA","D",18,NA,"Holderness School (High-NH)",0,0,0,0,0,0,0,"2013","2013-Terrance Amorosa"
133,"Phoenix Coyotes","Connor Clifton","US","D",18,2026,"USA U-18 Development Team (USDP/USHL)",390,15,62,77,41,294,17.6,"2013","2013-Connor Clifton"
134,"Chicago Blackhawks","Luke Johnson","US","C",18,2021,"Lincoln Stars (USHL)",32,1,1,2,-16,13,-1,"2013","2013-Luke Johnson"
135,"Calgary Flames","Eric Roy","CA","D",18,NA,"Brandon Wheat Kings (WHL)",0,0,0,0,0,0,0,"2013","2013-Eric Roy"
136,"New York Islanders","Victor CrusRydberg","SE","C",18,NA,"Linkoping HC Jr. (Sweden Jr.)",0,0,0,0,0,0,0,"2013","2013-Victor CrusRydberg"
137,"Minnesota Wild","Carson Soucy","CA","D",19,2026,"Spruce Grove (AJHL)",380,28,62,90,65,246,21.7,"2013","2013-Carson Soucy"
138,"Ottawa Senators","Vincent Dunn","CA","C",18,NA,"Val-d'Or Foreurs (QMJHL)",0,0,0,0,0,0,0,"2013","2013-Vincent Dunn"
139,"Detroit Red Wings","Mitchell Wheaton","CA","D",18,NA,"Kelowna Rockets (WHL)",0,0,0,0,0,0,0,"2013","2013-Mitchell Wheaton"
140,"Nashville Predators","Teemu Kivihalme","US","D",18,NA,"Burnsville HS (High-MN)",0,0,0,0,0,0,0,"2013","2013-Teemu Kivihalme"
141,"San Jose Sharks","Michael Brodzinski","US","D",18,NA,"Muskegon Lumberjacks (USHL)",0,0,0,0,0,0,0,"2013","2013-Michael Brodzinski"
142,"Toronto Maple Leafs","Fabrice Herzog","CH","RW",18,NA,"Zug Jr. (Swiss Jr.)",0,0,0,0,0,0,0,"2013","2013-Fabrice Herzog"
143,"Buffalo Sabres","Anthony Florentino","US","D",18,NA,"Selects Academy 18U AAA (18U AAA)",0,0,0,0,0,0,0,"2013","2013-Anthony Florentino"
144,"Washington Capitals","Blake Heinrich","US","D",18,NA,"Sioux City Musketeers (USHL)",0,0,0,0,0,0,0,"2013","2013-Blake Heinrich"
145,"Vancouver Canucks","Anton Cederholm","SE","D",18,NA,"Rogle BK Jr. (Sweden Jr.)",0,0,0,0,0,0,0,"2013","2013-Anton Cederholm"
147,"Anaheim Ducks","Grant Besse","US","RW",19,NA,"Benilde-St. Margaret's School (High-MN)",0,0,0,0,0,0,0,"2013","2013-Grant Besse"
148,"Los Angeles Kings","Jonny Brodzinski","US","C",20,2026,"St. Cloud State (WCHA)",217,28,29,57,14,44,5.3,"2013","2013-Jonny Brodzinski"
149,"Dallas Stars","Matej Paulovic","SK","LW",18,NA,"Farjestad BK Jr. (Sweden Jr.)",0,0,0,0,0,0,0,"2013","2013-Matej Paulovic"
150,"Boston Bruins","Wiley Sherman","US","D",18,NA,"Hotchkiss School (High-CT)",0,0,0,0,0,0,0,"2013","2013-Wiley Sherman"
151,"San Jose Sharks","Gage Ausmus","US","D",18,NA,"USA U-18 Development Team (USDP/USHL)",0,0,0,0,0,0,0,"2013","2013-Gage Ausmus"
152,"Florida Panthers","Joshua Brown","CA","D",19,2025,"Oshawa Generals (OHL)",300,11,24,35,-28,307,5.9,"2013","2013-Joshua Brown"
153,"Colorado Avalanche","Ben Storm","US","D",19,NA,"Muskegon Lumberjacks (USHL)",0,0,0,0,0,0,0,"2013","2013-Ben Storm"
154,"Tampa Bay Lightning","Henri Ikonen","FI","LW",19,NA,"Kingston Frontenacs (OHL)",0,0,0,0,0,0,0,"2013","2013-Henri Ikonen"
155,"Nashville Predators","Emil Pettersson","SE","C",19,NA,"Timra IK Jr. (Sweden Jr.)",0,0,0,0,0,0,0,"2013","2013-Emil Pettersson"
156,"Carolina Hurricanes","Tyler Ganly","CA","D",18,NA,"Soo Greyhounds (OHL)",0,0,0,0,0,0,0,"2013","2013-Tyler Ganly"
157,"Calgary Flames","Tim Harrison","US","RW",19,NA,"Dexter Southfield School (High-MA)",0,0,0,0,0,0,0,"2013","2013-Tim Harrison"
158,"Edmonton Oilers","Ben Betker","CA","D",18,NA,"Everett Silvertips (WHL)",0,0,0,0,0,0,0,"2013","2013-Ben Betker"
159,"Buffalo Sabres","Sean Malone","US","C",18,2021,"USA U-18 Development Team (USDP/USHL)",2,0,1,1,-1,2,0,"2013","2013-Sean Malone"
160,"New Jersey Devils","Myles Bell","CA","RW",20,NA,"Kelowna Rockets (WHL)",0,0,0,0,0,0,0,"2013","2013-Myles Bell"
161,"Ottawa Senators","Chris Leblanc","US","RW",20,NA,"South Shore (EJHL)",0,0,0,0,0,0,0,"2013","2013-Chris Leblanc"
164,"Pittsburgh Penguins","Dane Birks","CA","D",18,NA,"Merritt (BCHL)",0,0,0,0,0,0,0,"2013","2013-Dane Birks"
165,"Columbus Blue Jackets","Markus Soberg","NO","RW",18,NA,"Frolunda HC Jr. (Sweden Jr.)",0,0,0,0,0,0,0,"2013","2013-Markus Soberg"
167,"Minnesota Wild","Avery Peterson","US","C",18,NA,"Grand Rapids HS (High-MN)",0,0,0,0,0,0,0,"2013","2013-Avery Peterson"
168,"Ottawa Senators","Quentin Shore","US","C",19,NA,"Denver (WCHA)",0,0,0,0,0,0,0,"2013","2013-Quentin Shore"
169,"Detroit Red Wings","Marc McNulty","CA","D",18,NA,"Prince George Cougars (WHL)",0,0,0,0,0,0,0,"2013","2013-Marc McNulty"
171,"Nashville Predators","Tommy Veilleux","CA","LW",18,NA,"Victoriaville Tigres (QMJHL)",0,0,0,0,0,0,0,"2013","2013-Tommy Veilleux"
173,"St. Louis Blues","Santeri Saari","FI","D",18,NA,"Jokerit Jr. (Finland Jr.)",0,0,0,0,0,0,0,"2013","2013-Santeri Saari"
174,"Washington Capitals","Brian Pinho","US","C",18,2021,"St. John's Prep (High-MA)",2,0,0,0,-2,0,-0.1,"2013","2013-Brian Pinho"
175,"Vancouver Canucks","Mike Williamson","CA","D",20,NA,"Spruce Grove (AJHL)",0,0,0,0,0,0,0,"2013","2013-Mike Williamson"
176,"Montreal Canadiens","Jeremy Gregoire","CA","C",18,NA,"Baie-Comeau Drakkar (QMJHL)",0,0,0,0,0,0,0,"2013","2013-Jeremy Gregoire"
177,"Anaheim Ducks","Miro Aaltonen","FI","C",20,NA,"Blues (Finland)",0,0,0,0,0,0,0,"2013","2013-Miro Aaltonen"
178,"Los Angeles Kings","Zachary Leslie","CA","D",19,NA,"Guelph Storm (OHL)",0,0,0,0,0,0,0,"2013","2013-Zachary Leslie"
179,"Pittsburgh Penguins","Blaine Byron","CA","C",18,NA,"Smiths Falls (CCHL)",0,0,0,0,0,0,0,"2013","2013-Blaine Byron"
180,"Boston Bruins","Anton Blidh","SE","LW",18,2024,"Frolunda HC Jr. (Sweden Jr.)",85,4,8,12,-14,43,-0.2,"2013","2013-Anton Blidh"
181,"Chicago Blackhawks","Anthony Louis","US","C",18,NA,"USA U-18 Development Team (USDP/USHL)",0,0,0,0,0,0,0,"2013","2013-Anthony Louis"
182,"Dallas Stars","Aleksi Makela","FI","D",18,NA,"Ilves Jr. (Finland Jr.)",0,0,0,0,0,0,0,"2013","2013-Aleksi Makela"
183,"Colorado Avalanche","Wilhelm Westlund","SE","D",18,NA,"Farjestad BK Jr. (Sweden Jr.)",0,0,0,0,0,0,0,"2013","2013-Wilhelm Westlund"
184,"Tampa Bay Lightning","Saku Salminen","FI","C",18,NA,"Kiekko-Vantaa (Finland-2)",0,0,0,0,0,0,0,"2013","2013-Saku Salminen"
185,"Nashville Predators","Wade Murphy","CA","RW",19,NA,"Penticton (BCHL)",0,0,0,0,0,0,0,"2013","2013-Wade Murphy"
186,"Tampa Bay Lightning","Joel Vermin","CH","RW",21,2017,"SC Bern (Swiss)",24,0,4,4,3,4,0.2,"2013","2013-Joel Vermin"
187,"Calgary Flames","Rushan Rafikov","RU","D",18,NA,"Loko Yaroslavl (Russia Jr.)",0,0,0,0,0,0,0,"2013","2013-Rushan Rafikov"
188,"Edmonton Oilers","Gregory Chase","CA","C/RW",18,NA,"Calgary Hitmen (WHL)",0,0,0,0,0,0,0,"2013","2013-Gregory Chase"
189,"Buffalo Sabres","Eric Locke","US","C",19,NA,"Saginaw Spirit (OHL)",0,0,0,0,0,0,0,"2013","2013-Eric Locke"
191,"Los Angeles Kings","Dominik Kubalik","CZ","LW",18,2024,"Sudbury Wolves (OHL)",357,93,83,176,-62,93,16.4,"2013","2013-Dominik Kubalik"
192,"Philadelphia Flyers","David Drake","US","D",18,NA,"Des Moines Buccaneers (USHL)",0,0,0,0,0,0,0,"2013","2013-David Drake"
193,"Phoenix Coyotes","Jedd Soleway","CA","C",19,NA,"Penticton (BCHL)",0,0,0,0,0,0,0,"2013","2013-Jedd Soleway"
194,"Winnipeg Jets","Marcus Karlstrom","SE","D",18,NA,"AIK Jr. (Sweden Jr.)",0,0,0,0,0,0,0,"2013","2013-Marcus Karlstrom"
195,"Columbus Blue Jackets","Peter Quenneville","CA","C/RW",19,NA,"Dubuque Fighting Saints (USHL)",0,0,0,0,0,0,0,"2013","2013-Peter Quenneville"
196,"New York Islanders","Kyle Burroughs","CA","D",18,2025,"Regina Pats (WHL)",201,5,17,22,-45,216,2.9,"2013","2013-Kyle Burroughs"
197,"Minnesota Wild","Nolan De Jong","CA","D",18,NA,"Victoria (BCHL)",0,0,0,0,0,0,0,"2013","2013-Nolan De Jong"
198,"Calgary Flames","John Gilmour","CA","D",20,2020,"Providence (H-East)",37,2,3,5,-16,18,0.1,"2013","2013-John Gilmour"
199,"Detroit Red Wings","Hampus Melen","SE","RW",18,NA,"Tingsryds AIF Jr. (Sweden Jr.)",0,0,0,0,0,0,0,"2013","2013-Hampus Melen"
201,"San Jose Sharks","Jacob Jackson","US","C",18,NA,"Tartan HS (High-MN)",0,0,0,0,0,0,0,"2013","2013-Jacob Jackson"
202,"Toronto Maple Leafs","Andreas Johnson","SE","LW",18,2023,"Frolunda HC Jr. (Sweden Jr.)",259,48,68,116,9,94,10.2,"2013","2013-Andreas Johnson"
204,"Washington Capitals","Tyler Lewington","CA","D",18,2022,"Medicine Hat Tigers (WHL)",12,1,2,3,4,40,0.8,"2013","2013-Tyler Lewington"
205,"Vancouver Canucks","Miles Liberati","US","D",18,NA,"London Knights (OHL)",0,0,0,0,0,0,0,"2013","2013-Miles Liberati"
206,"Florida Panthers","MacKenzie Weegar","CA","D",19,2026,"Halifax Mooseheads (QMJHL)",570,59,196,255,96,413,47.5,"2013","2013-MacKenzie Weegar"
207,"San Jose Sharks","Emil Galimov","RU","LW",21,NA,"Lokomotiv Yaroslavl (Russia)",0,0,0,0,0,0,0,"2013","2013-Emil Galimov"
209,"Pittsburgh Penguins","Troy Josephs","CA","C",19,NA,"St. Michael's (OJHL)",0,0,0,0,0,0,0,"2013","2013-Troy Josephs"
210,"Boston Bruins","Mitchell Dempsey","CA","LW",18,NA,"Soo Greyhounds (OHL)",0,0,0,0,0,0,0,"2013","2013-Mitchell Dempsey"
211,"Chicago Blackhawks","Robin Press","SE","D",18,NA,"Sodertalje SK (Sweden-2)",0,0,0,0,0,0,0,"2013","2013-Robin Press"
1,"Florida Panthers","Aaron Ekblad","CA","D",18,2026,"Barrie Colts (OHL)",750,119,265,384,91,517,71.1,"2014","2014-Aaron Ekblad"
2,"Buffalo Sabres","Sam Reinhart","CA","C",18,2026,"Kootenay Ice (WHL)",793,304,328,632,-57,175,69,"2014","2014-Sam Reinhart"
3,"Edmonton Oilers","Leon Draisaitl","DE","C",18,2026,"Prince Albert Raiders (WHL)",810,412,567,979,95,346,115.5,"2014","2014-Leon Draisaitl"
4,"Calgary Flames","Samuel Bennett","CA","C",18,2026,"Kingston Frontenacs (OHL)",709,165,176,341,-29,688,31.1,"2014","2014-Samuel Bennett"
5,"New York Islanders","Michael Dal Colle","CA","LW",18,2022,"Oshawa Generals (OHL)",112,8,13,21,-3,18,0.7,"2014","2014-Michael Dal Colle"
6,"Vancouver Canucks","Jake Virtanen","CA","RW",18,2021,"Calgary Hitmen (WHL)",317,55,45,100,-29,219,8.5,"2014","2014-Jake Virtanen"
7,"Carolina Hurricanes","Haydn Fleury","CA","D",18,2026,"Red Deer Rebels (WHL)",322,10,34,44,-34,91,7.9,"2014","2014-Haydn Fleury"
8,"Toronto Maple Leafs","William Nylander","CA","C/RW",18,2026,"MODO Hockey (Sweden)",701,270,368,638,40,194,69.9,"2014","2014-William Nylander"
9,"Winnipeg Jets","Nikolaj Ehlers","DK","LW",18,2026,"Halifax Mooseheads (QMJHL)",692,229,303,532,112,228,62,"2014","2014-Nikolaj Ehlers"
10,"Anaheim Ducks","Nicholas Ritchie","CA","LW",18,2023,"Peterborough Petes (OHL)",481,84,102,186,-29,483,16.1,"2014","2014-Nicholas Ritchie"
11,"Nashville Predators","Kevin Fiala","CH","LW",18,2026,"HV71 Jr. (Sweden Jr.)",670,220,282,502,11,377,53.3,"2014","2014-Kevin Fiala"
12,"Arizona Coyotes","Brendan Perlini","GB","LW",18,2022,"Niagara IceDogs (OHL)",262,50,31,81,-43,92,6.8,"2014","2014-Brendan Perlini"
13,"Washington Capitals","Jakub Vrana","CZ","L/RW",18,2025,"Linkoping HC (Sweden)",406,119,104,223,21,113,25.8,"2014","2014-Jakub Vrana"
14,"Dallas Stars","Julius Honka","FI","D",18,2019,"Swift Current Broncos (WHL)",87,2,11,13,-7,28,2.3,"2014","2014-Julius Honka"
15,"Detroit Red Wings","Dylan Larkin","US","C",18,2026,"USA U-18 Development Team (USDP/USHL)",752,253,345,598,-97,461,59.6,"2014","2014-Dylan Larkin"
16,"Columbus Blue Jackets","Sonny Milano","US","LW",18,2026,"USA U-18 Development Team (USDP/USHL)",321,63,75,138,-31,76,12.4,"2014","2014-Sonny Milano"
17,"Philadelphia Flyers","Travis Sanheim","CA","D",18,2026,"Calgary Hitmen (WHL)",597,55,164,219,-51,267,35.8,"2014","2014-Travis Sanheim"
18,"Minnesota Wild","Alex Tuch","US","RW",18,2026,"USA U-18 Development Team (USDP/USHL)",554,174,224,398,56,237,42.8,"2014","2014-Alex Tuch"
19,"Tampa Bay Lightning","Anthony Deangelo","US","D",18,2026,"Sarnia Sting (OHL)",424,53,183,236,-36,359,33.5,"2014","2014-Anthony Deangelo"
20,"Chicago Blackhawks","Nick Schmaltz","US","C",18,2026,"Green Bay Gamblers (USHL)",606,152,292,444,-22,130,41.5,"2014","2014-Nick Schmaltz"
21,"St. Louis Blues","Robert Fabbri","CA","C",18,2025,"Guelph Storm (OHL)",442,106,110,216,-95,203,19,"2014","2014-Robert Fabbri"
22,"Pittsburgh Penguins","Kasperi Kapanen","FI","RW",18,2026,"KalPa (Finland)",533,90,134,224,-14,126,17.4,"2014","2014-Kasperi Kapanen"
23,"Colorado Avalanche","Conner Bleackley","CA","C",18,NA,"Red Deer Rebels (WHL)",0,0,0,0,0,0,0,"2014","2014-Conner Bleackley"
24,"Vancouver Canucks","Jared McCann","CA","C",18,2026,"Soo Greyhounds (OHL)",673,187,215,402,16,218,42.9,"2014","2014-Jared McCann"
25,"Boston Bruins","David Pastrnak","CZ","RW",18,2026,"Sodertalje SK (Sweden-2)",776,402,457,859,137,356,110.2,"2014","2014-David Pastrnak"
26,"Montreal Canadiens","Nikita Scherbak","RU","RW",18,2019,"Saskatoon Blades (WHL)",37,6,2,8,-8,10,0.5,"2014","2014-Nikita Scherbak"
27,"San Jose Sharks","Nikolay Goldobin","RU","RW",18,2020,"Sarnia Sting (OHL)",125,19,27,46,-23,24,3.3,"2014","2014-Nikolay Goldobin"
28,"New York Islanders","Joshua Ho-Sang","CA","C/RW",18,2019,"Windsor Spitfires (OHL)",53,7,17,24,-4,20,1.7,"2014","2014-Joshua Ho-Sang"
29,"Los Angeles Kings","Adrian Kempe","SE","LW",18,2026,"MODO Hockey (Sweden)",649,200,220,420,29,383,45.8,"2014","2014-Adrian Kempe"
30,"New Jersey Devils","John Quenneville","CA","C",18,2020,"Brandon Wheat Kings (WHL)",42,2,3,5,-4,6,-0.1,"2014","2014-John Quenneville"
31,"Buffalo Sabres","Brendan Lemieux","US","LW",18,2024,"Barrie Colts (OHL)",307,36,38,74,-10,548,5.3,"2014","2014-Brendan Lemieux"
32,"Florida Panthers","Jayce Hawryluk","CA","C",18,2021,"Brandon Wheat Kings (WHL)",98,12,15,27,-14,41,1.8,"2014","2014-Jayce Hawryluk"
33,"St. Louis Blues","Ivan Barbashev","RU","C/LW",18,2026,"Moncton Wildcats (QMJHL)",602,133,173,306,59,188,30.6,"2014","2014-Ivan Barbashev"
35,"Tampa Bay Lightning","Dominik Masin","CZ","D",18,NA,"HC Slavia Praha Jr. (Czech Jr.)",0,0,0,0,0,0,0,"2014","2014-Dominik Masin"
38,"Anaheim Ducks","Marcus Pettersson","SE","D",18,2026,"Skelleftea AIK Jr. (Sweden Jr.)",541,18,147,165,89,335,33.2,"2014","2014-Marcus Pettersson"
40,"Ottawa Senators","Andreas Englund","SE","D",18,2025,"Djurgardens IF (Sweden-2)",197,2,18,20,-25,188,3,"2014","2014-Andreas Englund"
41,"New Jersey Devils","Joshua Jacobs","US","D",18,2020,"Indiana Ice (USHL)",3,0,0,0,0,2,0.1,"2014","2014-Joshua Jacobs"
42,"Nashville Predators","Vladislav Kamenev","RU","LW",18,2020,"Stalnye Lisy Magnitogorsk (Russia Jr.)",66,3,10,13,-7,20,0.3,"2014","2014-Vladislav Kamenev"
43,"Arizona Coyotes","Ryan MacInnis","US","C",18,2022,"Kitchener Rangers (OHL)",27,0,1,1,-2,0,-0.4,"2014","2014-Ryan MacInnis"
44,"Buffalo Sabres","Eric Cornel","CA","C",18,NA,"Peterborough Petes (OHL)",0,0,0,0,0,0,0,"2014","2014-Eric Cornel"
45,"Dallas Stars","Brett Pollock","CA","LW",18,NA,"Edmonton Oil Kings (WHL)",0,0,0,0,0,0,0,"2014","2014-Brett Pollock"
46,"San Jose Sharks","Julius Bergman","SE","D",18,NA,"Frolunda HC Jr. (Sweden Jr.)",0,0,0,0,0,0,0,"2014","2014-Julius Bergman"
47,"Columbus Blue Jackets","Ryan Collins","US","D",18,NA,"USA U-18 Development Team (USDP/USHL)",0,0,0,0,0,0,0,"2014","2014-Ryan Collins"
48,"Philadelphia Flyers","Nicolas Aube-Kubel","CA","RW",18,2025,"Val-d'Or Foreurs (QMJHL)",304,32,48,80,10,202,5.8,"2014","2014-Nicolas Aube-Kubel"
49,"Buffalo Sabres","Vaclav Karabacek","CZ","RW",18,NA,"Gatineau Olympiques (QMJHL)",0,0,0,0,0,0,0,"2014","2014-Vaclav Karabacek"
50,"Los Angeles Kings","Roland McKeown","CA","D",18,2023,"Kingston Frontenacs (OHL)",16,0,3,3,4,27,0.9,"2014","2014-Roland McKeown"
51,"Nashville Predators","Jack Dougherty","US","D",18,NA,"USA U-18 Development Team (USDP/USHL)",0,0,0,0,0,0,0,"2014","2014-Jack Dougherty"
52,"St. Louis Blues","Maxim Letunov","RU","C",18,2020,"Youngstown Phantoms (USHL)",3,1,0,1,0,0,0.2,"2014","2014-Maxim Letunov"
53,"San Jose Sharks","Noah Rod","CH","RW",18,NA,"Geneve-Servette Jr. (Swiss Jr.)",0,0,0,0,0,0,0,"2014","2014-Noah Rod"
54,"Calgary Flames","Hunter Smith","CA","RW",19,NA,"Oshawa Generals (OHL)",0,0,0,0,0,0,0,"2014","2014-Hunter Smith"
55,"Anaheim Ducks","Brandon Montour","CA","D",20,2026,"Waterloo Black Hawks (USHL)",615,87,215,302,23,456,51.6,"2014","2014-Brandon Montour"
56,"Boston Bruins","Ryan Donato","US","C",18,2026,"Dexter Southfield School (High-MA)",501,114,124,238,-44,193,23.1,"2014","2014-Ryan Donato"
57,"Tampa Bay Lightning","Johnathan McLeod","US","D",18,NA,"USA U-18 Development Team (USDP/USHL)",0,0,0,0,0,0,0,"2014","2014-Johnathan McLeod"
58,"Arizona Coyotes","Christian Dvorak","US","LW",18,2026,"London Knights (OHL)",552,111,151,262,-55,128,22,"2014","2014-Christian Dvorak"
60,"Los Angeles Kings","Alex Lintuniemi","FI","D",18,NA,"Ottawa 67's (OHL)",0,0,0,0,0,0,0,"2014","2014-Alex Lintuniemi"
62,"Nashville Predators","Justin Kirkland","CA","LW",18,2026,"Kelowna Rockets (WHL)",39,2,7,9,2,11,0.7,"2014","2014-Justin Kirkland"
63,"Detroit Red Wings","Dominic Turgeon","CA","C",18,2019,"Portland Winterhawks (WHL)",9,0,0,0,-5,2,-0.3,"2014","2014-Dominic Turgeon"
64,"Calgary Flames","Brandon Hickey","CA","D",18,NA,"Spruce Grove (AJHL)",0,0,0,0,0,0,0,"2014","2014-Brandon Hickey"
65,"Florida Panthers","Juho Lammikko","FI","RW",18,2026,"Assat Jr. (Finland Jr.)",166,11,15,26,-21,30,-0.3,"2014","2014-Juho Lammikko"
66,"Vancouver Canucks","Nikita Tryamkin","RU","D",20,2017,"Avtomobilist Yekaterinburg (Russia)",79,3,8,11,-10,74,2.5,"2014","2014-Nikita Tryamkin"
67,"Carolina Hurricanes","Warren Foegele","CA","LW",18,2026,"St. Andrew's College (High-ON)",527,107,105,212,36,205,20.5,"2014","2014-Warren Foegele"
68,"Toronto Maple Leafs","Rinat Valiev","RU","D",19,2018,"Kootenay Ice (WHL)",12,0,0,0,0,2,0.2,"2014","2014-Rinat Valiev"
69,"Winnipeg Jets","Jack Glover","US","D",18,NA,"USA U-18 Development Team (USDP/USHL)",0,0,0,0,0,0,0,"2014","2014-Jack Glover"
70,"Ottawa Senators","Miles Gendron","US","D",18,NA,"Rivers School (High-MA)",0,0,0,0,0,0,0,"2014","2014-Miles Gendron"
71,"New Jersey Devils","Connor Chatham","US","RW",18,NA,"Plymouth Whalers (OHL)",0,0,0,0,0,0,0,"2014","2014-Connor Chatham"
72,"San Jose Sharks","Alex Schoenborn","US","RW",18,NA,"Portland Winterhawks (WHL)",0,0,0,0,0,0,0,"2014","2014-Alex Schoenborn"
73,"Montreal Canadiens","Brett Lernout","CA","D",18,2018,"Swift Current Broncos (WHL)",21,0,1,1,-6,6,0,"2014","2014-Brett Lernout"
74,"Buffalo Sabres","Brycen Martin","CA","D",18,NA,"Swift Current Broncos (WHL)",0,0,0,0,0,0,0,"2014","2014-Brycen Martin"
75,"Dallas Stars","Alexander Peters","CA","D",18,NA,"Plymouth Whalers (OHL)",0,0,0,0,0,0,0,"2014","2014-Alexander Peters"
77,"Columbus Blue Jackets","Blake Siebenaler","US","D",18,NA,"Niagara IceDogs (OHL)",0,0,0,0,0,0,0,"2014","2014-Blake Siebenaler"
79,"Tampa Bay Lightning","Brayden Point","CA","C",18,2026,"Moose Jaw Warriors (WHL)",674,309,335,644,68,153,74.5,"2014","2014-Brayden Point"
80,"Minnesota Wild","Louis Belpedio","US","D",18,2024,"USA U-18 Development Team (USDP/USHL)",16,2,4,6,6,0,1.5,"2014","2014-Louis Belpedio"
81,"San Jose Sharks","Dylan Sadowy","CA","LW",18,NA,"Saginaw Spirit (OHL)",0,0,0,0,0,0,0,"2014","2014-Dylan Sadowy"
82,"St. Louis Blues","Jake Walman","CA","D",18,2026,"Toronto (OJHL)",281,35,66,101,5,157,18.9,"2014","2014-Jake Walman"
83,"Chicago Blackhawks","Matheson Iacopelli","US","RW",20,NA,"Muskegon Lumberjacks (USHL)",0,0,0,0,0,0,0,"2014","2014-Matheson Iacopelli"
84,"Colorado Avalanche","Kyle Wood","CA","D",18,NA,"North Bay Battalion (OHL)",0,0,0,0,0,0,0,"2014","2014-Kyle Wood"
85,"New York Rangers","Keegan Iverson","US","C/RW",18,NA,"Portland Winterhawks (WHL)",0,0,0,0,0,0,0,"2014","2014-Keegan Iverson"
86,"Philadelphia Flyers","Mark Friedman","CA","D",18,2025,"Waterloo Black Hawks (USHL)",93,4,9,13,3,80,2.8,"2014","2014-Mark Friedman"
87,"Arizona Coyotes","Anton Karlsson","SE","RW",18,NA,"Frolunda HC Jr. (Sweden Jr.)",0,0,0,0,0,0,0,"2014","2014-Anton Karlsson"
88,"Chicago Blackhawks","Beau Starrett","US","C/LW",18,NA,"South Shore (USPHL Premier)",0,0,0,0,0,0,0,"2014","2014-Beau Starrett"
89,"Washington Capitals","Nathan Walker","GB","LW",20,2026,"Hershey Bears (AHL)",247,30,31,61,-2,134,4.1,"2014","2014-Nathan Walker"
90,"Los Angeles Kings","Michael Amadio","CA","C",18,2026,"North Bay Battalion (OHL)",460,74,74,148,3,91,12.9,"2014","2014-Michael Amadio"
91,"Edmonton Oilers","William Lagesson","SE","D",18,2025,"Frolunda HC Jr. (Sweden Jr.)",107,0,12,12,1,58,2.2,"2014","2014-William Lagesson"
92,"Florida Panthers","Joe Wegwerth","US","RW",18,NA,"USA U-18 Development Team (USDP/USHL)",0,0,0,0,0,0,0,"2014","2014-Joe Wegwerth"
93,"Colorado Avalanche","Nicholas Magyar","US","RW",18,NA,"Kitchener Rangers (OHL)",0,0,0,0,0,0,0,"2014","2014-Nicholas Magyar"
96,"Carolina Hurricanes","Josh Wesley","US","D",18,NA,"Plymouth Whalers (OHL)",0,0,0,0,0,0,0,"2014","2014-Josh Wesley"
97,"Carolina Hurricanes","Lucas Wallmark","SE","C",19,2021,"Lulea HF (Sweden)",187,23,36,59,-15,64,3.7,"2014","2014-Lucas Wallmark"
98,"Chicago Blackhawks","Frederik Olofsson","SE","LW",18,2024,"Chicago Steel (USHL)",85,4,9,13,-5,10,-0.1,"2014","2014-Frederik Olofsson"
99,"Winnipeg Jets","Chase De Leo","US","C",18,2022,"Portland Winterhawks (WHL)",7,0,0,0,-1,0,-0.2,"2014","2014-Chase De Leo"
100,"Ottawa Senators","Shane Eiserman","US","C/LW",18,NA,"Dubuque Fighting Saints (USHL)",0,0,0,0,0,0,0,"2014","2014-Shane Eiserman"
101,"Winnipeg Jets","Nelson Nogier","CA","D",18,2019,"Saskatoon Blades (WHL)",11,0,0,0,-1,5,-0.1,"2014","2014-Nelson Nogier"
102,"San Jose Sharks","Alexis Vanier","CA","D",18,NA,"Baie-Comeau Drakkar (QMJHL)",0,0,0,0,0,0,0,"2014","2014-Alexis Vanier"
103,"Toronto Maple Leafs","John Piccinich","US","RW",18,NA,"Youngstown Phantoms (USHL)",0,0,0,0,0,0,0,"2014","2014-John Piccinich"
104,"New York Rangers","Ryan Mantha","US","D",18,NA,"Indiana Ice (USHL)",0,0,0,0,0,0,0,"2014","2014-Ryan Mantha"
105,"Dallas Stars","Michael Prapavessis","CA","D",18,NA,"Toronto (OJHL)",0,0,0,0,0,0,0,"2014","2014-Michael Prapavessis"
106,"Detroit Red Wings","Christoffer Ehn","SE","C",18,2020,"Frolunda HC Jr. (Sweden Jr.)",114,5,8,13,-26,8,-1,"2014","2014-Christoffer Ehn"
107,"Columbus Blue Jackets","Julien Pelletier","CA","LW",18,NA,"Cape Breton Screaming Eagles (QMJHL)",0,0,0,0,0,0,0,"2014","2014-Julien Pelletier"
108,"New York Islanders","Devon Toews","CA","D",20,2026,"Quinnipiac (ECAC)",491,62,223,285,197,130,56.8,"2014","2014-Devon Toews"
110,"St. Louis Blues","Austin Poganski","US","RW",18,2022,"Tri-City Storm (USHL)",22,0,0,0,-4,7,-0.5,"2014","2014-Austin Poganski"
112,"Nashville Predators","Viktor Arvidsson","SE","LW",21,2026,"Skelleftea AIK (Sweden)",633,200,199,399,44,262,45.8,"2014","2014-Viktor Arvidsson"
113,"Pittsburgh Penguins","Sam Lafferty","US","C/LW",19,2026,"Deerfield Academy (High-MA)",355,41,50,91,-38,186,4.7,"2014","2014-Sam Lafferty"
114,"Colorado Avalanche","Alexis Pepin","CA","LW",18,NA,"Gatineau Olympiques (QMJHL)",0,0,0,0,0,0,0,"2014","2014-Alexis Pepin"
116,"Boston Bruins","Danton Heinen","CA","C/LW",19,2026,"Surrey (BCHL)",569,96,145,241,27,133,22.1,"2014","2014-Danton Heinen"
117,"Arizona Coyotes","Michael Bunting","CA","LW",18,2026,"Soo Greyhounds (OHL)",363,99,130,229,5,328,23.1,"2014","2014-Michael Bunting"
119,"Tampa Bay Lightning","Ben Thomas","CA","D",18,2021,"Calgary Hitmen (WHL)",5,0,0,0,1,0,0.1,"2014","2014-Ben Thomas"
120,"Los Angeles Kings","Steven Johnson","US","D",20,NA,"Omaha Lancers (USHL)",0,0,0,0,0,0,0,"2014","2014-Steven Johnson"
121,"Buffalo Sabres","Maxwell Willman","US","C",19,2024,"Williston Northampton School (High-MA)",68,7,3,10,-15,22,0,"2014","2014-Maxwell Willman"
122,"New York Rangers","Richard Nejezchleb","CZ","LW",20,NA,"Brandon Wheat Kings (WHL)",0,0,0,0,0,0,0,"2014","2014-Richard Nejezchleb"
123,"Anaheim Ducks","Matthew Berkovitz","US","D",18,NA,"Ashwaubenon HS (High-WI)",0,0,0,0,0,0,0,"2014","2014-Matthew Berkovitz"
124,"St. Louis Blues","Jaedon Descheneau","CA","RW",19,NA,"Kootenay Ice (WHL)",0,0,0,0,0,0,0,"2014","2014-Jaedon Descheneau"
125,"Montreal Canadiens","Nikolas Koberstein","CA","D",18,NA,"Olds (AJHL)",0,0,0,0,0,0,0,"2014","2014-Nikolas Koberstein"
126,"Vancouver Canucks","Gustav Forsling","SE","D",18,2026,"Linkoping HC Jr. (Sweden Jr.)",495,57,143,200,161,171,43.9,"2014","2014-Gustav Forsling"
127,"Carolina Hurricanes","Clark Bishop","CA","C",18,2025,"Cape Breton Screaming Eagles (QMJHL)",53,2,7,9,-8,20,0.1,"2014","2014-Clark Bishop"
128,"Toronto Maple Leafs","Dakota Joshua","US","C",18,2026,"Sioux Falls Stampede (USHL)",260,42,41,83,-14,185,6,"2014","2014-Dakota Joshua"
129,"Winnipeg Jets","Clinston Franklin","US","LW",20,2023,"Sioux Falls Stampede (USHL)",5,0,0,0,-2,4,-0.1,"2014","2014-Clinston Franklin"
130,"Edmonton Oilers","Liam Coughlin","US","C/LW",19,NA,"Vernon (BCHL)",0,0,0,0,0,0,0,"2014","2014-Liam Coughlin"
131,"New Jersey Devils","Ryan Rehill","CA","D",18,NA,"Kamloops Blazers (WHL)",0,0,0,0,0,0,0,"2014","2014-Ryan Rehill"
132,"Nashville Predators","Joonas Lyytinen","FI","D",19,NA,"KalPa (Finland)",0,0,0,0,0,0,0,"2014","2014-Joonas Lyytinen"
133,"Arizona Coyotes","Dysin Mayo","CA","D",18,2026,"Edmonton Oil Kings (WHL)",83,4,8,12,-31,35,1,"2014","2014-Dysin Mayo"
134,"Washington Capitals","Shane Gersich","US","C/LW",18,2018,"USA U-18 Development Team (USDP/USHL)",3,0,1,1,-1,0,0,"2014","2014-Shane Gersich"
135,"Dallas Stars","Miro Karjalainen","FI","D",18,NA,"Jokerit Jr. (Finland Jr.)",0,0,0,0,0,0,0,"2014","2014-Miro Karjalainen"
137,"Columbus Blue Jackets","Tyler Bird","US","RW",18,NA,"Kimball Union Academy (High-NH)",0,0,0,0,0,0,0,"2014","2014-Tyler Bird"
138,"Philadelphia Flyers","Oskar Lindblom","SE","LW",18,2024,"Brynas IF Jr. (Sweden Jr.)",337,56,56,112,-38,81,7.8,"2014","2014-Oskar Lindblom"
139,"Minnesota Wild","Tanner Faith","CA","D",18,NA,"Kootenay Ice (WHL)",0,0,0,0,0,0,0,"2014","2014-Tanner Faith"
140,"New York Rangers","Daniel Walcott","CA","D",20,2021,"Blainville-Boisbriand Armada (QMJHL)",1,0,0,0,-1,5,-0.1,"2014","2014-Daniel Walcott"
141,"Chicago Blackhawks","Luc Snuggerud","US","D",18,NA,"Eden Priarie HS (High-MN)",0,0,0,0,0,0,0,"2014","2014-Luc Snuggerud"
142,"New York Rangers","Tyler Nanne","US","D",18,NA,"Edina HS (High-MN)",0,0,0,0,0,0,0,"2014","2014-Tyler Nanne"
143,"Florida Panthers","Miguel Fidler","US","LW",18,NA,"Edina HS (High-MN)",0,0,0,0,0,0,0,"2014","2014-Miguel Fidler"
144,"Colorado Avalanche","Anton Lindholm","SE","D",19,2020,"Skelleftea AIK Jr. (Sweden Jr.)",66,0,5,5,-4,16,1,"2014","2014-Anton Lindholm"
145,"Pittsburgh Penguins","Anthony Angello","US","C",18,2022,"Omaha Lancers (USHL)",31,3,2,5,3,14,0.5,"2014","2014-Anthony Angello"
146,"Boston Bruins","Anders Bjork","US","LW",18,2023,"USA U-18 Development Team (USDP/USHL)",225,26,35,61,-17,44,3.8,"2014","2014-Anders Bjork"
147,"Montreal Canadiens","Daniel Audette","US","C",18,NA,"Sherbrooke Phoenix (QMJHL)",0,0,0,0,0,0,0,"2014","2014-Daniel Audette"
148,"Chicago Blackhawks","Andreas Soderberg","SE","D",18,NA,"Skelleftea AIK Jr. (Sweden Jr.)",0,0,0,0,0,0,0,"2014","2014-Andreas Soderberg"
149,"San Jose Sharks","Rourke Chartier","CA","C",18,2024,"Kelowna Rockets (WHL)",56,3,1,4,-9,16,-0.6,"2014","2014-Rourke Chartier"
151,"Buffalo Sabres","Christopher Brown","US","C",18,NA,"Cranbrook Kingswood School (High-MI)",0,0,0,0,0,0,0,"2014","2014-Christopher Brown"
152,"New Jersey Devils","Joey Dudek","US","C",18,NA,"Kimball Union Academy (High-NH)",0,0,0,0,0,0,0,"2014","2014-Joey Dudek"
153,"Edmonton Oilers","Tyler Vesel","US","C",20,NA,"Omaha Lancers (USHL)",0,0,0,0,0,0,0,"2014","2014-Tyler Vesel"
154,"Dallas Stars","Aaron Haydon","US","D",18,NA,"Niagara IceDogs (OHL)",0,0,0,0,0,0,0,"2014","2014-Aaron Haydon"
155,"New York Islanders","Kyle Schempp","US","C",20,NA,"Ferris State (WCHA)",0,0,0,0,0,0,0,"2014","2014-Kyle Schempp"
156,"Vancouver Canucks","Kyle Pettit","CA","C",18,NA,"Erie Otters (OHL)",0,0,0,0,0,0,0,"2014","2014-Kyle Pettit"
157,"Los Angeles Kings","Jake Marchment","CA","C",19,NA,"Belleville Bulls (OHL)",0,0,0,0,0,0,0,"2014","2014-Jake Marchment"
158,"Toronto Maple Leafs","Nolan Vesey","US","LW",19,NA,"South Shore (USPHL Premier)",0,0,0,0,0,0,0,"2014","2014-Nolan Vesey"
159,"Washington Capitals","Steven Spinner","US","RW",18,NA,"Eden Priarie HS (High-MN)",0,0,0,0,0,0,0,"2014","2014-Steven Spinner"
160,"Minnesota Wild","Pontus Sjalin","SE","D",18,NA,"Ostersunds IK (Sweden-3)",0,0,0,0,0,0,0,"2014","2014-Pontus Sjalin"
161,"New Jersey Devils","Brandon Baddock","CA","LW",19,2022,"Edmonton Oil Kings (WHL)",1,0,0,0,0,0,0,"2014","2014-Brandon Baddock"
162,"Nashville Predators","Aaron Irving","CA","D",18,NA,"Edmonton Oil Kings (WHL)",0,0,0,0,0,0,0,"2014","2014-Aaron Irving"
163,"Arizona Coyotes","David Westlund","SE","D",19,NA,"Brynas IF Jr. (Sweden Jr.)",0,0,0,0,0,0,0,"2014","2014-David Westlund"
164,"Winnipeg Jets","Pavel Kraskovsky","RU","C",18,NA,"Loko Yaroslavl (Russia Jr.)",0,0,0,0,0,0,0,"2014","2014-Pavel Kraskovsky"
165,"Dallas Stars","John Nyberg","SE","LW",18,NA,"Frolunda HC Jr. (Sweden Jr.)",0,0,0,0,0,0,0,"2014","2014-John Nyberg"
166,"Detroit Red Wings","Julius Vahatalo","FI","LW",19,NA,"TPS Jr. (Finland Jr.)",0,0,0,0,0,0,0,"2014","2014-Julius Vahatalo"
167,"Minnesota Wild","Chase Lang","CA","C",18,NA,"Calgary Hitmen (WHL)",0,0,0,0,0,0,0,"2014","2014-Chase Lang"
168,"Philadelphia Flyers","Radel Fazleev","RU","C",18,NA,"Calgary Hitmen (WHL)",0,0,0,0,0,0,0,"2014","2014-Radel Fazleev"
169,"Minnesota Wild","Reid Duke","CA","C",18,NA,"Lethbridge Hurricanes (WHL)",0,0,0,0,0,0,0,"2014","2014-Reid Duke"
170,"Tampa Bay Lightning","Cristiano Digiacinto","CA","LW",18,NA,"Windsor Spitfires (OHL)",0,0,0,0,0,0,0,"2014","2014-Cristiano Digiacinto"
171,"San Jose Sharks","Kevin Labanc","US","RW",18,2025,"Barrie Colts (OHL)",512,84,153,237,-87,229,17.8,"2014","2014-Kevin Labanc"
172,"St. Louis Blues","Chandler Yakimowicz","US","RW",18,NA,"London Knights (OHL)",0,0,0,0,0,0,0,"2014","2014-Chandler Yakimowicz"
173,"Pittsburgh Penguins","Jaden Lindo","CA","RW",18,NA,"Owen Sound Attack (OHL)",0,0,0,0,0,0,0,"2014","2014-Jaden Lindo"
175,"Calgary Flames","Adam Ollas-Mattsson","SE","D",18,NA,"Djurgardens IF Jr. (Sweden Jr.)",0,0,0,0,0,0,0,"2014","2014-Adam Ollas-Mattsson"
176,"St. Louis Blues","Samuel Blais","CA","LW",18,2026,"Victoriaville Tigres (QMJHL)",263,28,45,73,-8,126,4.9,"2014","2014-Samuel Blais"
178,"Chicago Blackhawks","Dylan Sikura","CA","C",19,2022,"Aurora (OJHL)",58,3,14,17,5,0,1,"2014","2014-Dylan Sikura"
180,"Los Angeles Kings","Matthew Mistele","CA","LW",18,NA,"Plymouth Whalers (OHL)",0,0,0,0,0,0,0,"2014","2014-Matthew Mistele"
181,"Buffalo Sabres","Victor Olofsson","SE","RW",19,2026,"MODO Hockey Jr. (Sweden Jr.)",388,110,115,225,-48,48,22,"2014","2014-Victor Olofsson"
184,"Calgary Flames","Austin Carroll","CA","RW",20,NA,"Victoria Royals (WHL)",0,0,0,0,0,0,0,"2014","2014-Austin Carroll"
185,"Tampa Bay Lightning","Cameron Darcy","US","C",20,NA,"Cape Breton Screaming Eagles (QMJHL)",0,0,0,0,0,0,0,"2014","2014-Cameron Darcy"
186,"Vancouver Canucks","Mackenze Stewart","CA","D",19,NA,"Prince Albert Raiders (WHL)",0,0,0,0,0,0,0,"2014","2014-Mackenze Stewart"
187,"Carolina Hurricanes","Kyle Jenkins","CA","D",18,NA,"Soo Greyhounds (OHL)",0,0,0,0,0,0,0,"2014","2014-Kyle Jenkins"
188,"Toronto Maple Leafs","Pierre Engvall","SE","LW",18,2025,"Frolunda HC Jr. (Sweden Jr.)",380,65,70,135,24,117,11.8,"2014","2014-Pierre Engvall"
189,"Ottawa Senators","Kelly Summers","CA","D",18,NA,"Carleton Place (CCHL)",0,0,0,0,0,0,0,"2014","2014-Kelly Summers"
190,"Ottawa Senators","Francis Perron","CA","LW",18,NA,"Rouyn-Noranda Huskies (QMJHL)",0,0,0,0,0,0,0,"2014","2014-Francis Perron"
191,"Arizona Coyotes","Jared Fiegl","US","LW",18,NA,"USA U-18 Development Team (USDP/USHL)",0,0,0,0,0,0,0,"2014","2014-Jared Fiegl"
192,"Winnipeg Jets","Matt Ustaski","US","C/LW",20,NA,"Langley (BCHL)",0,0,0,0,0,0,0,"2014","2014-Matt Ustaski"
193,"Arizona Coyotes","Edgars Kulda","LV","LW",19,NA,"Edmonton Oil Kings (WHL)",0,0,0,0,0,0,0,"2014","2014-Edgars Kulda"
194,"Washington Capitals","Kevin Elgestal","SE","RW",18,NA,"Frolunda HC Jr. (Sweden Jr.)",0,0,0,0,0,0,0,"2014","2014-Kevin Elgestal"
195,"Dallas Stars","Patrick Sanvido","CA","D",18,NA,"Windsor Spitfires (OHL)",0,0,0,0,0,0,0,"2014","2014-Patrick Sanvido"
196,"Detroit Red Wings","Axel Holmstrom","SE","C",18,NA,"Skelleftea AIK Jr. (Sweden Jr.)",0,0,0,0,0,0,0,"2014","2014-Axel Holmstrom"
197,"Columbus Blue Jackets","Olivier Leblanc","CA","D",18,NA,"Saint John Sea Dogs (QMJHL)",0,0,0,0,0,0,0,"2014","2014-Olivier Leblanc"
198,"Philadelphia Flyers","Jesper Pettersson","SE","D",20,NA,"Linkoping HC (Sweden)",0,0,0,0,0,0,0,"2014","2014-Jesper Pettersson"
199,"Minnesota Wild","Pavel Jenys","CZ","C",18,NA,"HC Kometa Brno (Czech)",0,0,0,0,0,0,0,"2014","2014-Pavel Jenys"
201,"Detroit Red Wings","Alexander Kadeykin","RU","C",20,NA,"Atlant Mytishchi (Russia)",0,0,0,0,0,0,0,"2014","2014-Alexander Kadeykin"
202,"St. Louis Blues","Dwyer Tschantz","US","RW",19,NA,"Indiana Ice (USHL)",0,0,0,0,0,0,0,"2014","2014-Dwyer Tschantz"
203,"Pittsburgh Penguins","Jeff Taylor","US","D",20,NA,"Union (ECAC)",0,0,0,0,0,0,0,"2014","2014-Jeff Taylor"
204,"Colorado Avalanche","Julien Nantel","CA","C/LW",18,NA,"Rouyn-Noranda Huskies (QMJHL)",0,0,0,0,0,0,0,"2014","2014-Julien Nantel"
205,"Anaheim Ducks","Ondrej Kase","CZ","RW",18,2023,"Pirati Chomutov (Czech)",258,57,67,124,14,62,13,"2014","2014-Ondrej Kase"
206,"Boston Bruins","Emil Johansson","SE","D",18,NA,"HV71 Jr. (Sweden Jr.)",0,0,0,0,0,0,0,"2014","2014-Emil Johansson"
207,"Montreal Canadiens","Jake Evans","CA","C/RW",18,2026,"St. Michael's (OJHL)",368,43,90,133,-18,125,7.7,"2014","2014-Jake Evans"
208,"Chicago Blackhawks","Jack Ramsey","US","RW",18,NA,"Penticton (BCHL)",0,0,0,0,0,0,0,"2014","2014-Jack Ramsey"
209,"Los Angeles Kings","Spencer Watson","CA","RW",18,NA,"Kingston Frontenacs (OHL)",0,0,0,0,0,0,0,"2014","2014-Spencer Watson"
210,"Los Angeles Kings","Jacob Middleton","CA","D",18,2026,"Ottawa 67's (OHL)",323,22,58,80,15,310,18,"2014","2014-Jacob Middleton"
1,"Edmonton Oilers","Connor McDavid","CA","C",18,2026,"Erie Otters (OHL)",732,370,742,1112,168,294,128.8,"2015","2015-Connor McDavid"
2,"Buffalo Sabres","Jack Eichel","US","C",18,2026,"Boston University (H-East)",633,247,385,632,2,193,69.8,"2015","2015-Jack Eichel"
3,"Arizona Coyotes","Dylan Strome","CA","C",18,2026,"Erie Otters (OHL)",534,151,249,400,-35,172,38.6,"2015","2015-Dylan Strome"
4,"Toronto Maple Leafs","Mitchell Marner","CA","C",18,2026,"London Knights (OHL)",674,225,535,760,137,202,79.3,"2015","2015-Mitchell Marner"
5,"Carolina Hurricanes","Noah Hanifin","US","D",18,2026,"Boston College (H-East)",765,73,255,328,4,203,55.1,"2015","2015-Noah Hanifin"
6,"New Jersey Devils","Pavel Zacha","CZ","C",18,2026,"Sarnia Sting (OHL)",648,130,228,358,-36,179,30.7,"2015","2015-Pavel Zacha"
7,"Philadelphia Flyers","Ivan Provorov","RU","D",18,2026,"Brandon Wheat Kings (WHL)",714,80,208,288,-23,253,49.2,"2015","2015-Ivan Provorov"
8,"Columbus Blue Jackets","Zach Werenski","US","D",18,2026,"Michigan (Big Ten)",585,117,280,397,13,146,64.5,"2015","2015-Zach Werenski"
9,"San Jose Sharks","Timo Meier","CH","RW",18,2026,"Halifax Mooseheads (QMJHL)",639,222,227,449,-56,390,47.7,"2015","2015-Timo Meier"
10,"Colorado Avalanche","Mikko Rantanen","FI","RW",18,2026,"TPS (Finland)",671,303,428,731,86,426,82.4,"2015","2015-Mikko Rantanen"
11,"Florida Panthers","Lawson Crouse","CA","LW",18,2026,"Kingston Frontenacs (OHL)",603,119,103,222,-54,367,18,"2015","2015-Lawson Crouse"
12,"Dallas Stars","Denis Gurianov","RU","RW",18,2024,"Ladia Togliatti (Russia Jr.)",298,52,61,113,-2,60,10.2,"2015","2015-Denis Gurianov"
13,"Boston Bruins","Jakub Zboril","CZ","D",18,2023,"Saint John Sea Dogs (QMJHL)",76,1,15,16,0,28,2.9,"2015","2015-Jakub Zboril"
14,"Boston Bruins","Jake Debrusk","CA","LW",18,2026,"Swift Current Broncos (WHL)",566,172,150,322,32,123,35.6,"2015","2015-Jake Debrusk"
15,"Boston Bruins","Zachary Senyshyn","CA","RW",18,2022,"Soo Greyhounds (OHL)",16,1,2,3,-1,4,0.1,"2015","2015-Zachary Senyshyn"
16,"New York Islanders","Mathew Barzal","CA","C",18,2026,"Seattle Thunderbirds (WHL)",547,139,338,477,20,266,46,"2015","2015-Mathew Barzal"
17,"Winnipeg Jets","Kyle Connor","US","LW",18,2026,"Youngstown Phantoms (USHL)",631,294,310,604,-5,143,68,"2015","2015-Kyle Connor"
18,"Ottawa Senators","Thomas Chabot","CA","D",18,2026,"Saint John Sea Dogs (QMJHL)",529,73,241,314,-53,258,47,"2015","2015-Thomas Chabot"
19,"Detroit Red Wings","Evgeny Svechnikov","RU","LW",18,2023,"Cape Breton Screaming Eagles (QMJHL)",172,20,25,45,-16,84,2.9,"2015","2015-Evgeny Svechnikov"
20,"Minnesota Wild","Joel Eriksson Ek","SE","C",18,2026,"Farjestad BK (Sweden)",563,138,173,311,62,252,30.6,"2015","2015-Joel Eriksson Ek"
21,"Ottawa Senators","Colin White","US","C",18,2025,"USA U-18 Development Team (USDP/USHL)",323,44,69,113,-58,107,6.2,"2015","2015-Colin White"
23,"Vancouver Canucks","Brock Boeser","US","RW",18,2026,"Waterloo Black Hawks (USHL)",571,212,235,447,-38,142,47.5,"2015","2015-Brock Boeser"
24,"Philadelphia Flyers","Travis Konecny","CA","C",18,2026,"Ottawa 67's (OHL)",664,203,287,490,-43,476,49.2,"2015","2015-Travis Konecny"
25,"Winnipeg Jets","Jack Roslovic","US","C",18,2026,"USA U-18 Development Team (USDP/USHL)",544,108,166,274,-31,88,24,"2015","2015-Jack Roslovic"
26,"Montreal Canadiens","Noah Juulsen","CA","D",18,2026,"Everett Silvertips (WHL)",175,3,16,19,-11,63,4.1,"2015","2015-Noah Juulsen"
27,"Anaheim Ducks","Jacob Larsson","SE","D",18,2023,"Frolunda HC Jr. (Sweden Jr.)",172,3,21,24,-26,52,4.2,"2015","2015-Jacob Larsson"
28,"New York Islanders","Anthony Beauvillier","CA","LW",18,2026,"Shawinigan Cataractes (QMJHL)",649,134,142,276,-12,123,25.4,"2015","2015-Anthony Beauvillier"
29,"Columbus Blue Jackets","Gabriel Carlsson","SE","D",18,2023,"Linkoping HC Jr. (Sweden Jr.)",81,3,15,18,-5,22,2.6,"2015","2015-Gabriel Carlsson"
30,"Arizona Coyotes","Nicholas Merkley","CA","RW",18,2022,"Kelowna Rockets (WHL)",41,4,11,15,-7,11,0.9,"2015","2015-Nicholas Merkley"
31,"San Jose Sharks","Jeremy Roy","CA","D",18,NA,"Sherbrooke Phoenix (QMJHL)",0,0,0,0,0,0,0,"2015","2015-Jeremy Roy"
32,"Arizona Coyotes","Christian Fischer","US","RW",18,2025,"USA U-18 Development Team (USDP/USHL)",523,62,75,137,-66,144,7.3,"2015","2015-Christian Fischer"
33,"Tampa Bay Lightning","Mitchell Stephens","CA","C",18,2025,"Saginaw Spirit (OHL)",123,6,13,19,-28,28,-0.7,"2015","2015-Mitchell Stephens"
34,"Toronto Maple Leafs","Travis Dermott","CA","D",18,2025,"Erie Otters (OHL)",348,16,46,62,12,130,11.6,"2015","2015-Travis Dermott"
35,"Carolina Hurricanes","Sebastian Aho","FI","RW",18,2026,"Karpat (Finland)",695,290,359,649,126,300,77.7,"2015","2015-Sebastian Aho"
36,"Ottawa Senators","Gabriel Gagne","CA","RW",18,NA,"Victoriaville Tigres (QMJHL)",0,0,0,0,0,0,0,"2015","2015-Gabriel Gagne"
37,"Boston Bruins","Brandon Carlo","US","D",18,2026,"Tri-City Americans (WHL)",655,29,85,114,135,350,36.5,"2015","2015-Brandon Carlo"
38,"Columbus Blue Jackets","Paul Bittner","US","LW",18,NA,"Portland Winterhawks (WHL)",0,0,0,0,0,0,0,"2015","2015-Paul Bittner"
39,"Colorado Avalanche","A.J. Greer","CA","LW",18,2026,"Boston University (H-East)",266,22,32,54,3,354,3.9,"2015","2015-A.J. Greer"
40,"Colorado Avalanche","Nicolas Meloche","CA","D",18,2022,"Baie-Comeau Drakkar (QMJHL)",57,2,6,8,-16,39,1.2,"2015","2015-Nicolas Meloche"
41,"New York Rangers","Ryan Gropp","CA","LW",18,NA,"Seattle Thunderbirds (WHL)",0,0,0,0,0,0,0,"2015","2015-Ryan Gropp"
43,"Los Angeles Kings","Erik Cernak","SK","D",18,2026,"HC Kosice (Slovakia)",458,23,88,111,92,388,26.1,"2015","2015-Erik Cernak"
44,"Tampa Bay Lightning","Matthew Spencer","CA","D",18,NA,"Peterborough Petes (OHL)",0,0,0,0,0,0,0,"2015","2015-Matthew Spencer"
45,"Boston Bruins","Jakob Forsbacka Karlsson","SE","C",18,2019,"Omaha Lancers (USHL)",29,3,6,9,1,2,0.7,"2015","2015-Jakob Forsbacka Karlsson"
46,"Pittsburgh Penguins","Daniel Sprong","NL","RW",18,2025,"Charlottetown Islanders (QMJHL)",374,87,79,166,-3,68,17.5,"2015","2015-Daniel Sprong"
47,"Winnipeg Jets","Jansen Harkins","US","C",18,2026,"Prince George Cougars (WHL)",269,16,22,38,-25,80,0,"2015","2015-Jansen Harkins"
48,"Ottawa Senators","Filip Chlapik","CZ","C",18,2021,"Charlottetown Islanders (QMJHL)",57,5,6,11,-13,18,0.2,"2015","2015-Filip Chlapik"
49,"Dallas Stars","Roope Hintz","FI","LW",18,2026,"Ilves (Finland)",482,179,214,393,95,156,46.7,"2015","2015-Roope Hintz"
50,"Minnesota Wild","Jordan Greenway","US","LW",18,2026,"USA U-18 Development Team (USDP/USHL)",443,56,105,161,16,349,11.2,"2015","2015-Jordan Greenway"
51,"Buffalo Sabres","Brendan Guhle","CA","D",18,2022,"Prince Albert Raiders (WHL)",65,4,10,14,-9,24,2.5,"2015","2015-Brendan Guhle"
52,"Boston Bruins","Jeremy Lauzon","CA","D",18,2026,"Rouyn-Noranda Huskies (QMJHL)",333,14,35,49,-9,381,11.7,"2015","2015-Jeremy Lauzon"
53,"Calgary Flames","Rasmus Andersson","SE","D",18,2026,"Barrie Colts (OHL)",556,50,188,238,-16,297,38.5,"2015","2015-Rasmus Andersson"
54,"Chicago Blackhawks","Graham Knott","CA","LW",18,NA,"Niagara IceDogs (OHL)",0,0,0,0,0,0,0,"2015","2015-Graham Knott"
55,"Nashville Predators","Yakov Trenin","RU","C",18,2026,"Gatineau Olympiques (QMJHL)",394,55,45,100,19,226,7.3,"2015","2015-Yakov Trenin"
56,"St. Louis Blues","Vince Dunn","CA","D",18,2026,"Niagara IceDogs (OHL)",560,78,220,298,31,351,49.9,"2015","2015-Vince Dunn"
57,"Washington Capitals","Jonas Siegenthaler","CH","D",18,2026,"ZSC Lions (Swiss)",385,10,58,68,33,215,16,"2015","2015-Jonas Siegenthaler"
58,"Columbus Blue Jackets","Kevin Stenlund","SE","C",18,2026,"HV71 Jr. (Sweden Jr.)",306,43,32,75,-18,150,4.9,"2015","2015-Kevin Stenlund"
59,"Anaheim Ducks","Julius Nattinen","FI","C",18,NA,"JYP-Aktemia (Finland-2)",0,0,0,0,0,0,0,"2015","2015-Julius Nattinen"
60,"Calgary Flames","Oliver Kylington","SE","D",18,2025,"Farjestad BK (Sweden)",220,18,42,60,22,60,11.8,"2015","2015-Oliver Kylington"
61,"Toronto Maple Leafs","Jeremy Bracco","US","RW",18,NA,"USA U-18 Development Team (USDP/USHL)",0,0,0,0,0,0,0,"2015","2015-Jeremy Bracco"
62,"New York Rangers","Robin Kovacs","SE","RW",18,NA,"AIK (Sweden-2)",0,0,0,0,0,0,0,"2015","2015-Robin Kovacs"
63,"Arizona Coyotes","Kyle Capobianco","CA","D",18,2026,"Sudbury Wolves (OHL)",78,5,7,12,-18,54,1.7,"2015","2015-Kyle Capobianco"
64,"Tampa Bay Lightning","Dennis Yan","US","LW",18,NA,"Shawinigan Cataractes (QMJHL)",0,0,0,0,0,0,0,"2015","2015-Dennis Yan"
65,"Toronto Maple Leafs","Andrew Nielsen","CA","D",18,NA,"Lethbridge Hurricanes (WHL)",0,0,0,0,0,0,0,"2015","2015-Andrew Nielsen"
66,"Vancouver Canucks","Guillaume Brisebois","CA","D",18,2025,"Acadie-Bathurst Titan (QMJHL)",30,1,2,3,-7,6,0.2,"2015","2015-Guillaume Brisebois"
67,"New Jersey Devils","Blake Speers","CA","C",18,2022,"Soo Greyhounds (OHL)",5,0,0,0,-3,2,-0.2,"2015","2015-Blake Speers"
68,"Toronto Maple Leafs","Martins Dzierkals","LV","LW",18,NA,"HK Riga (Russia Jr.)",0,0,0,0,0,0,0,"2015","2015-Martins Dzierkals"
69,"Columbus Blue Jackets","Keegan Kolesar","CA","RW",18,2026,"Seattle Thunderbirds (WHL)",374,38,68,106,-15,277,6.1,"2015","2015-Keegan Kolesar"
71,"Colorado Avalanche","Jean-Christophe Beaudin","CA","C",18,2020,"Rouyn-Noranda Huskies (QMJHL)",22,0,1,1,-4,7,-0.4,"2015","2015-Jean-Christophe Beaudin"
72,"Tampa Bay Lightning","Anthony Cirelli","CA","C",18,2026,"Oshawa Generals (OHL)",525,131,172,303,130,255,31.6,"2015","2015-Anthony Cirelli"
73,"Detroit Red Wings","Vili Saarijarvi","FI","D",18,NA,"Green Bay Gamblers (USHL)",0,0,0,0,0,0,0,"2015","2015-Vili Saarijarvi"
74,"Los Angeles Kings","Alexander Dergachyov","RU","C",18,NA,"SKA 1946 St. Petersburg (Russia Jr.)",0,0,0,0,0,0,0,"2015","2015-Alexander Dergachyov"
78,"Winnipeg Jets","Erik Foley","US","LW",18,NA,"Cedar Rapids RoughRiders (USHL)",0,0,0,0,0,0,0,"2015","2015-Erik Foley"
79,"New York Rangers","Sergey Zborovskiy","RU","D",18,NA,"Regina Pats (WHL)",0,0,0,0,0,0,0,"2015","2015-Sergey Zborovskiy"
80,"Anaheim Ducks","Brent Gates","US","C",18,NA,"Green Bay Gamblers (USHL)",0,0,0,0,0,0,0,"2015","2015-Brent Gates"
81,"Arizona Coyotes","Brendan Warren","US","LW",18,NA,"USA U-18 Development Team (USDP/USHL)",0,0,0,0,0,0,0,"2015","2015-Brendan Warren"
82,"New York Islanders","Mitchell Vande Sompel","CA","D",18,NA,"Oshawa Generals (OHL)",0,0,0,0,0,0,0,"2015","2015-Mitchell Vande Sompel"
83,"Arizona Coyotes","Jens Looke","SE","RW",18,NA,"Brynas IF (Sweden)",0,0,0,0,0,0,0,"2015","2015-Jens Looke"
84,"Anaheim Ducks","Deven Sideroff","CA","RW",18,NA,"Kamloops Blazers (WHL)",0,0,0,0,0,0,0,"2015","2015-Deven Sideroff"
85,"Nashville Predators","Thomas Novak","US","C",18,2026,"Waterloo Black Hawks (USHL)",221,51,73,124,-9,26,12,"2015","2015-Thomas Novak"
87,"Montreal Canadiens","Lukas Vejdemo","SE","C",19,2022,"Djurgardens IF Jr. (Sweden Jr.)",13,2,0,2,-3,0,0.1,"2015","2015-Lukas Vejdemo"
88,"Florida Panthers","Thomas Schemitsch","CA","D",18,NA,"Owen Sound Attack (OHL)",0,0,0,0,0,0,0,"2015","2015-Thomas Schemitsch"
89,"New York Rangers","Aleksi Saarela","FI","C",18,2020,"Assat (Finland)",9,2,2,4,2,0,0.5,"2015","2015-Aleksi Saarela"
91,"Chicago Blackhawks","Dennis Gilbert","US","D",18,2025,"Chicago Steel (USHL)",111,3,17,20,-18,138,1.9,"2015","2015-Dennis Gilbert"
92,"Buffalo Sabres","William Borgen","US","D",18,2026,"Moorhead HS (High-MN)",316,14,57,71,-2,194,12.9,"2015","2015-William Borgen"
94,"St. Louis Blues","Adam Musil","CA","C",18,NA,"Red Deer Rebels (WHL)",0,0,0,0,0,0,0,"2015","2015-Adam Musil"
95,"Toronto Maple Leafs","Jesper Lindgren","SE","D",18,NA,"MODO Hockey Jr. (Sweden Jr.)",0,0,0,0,0,0,0,"2015","2015-Jesper Lindgren"
96,"Carolina Hurricanes","Nicolas Roy","CA","C",18,2026,"Chicoutimi Sagueneens (QMJHL)",388,69,101,170,33,175,14.6,"2015","2015-Nicolas Roy"
97,"New Jersey Devils","Colton White","CA","D",18,2026,"Soo Greyhounds (OHL)",88,0,10,10,-21,22,0.7,"2015","2015-Colton White"
98,"Philadelphia Flyers","Samuel Dove-McFalls","CA","LW",18,NA,"Saint John Sea Dogs (QMJHL)",0,0,0,0,0,0,0,"2015","2015-Samuel Dove-McFalls"
99,"Los Angeles Kings","Austin Wagner","CA","LW",18,2023,"Regina Pats (WHL)",178,23,19,42,-19,70,3.3,"2015","2015-Austin Wagner"
100,"Nashville Predators","Anthony Richard","CA","C",18,2025,"Val-d'Or Foreurs (QMJHL)",39,6,8,14,-3,8,1.1,"2015","2015-Anthony Richard"
101,"Colorado Avalanche","Andrei Mironov","RU","D",21,2018,"Dynamo Moskva (Russia)",10,1,2,3,2,12,0.7,"2015","2015-Andrei Mironov"
102,"Florida Panthers","Denis Malgin","CH","C",18,2023,"ZSC Lions (Swiss)",257,41,40,81,-16,50,6.5,"2015","2015-Denis Malgin"
103,"Dallas Stars","Chris Martenet","US","D",18,NA,"London Knights (OHL)",0,0,0,0,0,0,0,"2015","2015-Chris Martenet"
104,"Philadelphia Flyers","Mikhail Vorobyev","RU","C",18,2020,"Tolpar Ufa (Russia Jr.)",35,2,3,5,-5,8,-0.1,"2015","2015-Mikhail Vorobyev"
105,"Boston Bruins","Jesse Gabrielle","CA","LW",18,NA,"Regina Pats (WHL)",0,0,0,0,0,0,0,"2015","2015-Jesse Gabrielle"
106,"San Jose Sharks","Adam Helewka","CA","LW",20,NA,"Spokane Chiefs (WHL)",0,0,0,0,0,0,0,"2015","2015-Adam Helewka"
107,"Ottawa Senators","Christian Wolanin","CA","D",20,2023,"Muskegon Lumberjacks (USHL)",86,6,17,23,-2,20,3.9,"2015","2015-Christian Wolanin"
108,"Winnipeg Jets","Michael Spacek","CZ","RW",18,NA,"HC Pardubice (Czech)",0,0,0,0,0,0,0,"2015","2015-Michael Spacek"
109,"Ottawa Senators","Filip Ahl","SE","LW",18,NA,"HV71 Jr. (Sweden Jr.)",0,0,0,0,0,0,0,"2015","2015-Filip Ahl"
112,"New York Islanders","Parker Wotherspoon","CA","D",18,2026,"Tri-City Americans (WHL)",126,2,20,22,7,65,5.1,"2015","2015-Parker Wotherspoon"
113,"New York Rangers","Brad Morrison","CA","C",18,NA,"Prince George Cougars (WHL)",0,0,0,0,0,0,0,"2015","2015-Brad Morrison"
114,"Vancouver Canucks","Dmitry Zhukenov","RU","C",18,NA,"Omskie Yastreby (Russia Jr.)",0,0,0,0,0,0,0,"2015","2015-Dmitry Zhukenov"
115,"Nashville Predators","Alexandre Carrier","CA","D",18,2026,"Gatineau Olympiques (QMJHL)",314,14,79,93,20,179,17.8,"2015","2015-Alexandre Carrier"
116,"St. Louis Blues","Glenn Gawdin","CA","C",18,2024,"Swift Current Broncos (WHL)",13,0,1,1,-3,4,-0.2,"2015","2015-Glenn Gawdin"
117,"Edmonton Oilers","Caleb Jones","US","D",18,2026,"USA U-18 Development Team (USDP/USHL)",255,14,42,56,-35,90,9.1,"2015","2015-Caleb Jones"
118,"Tampa Bay Lightning","Jonne Tammela","FI","RW",18,NA,"KalPa (Finland)",0,0,0,0,0,0,0,"2015","2015-Jonne Tammela"
119,"New York Rangers","Daniel Bernhardt","SE","RW",19,NA,"Djurgardens IF Jr. (Sweden Jr.)",0,0,0,0,0,0,0,"2015","2015-Daniel Bernhardt"
120,"Tampa Bay Lightning","Mathieu Joseph","CA","RW",18,2026,"Saint John Sea Dogs (QMJHL)",436,61,94,155,12,198,12.2,"2015","2015-Mathieu Joseph"
121,"Chicago Blackhawks","Ryan Shea","US","D",18,2026,"Boston College HS (High-MA)",88,5,9,14,-5,34,3,"2015","2015-Ryan Shea"
122,"Buffalo Sabres","Devante Stephens","CA","D",18,NA,"Kelowna Rockets (WHL)",0,0,0,0,0,0,0,"2015","2015-Devante Stephens"
123,"Arizona Coyotes","Conor Garland","US","RW",19,2026,"Moncton Wildcats (QMJHL)",501,127,177,304,21,218,31,"2015","2015-Conor Garland"
124,"Edmonton Oilers","Ethan Bear","CA","D",18,2024,"Seattle Thunderbirds (WHL)",275,17,50,67,-14,112,12,"2015","2015-Ethan Bear"
125,"Toronto Maple Leafs","Dmytro Timashov","UA","LW",18,2021,"Quebec Remparts (QMJHL)",45,4,5,9,-1,16,0.6,"2015","2015-Dmytro Timashov"
126,"Carolina Hurricanes","Luke Stevens","US","LW",18,NA,"Noble & Greenough School (High-MA)",0,0,0,0,0,0,0,"2015","2015-Luke Stevens"
127,"St. Louis Blues","Niko Mikkola","FI","D",19,2026,"KalPa Jr. (Finland Jr.)",346,14,51,65,16,279,14.5,"2015","2015-Niko Mikkola"
128,"Philadelphia Flyers","David Kase","CZ","RW",18,2021,"Pirati Chomutov (Czech-2)",7,1,0,1,1,0,0.1,"2015","2015-David Kase"
129,"Columbus Blue Jackets","Sam Ruopp","CA","D",19,NA,"Prince George Cougars (WHL)",0,0,0,0,0,0,0,"2015","2015-Sam Ruopp"
130,"San Jose Sharks","Karlis Cukste","LV","D",18,NA,"HK Riga (Russia Jr.)",0,0,0,0,0,0,0,"2015","2015-Karlis Cukste"
131,"Montreal Canadiens","Matthew Bradley","CA","C",18,NA,"Medicine Hat Tigers (WHL)",0,0,0,0,0,0,0,"2015","2015-Matthew Bradley"
132,"Florida Panthers","Karch Bachman","US","LW",18,NA,"Culver Military Academy (High-IN)",0,0,0,0,0,0,0,"2015","2015-Karch Bachman"
133,"Dallas Stars","Joseph Cecconi","US","D",18,NA,"Muskegon Lumberjacks (USHL)",0,0,0,0,0,0,0,"2015","2015-Joseph Cecconi"
134,"Los Angeles Kings","Matt Schmalz","CA","RW",19,NA,"Sudbury Wolves (OHL)",0,0,0,0,0,0,0,"2015","2015-Matt Schmalz"
135,"Minnesota Wild","Kirill Kaprizov","RU","LW",18,2026,"Metallurg Novokuznetsk (Russia)",338,195,213,408,68,151,50.1,"2015","2015-Kirill Kaprizov"
136,"Calgary Flames","Pavel Karnaukhov","BY","LW",18,NA,"Calgary Hitmen (WHL)",0,0,0,0,0,0,0,"2015","2015-Pavel Karnaukhov"
137,"Pittsburgh Penguins","Dominik Simon","CZ","C",21,2022,"HC Plzen (Czech)",256,22,55,77,0,80,4.7,"2015","2015-Dominik Simon"
138,"Carolina Hurricanes","Spencer Smallman","CA","RW",19,NA,"Saint John Sea Dogs (QMJHL)",0,0,0,0,0,0,0,"2015","2015-Spencer Smallman"
139,"Ottawa Senators","Christian Jaros","SK","D",19,2022,"Lulea HF Jr. (Sweden Jr.)",94,1,13,14,-24,37,0.8,"2015","2015-Christian Jaros"
140,"Detroit Red Wings","Chase Pearson","CA","C",18,2022,"Youngstown Phantoms (USHL)",3,0,0,0,0,0,0,"2015","2015-Chase Pearson"
141,"Columbus Blue Jackets","Veeti Vainio","FI","D",18,NA,"Blues Jr. (Finland Jr.)",0,0,0,0,0,0,0,"2015","2015-Veeti Vainio"
142,"San Jose Sharks","Rudolfs Balcers","LV","LW",18,2023,"Stavanger (Norway)",170,28,34,62,-19,50,4.7,"2015","2015-Rudolfs Balcers"
143,"Washington Capitals","Connor Hobbs","CA","D",18,NA,"Regina Pats (WHL)",0,0,0,0,0,0,0,"2015","2015-Connor Hobbs"
144,"Vancouver Canucks","Carl Neill","CA","D",19,NA,"Sherbrooke Phoenix (QMJHL)",0,0,0,0,0,0,0,"2015","2015-Carl Neill"
147,"New York Islanders","Ryan Pilon","CA","D",18,NA,"Brandon Wheat Kings (WHL)",0,0,0,0,0,0,0,"2015","2015-Ryan Pilon"
148,"Anaheim Ducks","Troy Terry","US","C RW",18,2026,"USA U-18 Development Team (USDP/USHL)",445,121,184,305,-16,120,28.7,"2015","2015-Troy Terry"
149,"Vancouver Canucks","Adam Gaudette","US","C",18,2026,"Cedar Rapids RoughRiders (USHL)",316,50,51,101,-30,108,8.6,"2015","2015-Adam Gaudette"
150,"Tampa Bay Lightning","Ryan Zuhlsdorf","US","D",18,NA,"Sioux City Musketeers (USHL)",0,0,0,0,0,0,0,"2015","2015-Ryan Zuhlsdorf"
151,"Chicago Blackhawks","Radovan Bondra","SK","RW",18,NA,"HC Kosice (Slovakia)",0,0,0,0,0,0,0,"2015","2015-Radovan Bondra"
152,"Buffalo Sabres","Giorgio Estephan","CA","C",18,NA,"Lethbridge Hurricanes (WHL)",0,0,0,0,0,0,0,"2015","2015-Giorgio Estephan"
154,"Edmonton Oilers","John Marino","US","D",18,2026,"South Shore (USPHL Premier)",381,20,110,130,44,118,24.1,"2015","2015-John Marino"
155,"Toronto Maple Leafs","Stephen Desrocher","CA","D",19,NA,"Oshawa Generals (OHL)",0,0,0,0,0,0,0,"2015","2015-Stephen Desrocher"
156,"Carolina Hurricanes","Jake Massie","CA","D",18,NA,"Kimball Union Academy (High-NH)",0,0,0,0,0,0,0,"2015","2015-Jake Massie"
157,"New Jersey Devils","Brett Seney","CA","LW",19,2024,"Merrimack (H-East)",66,6,8,14,-17,39,0.4,"2015","2015-Brett Seney"
158,"Philadelphia Flyers","Cooper Marody","US","C",18,2022,"Sioux Falls Stampede (USHL)",7,0,1,1,-1,0,0,"2015","2015-Cooper Marody"
159,"Columbus Blue Jackets","Vladislav Gavrikov","RU","D",19,2026,"Lokomotiv Yaroslavl (Russia)",454,31,110,141,30,208,29.4,"2015","2015-Vladislav Gavrikov"
160,"San Jose Sharks","Adam Parsells","US","D",18,NA,"Wausau West HS (High-WI)",0,0,0,0,0,0,0,"2015","2015-Adam Parsells"
161,"Colorado Avalanche","Sergei Boikov","RU","D",19,NA,"Drummondville Voltigeurs (QMJHL)",0,0,0,0,0,0,0,"2015","2015-Sergei Boikov"
162,"Florida Panthers","Christopher Wilkie","US","RW",19,NA,"Tri-City Storm (USHL)",0,0,0,0,0,0,0,"2015","2015-Christopher Wilkie"
164,"Chicago Blackhawks","Roy Radke","US","RW",18,NA,"Barrie Colts (OHL)",0,0,0,0,0,0,0,"2015","2015-Roy Radke"
165,"Boston Bruins","Cameron Hughes","CA","C",18,2021,"Wisconsin (Big Ten)",2,0,0,0,-2,0,-0.1,"2015","2015-Cameron Hughes"
166,"Calgary Flames","Andrew Mangiapane","CA","LW",19,2026,"Barrie Colts (OHL)",518,127,122,249,36,207,25.7,"2015","2015-Andrew Mangiapane"
167,"Pittsburgh Penguins","Frederik Tiffels","DE","LW",20,NA,"Western Michigan (NCHC)",0,0,0,0,0,0,0,"2015","2015-Frederik Tiffels"
168,"Winnipeg Jets","Mason Appleton","US","C",19,2026,"Tri-City Storm (USHL)",418,60,85,145,32,136,11.9,"2015","2015-Mason Appleton"
169,"Carolina Hurricanes","David Cotton","US","C",18,NA,"Cushing Academy (High-MA)",0,0,0,0,0,0,0,"2015","2015-David Cotton"
170,"Detroit Red Wings","Patrick Holway","US","D",18,NA,"Boston (T1EHL 18U)",0,0,0,0,0,0,0,"2015","2015-Patrick Holway"
171,"Minnesota Wild","Nicholas Boka","US","D",18,NA,"USA U-18 Development Team (USDP/USHL)",0,0,0,0,0,0,0,"2015","2015-Nicholas Boka"
172,"New York Islanders","Andong Song","CN","D",18,NA,"Lawrenceville School (High-NJ)",0,0,0,0,0,0,0,"2015","2015-Andong Song"
173,"Washington Capitals","Colby Williams","CA","D",20,NA,"Regina Pats (WHL)",0,0,0,0,0,0,0,"2015","2015-Colby Williams"
174,"Vancouver Canucks","Lukas Jasek","CZ","RW",18,NA,"HC Ocelari Trinec (Czech)",0,0,0,0,0,0,0,"2015","2015-Lukas Jasek"
175,"Nashville Predators","Tyler Moy","US","C",20,NA,"Harvard (ECAC)",0,0,0,0,0,0,0,"2015","2015-Tyler Moy"
176,"St. Louis Blues","Liam Dunda","US","LW",18,NA,"Owen Sound Attack (OHL)",0,0,0,0,0,0,0,"2015","2015-Liam Dunda"
177,"Montreal Canadiens","Simon Bourque","CA","D",18,NA,"Rimouski Oceanic (QMJHL)",0,0,0,0,0,0,0,"2015","2015-Simon Bourque"
178,"Anaheim Ducks","Steven Ruggiero","US","D",18,NA,"USA U-18 Development Team (USDP/USHL)",0,0,0,0,0,0,0,"2015","2015-Steven Ruggiero"
180,"Tampa Bay Lightning","Bokondji Imama","CA","LW",19,2025,"Saint John Sea Dogs (QMJHL)",31,2,0,2,-1,47,0.1,"2015","2015-Bokondji Imama"
181,"Chicago Blackhawks","Joni Tuulola","FI","D",19,NA,"HPK (Finland)",0,0,0,0,0,0,0,"2015","2015-Joni Tuulola"
182,"Buffalo Sabres","Ivan Chukarov","US","D",20,NA,"Minnesota Wilderness (NAHL)",0,0,0,0,0,0,0,"2015","2015-Ivan Chukarov"
185,"Toronto Maple Leafs","Nikita Korostelev","RU","RW",18,NA,"Sarnia Sting (OHL)",0,0,0,0,0,0,0,"2015","2015-Nikita Korostelev"
186,"Carolina Hurricanes","Steven Lorentz","CA","C; LW",19,2026,"Peterborough Petes (OHL)",323,30,37,67,-25,51,3,"2015","2015-Steven Lorentz"
187,"Los Angeles Kings","Chaz Reddekopp","CA","D",18,NA,"Victoria Royals (WHL)",0,0,0,0,0,0,0,"2015","2015-Chaz Reddekopp"
189,"Columbus Blue Jackets","Markus Nutivaara","FI","D",21,2022,"Karpat (Finland)",275,17,54,71,26,42,15,"2015","2015-Markus Nutivaara"
190,"San Jose Sharks","Marcus Vela","CA","C",18,NA,"Langley (BCHL)",0,0,0,0,0,0,0,"2015","2015-Marcus Vela"
191,"Colorado Avalanche","Gustav Olhaver","SE","C",18,NA,"Rogle BK Jr. (Sweden Jr.)",0,0,0,0,0,0,0,"2015","2015-Gustav Olhaver"
192,"Florida Panthers","Patrick Shea","US","C",18,NA,"Kimball Union Academy (High-NH)",0,0,0,0,0,0,0,"2015","2015-Patrick Shea"
194,"Los Angeles Kings","Matt Roy","CA","D",20,2026,"Michigan Tech (WCHA)",456,27,105,132,93,147,31.9,"2015","2015-Matt Roy"
195,"Boston Bruins","Jack Becker","US","C",18,NA,"Mahtomedi HS (High-MN)",0,0,0,0,0,0,0,"2015","2015-Jack Becker"
196,"Calgary Flames","Riley Bruce","CA","D",18,NA,"North Bay Battalion (OHL)",0,0,0,0,0,0,0,"2015","2015-Riley Bruce"
197,"Pittsburgh Penguins","Nikita Pavlychev","RU","C",18,NA,"Des Moines Buccaneers (USHL)",0,0,0,0,0,0,0,"2015","2015-Nikita Pavlychev"
198,"Winnipeg Jets","Sami Niku","FI","D",18,2022,"JYP-Aktemia (Finland-2)",67,2,14,16,-2,24,2.3,"2015","2015-Sami Niku"
200,"Detroit Red Wings","Adam Marsh","US","LW",18,NA,"Saint John Sea Dogs (QMJHL)",0,0,0,0,0,0,0,"2015","2015-Adam Marsh"
201,"Minnesota Wild","Gustav Bouramman","SE","D",18,NA,"Soo Greyhounds (OHL)",0,0,0,0,0,0,0,"2015","2015-Gustav Bouramman"
202,"New York Islanders","Petter Hansson","SE","D",19,NA,"Linkoping HC Jr. (Sweden Jr.)",0,0,0,0,0,0,0,"2015","2015-Petter Hansson"
203,"Winnipeg Jets","Matteo Gennaro","CA","C",18,NA,"Prince Albert Raiders (WHL)",0,0,0,0,0,0,0,"2015","2015-Matteo Gennaro"
204,"Minnesota Wild","Jack Sadek","US","D",18,NA,"Lakeville North HS (High-MN)",0,0,0,0,0,0,0,"2015","2015-Jack Sadek"
207,"Montreal Canadiens","Jeremiah Addison","CA","LW",18,NA,"Ottawa 67's (OHL)",0,0,0,0,0,0,0,"2015","2015-Jeremiah Addison"
209,"Edmonton Oilers","Ziyat Paigin","RU","D",20,NA,"Ak Bars Kazan (Russia)",0,0,0,0,0,0,0,"2015","2015-Ziyat Paigin"
210,"Vancouver Canucks","Tate Olson","CA","D",18,NA,"Prince George Cougars (WHL)",0,0,0,0,0,0,0,"2015","2015-Tate Olson"
211,"Chicago Blackhawks","John Dahlstrom","SE","RW",18,NA,"Frolunda HC Jr. (Sweden Jr.)",0,0,0,0,0,0,0,"2015","2015-John Dahlstrom"
1,"Toronto Maple Leafs","Auston Matthews","US","C",18,2026,"ZSC Lions (Swiss)",646,410,331,741,160,140,97.9,"2016","2016-Auston Matthews"
2,"Winnipeg Jets","Patrik Laine","FI","RW",18,2026,"Tappara (Finland)",537,224,198,422,-75,201,46.7,"2016","2016-Patrik Laine"
3,"Columbus Blue Jackets","Pierre-Luc Dubois","CA","LW",18,2026,"Cape Breton Screaming Eagles (QMJHL)",604,165,243,408,31,531,41.3,"2016","2016-Pierre-Luc Dubois"
4,"Edmonton Oilers","Jesse Puljujarvi","SE","RW",18,2025,"Karpat (Finland)",387,58,70,128,6,139,10.1,"2016","2016-Jesse Puljujarvi"
5,"Vancouver Canucks","Olli Juolevi","FI","D",18,2022,"London Knights (OHL)",41,2,1,3,-2,6,0.8,"2016","2016-Olli Juolevi"
6,"Calgary Flames","Matthew Tkachuk","US","LW",18,2025,"London Knights (OHL)",642,240,396,636,130,690,72.8,"2016","2016-Matthew Tkachuk"
7,"Arizona Coyotes","Clayton Keller","US","C",18,2026,"USA U-18 Development Team (USDP/USHL)",619,203,323,526,-70,235,52.1,"2016","2016-Clayton Keller"
8,"Buffalo Sabres","Alexander Nylander","CA","LW",18,2025,"Mississauga Steelheads (OHL)",126,25,24,49,-12,30,4.2,"2016","2016-Alexander Nylander"
9,"Montreal Canadiens","Mikhail Sergachev","RU","D",18,2026,"Windsor Spitfires (OHL)",570,66,258,324,38,324,49.9,"2016","2016-Mikhail Sergachev"
10,"Colorado Avalanche","Tyson Jost","CA","C",18,2026,"Penticton (BCHL)",510,62,89,151,-19,201,9.2,"2016","2016-Tyson Jost"
11,"Ottawa Senators","Logan Brown","US","C",18,2023,"Windsor Spitfires (OHL)",99,7,19,26,-9,22,1.1,"2016","2016-Logan Brown"
12,"New Jersey Devils","Michael McLeod","CA","C",18,2024,"Mississauga Steelheads (OHL)",287,29,56,85,-17,164,4.3,"2016","2016-Michael McLeod"
13,"Carolina Hurricanes","Jake Bean","CA","D",18,2026,"Calgary Hitmen (WHL)",273,16,49,65,-25,88,10.3,"2016","2016-Jake Bean"
14,"Boston Bruins","Charles McAvoy","US","D",18,2026,"Boston University (H-East)",523,60,254,314,142,455,59.2,"2016","2016-Charles McAvoy"
15,"Minnesota Wild","Luke Kunin","US","C",18,2026,"Wisconsin (Big Ten)",447,73,70,143,-99,393,7.8,"2016","2016-Luke Kunin"
16,"Arizona Coyotes","Jakob Chychrun","US","D",18,2026,"Sarnia Sting (OHL)",559,100,176,276,-45,377,47.2,"2016","2016-Jakob Chychrun"
17,"Nashville Predators","Dante Fabbro","CA","D",18,2026,"Penticton (BCHL)",395,26,76,102,27,203,20.3,"2016","2016-Dante Fabbro"
18,"Winnipeg Jets","Logan Stanley","CA","D",18,2026,"Windsor Spitfires (OHL)",220,7,37,44,33,231,10.6,"2016","2016-Logan Stanley"
19,"New York Islanders","Kieffer Bellows","US","LW",18,2025,"USA U-18 Development Team (USDP/USHL)",114,16,16,32,-12,37,2.6,"2016","2016-Kieffer Bellows"
20,"Detroit Red Wings","Dennis Cholowski","CA","D",18,2026,"Chilliwack (BCHL)",163,13,28,41,-55,38,4.5,"2016","2016-Dennis Cholowski"
21,"Carolina Hurricanes","Julien Gauthier","CA","RW",18,2025,"Val-d'Or Foreurs (QMJHL)",181,19,22,41,-25,44,2.2,"2016","2016-Julien Gauthier"
22,"Philadelphia Flyers","German Rubtsov","RU","C",18,2020,"Team Russia Jr. (Russia Jr.)",4,0,0,0,-1,0,-0.1,"2016","2016-German Rubtsov"
23,"Florida Panthers","Henrik BorgstrÃ¶m","FI","C",19,2023,"HIFK Jr. (Finland Jr.)",111,13,13,26,-31,28,0.8,"2016","2016-Henrik BorgstrÃ¶m"
24,"Anaheim Ducks","Max Jones","US","LW",18,2025,"London Knights (OHL)",284,32,32,64,-57,229,1.6,"2016","2016-Max Jones"
25,"Dallas Stars","Riley Tufte","US","LW",18,2025,"Blaine HS (High-MN)",24,2,1,3,-6,10,-0.1,"2016","2016-Riley Tufte"
26,"St. Louis Blues","Tage Thompson","US","C",18,2026,"Connecticut (H-East)",466,184,157,341,-62,213,37.1,"2016","2016-Tage Thompson"
27,"Tampa Bay Lightning","Brett Howden","CA","C",18,2026,"Moose Jaw Warriors (WHL)",444,65,81,146,-13,211,10.1,"2016","2016-Brett Howden"
28,"Washington Capitals","Lucas Johansen","CA","D",18,2024,"Kelowna Rockets (WHL)",9,0,2,2,2,4,0.5,"2016","2016-Lucas Johansen"
29,"Boston Bruins","Trent Frederic","US","C",18,2026,"USA U-18 Development Team (USDP/USHL)",358,56,54,110,10,320,9.4,"2016","2016-Trent Frederic"
30,"Anaheim Ducks","Sam Steel","CA","C",18,2026,"Regina Pats (WHL)",437,51,98,149,-35,136,8.5,"2016","2016-Sam Steel"
31,"Toronto Maple Leafs","Yegor Korshkov","RU","RW",20,2020,"Lokomotiv Yaroslavl (Russia)",1,1,0,1,1,0,0.2,"2016","2016-Yegor Korshkov"
32,"Edmonton Oilers","Tyler Benson","CA","LW",18,2023,"Vancouver Giants (WHL)",38,1,2,3,-6,18,-0.4,"2016","2016-Tyler Benson"
33,"Buffalo Sabres","Rasmus Asplund","SE","C",18,2025,"Farjestad BK (Sweden)",189,18,31,49,-16,22,2.5,"2016","2016-Rasmus Asplund"
34,"Columbus Blue Jackets","Andrew Peeke","US","D",18,2026,"Green Bay Gamblers (USHL)",329,11,54,65,-70,121,8.4,"2016","2016-Andrew Peeke"
35,"St. Louis Blues","Jordan Kyrou","CA","C",18,2026,"Sarnia Sting (OHL)",434,156,187,343,-25,108,35.7,"2016","2016-Jordan Kyrou"
36,"Philadelphia Flyers","Pascal Laberge","CA","C",18,NA,"Victoriaville Tigres (QMJHL)",0,0,0,0,0,0,0,"2016","2016-Pascal Laberge"
37,"Tampa Bay Lightning","Libor Hajek","CZ","D",18,2023,"Saskatoon Blades (WHL)",110,4,8,12,-9,40,2.2,"2016","2016-Libor Hajek"
38,"Florida Panthers","Adam Mascherin","CA","LW",18,NA,"Kitchener Rangers (OHL)",0,0,0,0,0,0,0,"2016","2016-Adam Mascherin"
39,"Chicago Blackhawks","Alexander Debrincat","US","RW",18,2026,"Erie Otters (OHL)",632,261,269,530,-61,177,58,"2016","2016-Alexander Debrincat"
40,"Colorado Avalanche","Cameron Morrison","CA","LW",18,NA,"Youngstown Phantoms (USHL)",0,0,0,0,0,0,0,"2016","2016-Cameron Morrison"
41,"New Jersey Devils","Nathan Bastian","CA","RW",18,2026,"Mississauga Steelheads (OHL)",291,34,35,69,-17,198,4.3,"2016","2016-Nathan Bastian"
42,"Ottawa Senators","Jonathan Dahlen","SE","C",18,2022,"Timra IK (Sweden-2)",61,12,10,22,-25,12,1.3,"2016","2016-Jonathan Dahlen"
43,"Carolina Hurricanes","Janne Kuokkanen","FI","C/LW",18,2022,"Karpat Jr. (Finland Jr.)",119,14,28,42,-26,28,1.9,"2016","2016-Janne Kuokkanen"
44,"Tampa Bay Lightning","Boris Katchouk","CA","LW",18,2026,"Soo Greyhounds (OHL)",178,15,21,36,-24,78,1.3,"2016","2016-Boris Katchouk"
45,"Chicago Blackhawks","Chad Krys","US","D",18,NA,"USA U-18 Development Team (USDP/USHL)",0,0,0,0,0,0,0,"2016","2016-Chad Krys"
46,"Detroit Red Wings","Givani Smith","CA","RW",18,2025,"Guelph Storm (OHL)",168,9,13,22,-31,268,-0.2,"2016","2016-Givani Smith"
47,"Nashville Predators","Samuel Girard","CA","D",18,2026,"Shawinigan Cataractes (QMJHL)",551,34,190,224,8,107,33.7,"2016","2016-Samuel Girard"
49,"Boston Bruins","Ryan Lindgren","US","D",18,2026,"USA U-18 Development Team (USDP/USHL)",423,14,91,105,99,290,26.2,"2016","2016-Ryan Lindgren"
50,"Chicago Blackhawks","Artur Kayumov","RU","W",18,NA,"Team Russia Jr. (Russia Jr.)",0,0,0,0,0,0,0,"2016","2016-Artur Kayumov"
51,"Los Angeles Kings","Kale Clague","CA","D",18,2024,"Brandon Wheat Kings (WHL)",94,2,19,21,-22,52,1.9,"2016","2016-Kale Clague"
52,"Philadelphia Flyers","Wade Allison","CA","RW",18,2023,"Tri-City Storm (USHL)",75,13,9,22,-3,40,1.8,"2016","2016-Wade Allison"
53,"Detroit Red Wings","Filip Hronek","CZ","D",18,2026,"Mountfield HK (Czech)",470,40,207,247,-55,248,35.7,"2016","2016-Filip Hronek"
56,"Calgary Flames","Dillon Dube","CA","C",18,2024,"Kelowna Rockets (WHL)",325,57,70,127,-17,105,10.4,"2016","2016-Dillon Dube"
57,"Toronto Maple Leafs","Carl Grundstrom","SE","RW",18,2026,"MODO Hockey (Sweden)",293,43,33,76,-35,108,5.5,"2016","2016-Carl Grundstrom"
58,"Tampa Bay Lightning","Taylor Raddysh","CA","RW",18,2026,"Erie Otters (OHL)",324,48,58,106,-51,68,6.5,"2016","2016-Taylor Raddysh"
60,"San Jose Sharks","Dylan Gambrell","US","C",20,2023,"Denver (NCHC)",233,17,23,40,-28,79,0.3,"2016","2016-Dylan Gambrell"
61,"Pittsburgh Penguins","Kasper Bjorkqvist","FI","RW",19,2022,"Blues Jr. (Finland Jr.)",6,1,0,1,-1,2,0.1,"2016","2016-Kasper Bjorkqvist"
63,"Edmonton Oilers","Markus Niemelainen","FI","D",18,2023,"Saginaw Spirit (OHL)",43,0,1,1,-2,8,0.2,"2016","2016-Markus Niemelainen"
64,"Vancouver Canucks","William Lockwood","US","RW",18,2024,"USA U-18 Development Team (USDP/USHL)",54,0,2,2,-10,27,-1,"2016","2016-William Lockwood"
65,"Columbus Blue Jackets","Vitaly Abramov","RU","RW",18,2021,"Gatineau Olympiques (QMJHL)",5,1,0,1,-3,2,0,"2016","2016-Vitaly Abramov"
66,"Calgary Flames","Adam Fox","US","D",18,2026,"USA U-18 Development Team (USDP/USHL)",450,66,319,385,119,184,62.1,"2016","2016-Adam Fox"
67,"Carolina Hurricanes","Matt Filipe","US","LW",18,NA,"Cedar Rapids RoughRiders (USHL)",0,0,0,0,0,0,0,"2016","2016-Matt Filipe"
68,"Arizona Coyotes","Cam Dineen","US","D",18,2025,"North Bay Battalion (OHL)",38,0,7,7,-16,4,0.2,"2016","2016-Cam Dineen"
69,"Buffalo Sabres","Cliff Pu","CA","RW",18,NA,"London Knights (OHL)",0,0,0,0,0,0,0,"2016","2016-Cliff Pu"
70,"Montreal Canadiens","William Bitten","CA","C",18,2023,"Flint Firebirds (OHL)",4,0,1,1,1,0,0.1,"2016","2016-William Bitten"
72,"Toronto Maple Leafs","James Greenway","US","D",18,NA,"USA U-18 Development Team (USDP/USHL)",0,0,0,0,0,0,0,"2016","2016-James Greenway"
73,"New Jersey Devils","Joseph Anderson","US","RW",18,2025,"USA U-18 Development Team (USDP/USHL)",169,19,21,40,-10,18,2.6,"2016","2016-Joseph Anderson"
74,"Carolina Hurricanes","Hudson Elynuik","CA","C",18,NA,"Spokane Chiefs (WHL)",0,0,0,0,0,0,0,"2016","2016-Hudson Elynuik"
76,"Nashville Predators","Rem Pitlick","CA","C",19,2024,"Muskegon Lumberjacks (USHL)",132,21,33,54,-27,54,3.2,"2016","2016-Rem Pitlick"
77,"Pittsburgh Penguins","Connor Hall","CA","D",18,NA,"Kitchener Rangers (OHL)",0,0,0,0,0,0,0,"2016","2016-Connor Hall"
78,"Nashville Predators","Frederic Allard","CA","D",18,2023,"Chicoutimi Sagueneens (QMJHL)",4,0,0,0,0,0,0,"2016","2016-Frederic Allard"
79,"Winnipeg Jets","Luke Green","CA","D",18,NA,"Saint John Sea Dogs (QMJHL)",0,0,0,0,0,0,0,"2016","2016-Luke Green"
80,"New Jersey Devils","Brandon Gignac","CA","C",18,2024,"Shawinigan Cataractes (QMJHL)",8,1,0,1,-5,0,-0.1,"2016","2016-Brandon Gignac"
81,"New York Rangers","Sean Day","BE","D",18,2022,"Mississauga Steelheads (OHL)",2,0,0,0,-2,0,-0.1,"2016","2016-Sean Day"
82,"Philadelphia Flyers","Carsen Twarynski","CA","LW",18,2021,"Calgary Hitmen (WHL)",22,1,0,1,-5,6,-0.4,"2016","2016-Carsen Twarynski"
84,"Edmonton Oilers","Matthew Cairns","CA","D",18,NA,"Georgetown (OJHL)",0,0,0,0,0,0,0,"2016","2016-Matthew Cairns"
85,"Anaheim Ducks","Joshua Mahura","CA","D",18,2026,"Red Deer Rebels (WHL)",268,11,45,56,9,126,10.6,"2016","2016-Joshua Mahura"
86,"Buffalo Sabres","Casey Fitzgerald","US","D",19,2023,"Boston College (H-East)",63,0,9,9,-21,40,0.2,"2016","2016-Casey Fitzgerald"
87,"Washington Capitals","Garrett Pilon","CA","C",18,2022,"Kamloops Blazers (WHL)",3,1,0,1,1,0,0.2,"2016","2016-Garrett Pilon"
89,"Florida Panthers","Linus Nassen","SE","D",18,NA,"Lulea HF Jr. (Sweden Jr.)",0,0,0,0,0,0,0,"2016","2016-Linus Nassen"
90,"Dallas Stars","Fredrik Karlstrom","SE","C",18,2023,"AIK Jr. (Sweden Jr.)",8,0,1,1,3,0,0.1,"2016","2016-Fredrik Karlstrom"
91,"Edmonton Oilers","Filip Berglund","SE","D",19,NA,"Skelleftea AIK Jr. (Sweden Jr.)",0,0,0,0,0,0,0,"2016","2016-Filip Berglund"
92,"Toronto Maple Leafs","Adam Brooks","CA","C",20,2022,"Regina Pats (WHL)",43,6,5,11,7,2,1.3,"2016","2016-Adam Brooks"
93,"Anaheim Ducks","Jack Kopacka","US","LW",18,NA,"Soo Greyhounds (OHL)",0,0,0,0,0,0,0,"2016","2016-Jack Kopacka"
94,"Florida Panthers","Jonathan Ang","CA","C",18,NA,"Peterborough Petes (OHL)",0,0,0,0,0,0,0,"2016","2016-Jonathan Ang"
95,"New York Islanders","Anatoli Golyshev","RU","LW",21,NA,"Avtomobilist Yekaterinburg (Russia)",0,0,0,0,0,0,0,"2016","2016-Anatoli Golyshev"
96,"Calgary Flames","Linus Lindstrom","SE","C",18,NA,"Skelleftea AIK Jr. (Sweden Jr.)",0,0,0,0,0,0,0,"2016","2016-Linus Lindstrom"
97,"Winnipeg Jets","Jacob Cederholm","SE","D",18,NA,"HV71 Jr. (Sweden Jr.)",0,0,0,0,0,0,0,"2016","2016-Jacob Cederholm"
98,"New York Rangers","Tarmo Reunanen","FI","D",18,2021,"TPS Jr. (Finland Jr.)",4,0,1,1,1,0,0.2,"2016","2016-Tarmo Reunanen"
99,"Buffalo Sabres","Brett Murray","CA","LW",18,2025,"Carleton Place (CCHL)",26,2,4,6,-5,25,0.1,"2016","2016-Brett Murray"
100,"Montreal Canadiens","Victor Mete","CA","D",18,2024,"London Knights (OHL)",248,5,40,45,19,46,10.2,"2016","2016-Victor Mete"
101,"Toronto Maple Leafs","Keaton Middleton","CA","D",18,2025,"Saginaw Spirit (OHL)",44,0,2,2,-1,32,0.6,"2016","2016-Keaton Middleton"
102,"New Jersey Devils","Mikhail Maltsev","RU","LW",18,2023,"Team Russia Jr. (Russia Jr.)",56,6,3,9,-9,6,0.2,"2016","2016-Mikhail Maltsev"
103,"Ottawa Senators","Todd Burgess","US","RW",20,NA,"Fairbanks Ice Dogs (NAHL)",0,0,0,0,0,0,0,"2016","2016-Todd Burgess"
104,"Carolina Hurricanes","Max Zimmer","US","LW",18,NA,"Chicago Steel (USHL)",0,0,0,0,0,0,0,"2016","2016-Max Zimmer"
106,"Minnesota Wild","Brandon Duhaime","US","RW",19,2026,"Tri-City Storm (USHL)",311,32,33,65,2,350,3.2,"2016","2016-Brandon Duhaime"
107,"Detroit Red Wings","Alfons Malmstrom","SE","D",18,NA,"Orebro HK Jr. (Sweden Jr.)",0,0,0,0,0,0,0,"2016","2016-Alfons Malmstrom"
108,"Nashville Predators","Hardy Haman Aktell","SE","D",18,2024,"Skelleftea AIK Jr. (Sweden Jr.)",6,0,1,1,-2,2,0,"2016","2016-Hardy Haman Aktell"
109,"Philadelphia Flyers","Connor Bunnaman","CA","C",18,2022,"Kitchener Rangers (OHL)",54,1,2,3,-6,8,-0.8,"2016","2016-Connor Bunnaman"
110,"Chicago Blackhawks","Lucas Carlsson","SE","D",19,2025,"Brynas IF (Sweden)",73,4,11,15,4,28,2.6,"2016","2016-Lucas Carlsson"
111,"San Jose Sharks","Noah Gregor","CA","C",18,2026,"Moose Jaw Warriors (WHL)",298,36,34,70,-80,118,1.8,"2016","2016-Noah Gregor"
112,"Los Angeles Kings","Jacob Moverare","SE","D",18,2026,"HV71 Jr. (Sweden Jr.)",95,2,9,11,4,18,2.8,"2016","2016-Jacob Moverare"
113,"Chicago Blackhawks","Nathan Noel","CA","C",19,NA,"Saint John Sea Dogs (QMJHL)",0,0,0,0,0,0,0,"2016","2016-Nathan Noel"
114,"Florida Panthers","Riley Stillman","CA","D",18,2025,"Oshawa Generals (OHL)",163,4,22,26,-20,111,3.5,"2016","2016-Riley Stillman"
115,"Anaheim Ducks","Alex Dostie","CA","C",19,NA,"Gatineau Olympiques (QMJHL)",0,0,0,0,0,0,0,"2016","2016-Alex Dostie"
116,"Dallas Stars","Rhett Gardner","CA","C/LW",20,2024,"North Dakota (NCHC)",41,1,1,2,-10,10,-0.7,"2016","2016-Rhett Gardner"
117,"Washington Capitals","Damien Riat","CH","LW",19,NA,"Geneve-Servette HC (Swiss)",0,0,0,0,0,0,0,"2016","2016-Damien Riat"
118,"Tampa Bay Lightning","Ross Colton","US","C",20,2026,"Cedar Rapids RoughRiders (USHL)",349,82,79,161,-7,174,15.5,"2016","2016-Ross Colton"
119,"St. Louis Blues","Tanner Kaspick","CA","C",18,NA,"Brandon Wheat Kings (WHL)",0,0,0,0,0,0,0,"2016","2016-Tanner Kaspick"
120,"New York Islanders","Otto Koivula","FI","LW",18,2023,"Ilves Jr. (Finland Jr.)",28,0,4,4,-1,6,0,"2016","2016-Otto Koivula"
121,"Pittsburgh Penguins","Ryan Jones","US","D",20,NA,"Lincoln Stars (USHL)",0,0,0,0,0,0,0,"2016","2016-Ryan Jones"
122,"Toronto Maple Leafs","Vladimir Bobylev","RU","RW",19,NA,"Victoria Royals (WHL)",0,0,0,0,0,0,0,"2016","2016-Vladimir Bobylev"
124,"Montreal Canadiens","Casey Staum","US","D",18,NA,"Hill-Murray HS (High-MN)",0,0,0,0,0,0,0,"2016","2016-Casey Staum"
125,"St. Louis Blues","Nolan Stevens","CA","C",20,NA,"Northeastern (H-East)",0,0,0,0,0,0,0,"2016","2016-Nolan Stevens"
126,"Calgary Flames","Mitchell Mattson","US","C",18,NA,"Grand Rapids HS (High-MN)",0,0,0,0,0,0,0,"2016","2016-Mitchell Mattson"
127,"Winnipeg Jets","Jordan Stallard","CA","C",18,NA,"Calgary Hitmen (WHL)",0,0,0,0,0,0,0,"2016","2016-Jordan Stallard"
129,"Buffalo Sabres","Philip Nyberg","SE","D",19,NA,"Linkoping HC Jr. (Sweden Jr.)",0,0,0,0,0,0,0,"2016","2016-Philip Nyberg"
130,"Buffalo Sabres","Vojtech Budik","CZ","D",18,NA,"Prince Albert Raiders (WHL)",0,0,0,0,0,0,0,"2016","2016-Vojtech Budik"
132,"New Jersey Devils","Yegor Rykov","RU","D",19,NA,"SKA 1946 St. Petersburg (Russia Jr.)",0,0,0,0,0,0,0,"2016","2016-Yegor Rykov"
133,"Ottawa Senators","Maxime Lajoie","CA","D",18,2024,"Swift Current Broncos (WHL)",77,7,9,16,-22,20,1.7,"2016","2016-Maxime Lajoie"
135,"Boston Bruins","Joona Koppanen","FI","LW",18,2026,"Ilves Jr. (Finland Jr.)",24,1,1,2,-4,6,-0.3,"2016","2016-Joona Koppanen"
136,"Boston Bruins","Cameron Clarke","US","D",20,NA,"Lone Star Brahmas (NAHL)",0,0,0,0,0,0,0,"2016","2016-Cameron Clarke"
137,"Detroit Red Wings","Jordan Sambrook","CA","D",18,NA,"Erie Otters (OHL)",0,0,0,0,0,0,0,"2016","2016-Jordan Sambrook"
138,"Nashville Predators","Patrick Harper","US","C",18,NA,"Avon Old Farms School (High-CT)",0,0,0,0,0,0,0,"2016","2016-Patrick Harper"
139,"Philadelphia Flyers","Linus Hogberg","SE","D",18,2022,"Vaxjo Lakers HC Jr. (Sweden Jr.)",5,0,2,2,0,2,0.3,"2016","2016-Linus Hogberg"
140,"Vancouver Canucks","Cole Candella","CA","D",18,NA,"Hamilton Bulldogs (OHL)",0,0,0,0,0,0,0,"2016","2016-Cole Candella"
141,"New York Rangers","Timothy Gettinger","US","LW",18,2022,"Soo Greyhounds (OHL)",16,0,1,1,-1,0,-0.2,"2016","2016-Timothy Gettinger"
142,"Los Angeles Kings","Michael Eyssimont","US","C",20,2026,"St. Cloud State (NCHC)",233,29,36,65,4,245,5,"2016","2016-Michael Eyssimont"
143,"Chicago Blackhawks","Mathias From","DK","W",18,NA,"Rogle BK Jr. (Sweden Jr.)",0,0,0,0,0,0,0,"2016","2016-Mathias From"
145,"Washington Capitals","Beck Malenstyn","CA","LW",18,2026,"Calgary Hitmen (WHL)",198,12,23,35,-24,67,0,"2016","2016-Beck Malenstyn"
146,"Dallas Stars","Nicholas Caamano","CA","RW",18,2021,"Flint Firebirds (OHL)",36,1,2,3,-5,21,-0.3,"2016","2016-Nicholas Caamano"
147,"Washington Capitals","Axel Jonsson-Fjallby","SE","LW",18,2024,"Djurgardens IF Jr. (Sweden Jr.)",99,10,13,23,5,12,1.8,"2016","2016-Axel Jonsson-Fjallby"
148,"Tampa Bay Lightning","Christopher Paquette","CA","C",18,NA,"Niagara IceDogs (OHL)",0,0,0,0,0,0,0,"2016","2016-Christopher Paquette"
149,"Edmonton Oilers","Graham McPhee","US","LW",18,NA,"USA U-18 Development Team (USDP/USHL)",0,0,0,0,0,0,0,"2016","2016-Graham McPhee"
150,"San Jose Sharks","Manuel Wiederer","DE","C",19,NA,"Moncton Wildcats (QMJHL)",0,0,0,0,0,0,0,"2016","2016-Manuel Wiederer"
151,"Pittsburgh Penguins","Niclas Almari","FI","D",18,NA,"Jokerit Jr. (Finland Jr.)",0,0,0,0,0,0,0,"2016","2016-Niclas Almari"
152,"Toronto Maple Leafs","Jonathan Walker","US","D",20,NA,"Victoria Royals (WHL)",0,0,0,0,0,0,0,"2016","2016-Jonathan Walker"
153,"Edmonton Oilers","Aapeli Rasanen","FI","C",18,NA,"Tappara Jr. (Finland Jr.)",0,0,0,0,0,0,0,"2016","2016-Aapeli Rasanen"
154,"Vancouver Canucks","Jakob Stukel","CA","LW",19,NA,"Calgary Hitmen (WHL)",0,0,0,0,0,0,0,"2016","2016-Jakob Stukel"
156,"Calgary Flames","Eetu Tuulola","FI","RW",18,NA,"HPK Jr. (Finland Jr.)",0,0,0,0,0,0,0,"2016","2016-Eetu Tuulola"
158,"Arizona Coyotes","Patrick Kudla","CA","D",20,NA,"Oakville (OJHL)",0,0,0,0,0,0,0,"2016","2016-Patrick Kudla"
159,"Buffalo Sabres","Brandon Hagel","CA","LW",18,2026,"Red Deer Rebels (WHL)",391,132,179,311,36,243,32.8,"2016","2016-Brandon Hagel"
160,"Montreal Canadiens","Michael Pezzetta","CA","C",18,2025,"Sudbury Wolves (OHL)",200,15,23,38,-9,241,2.1,"2016","2016-Michael Pezzetta"
161,"Colorado Avalanche","Nathan Clurman","US","D",18,2025,"Culver Military Academy (High-IN)",1,0,0,0,0,2,0,"2016","2016-Nathan Clurman"
162,"New Jersey Devils","Jesper Bratt","SE","W",18,2026,"AIK (Sweden-2)",570,155,309,464,-13,96,46,"2016","2016-Jesper Bratt"
163,"Ottawa Senators","Markus Nurmi","FI","RW",18,NA,"TPS Jr. (Finland Jr.)",0,0,0,0,0,0,0,"2016","2016-Markus Nurmi"
164,"Carolina Hurricanes","Noah Carroll","CA","D",18,NA,"Guelph Storm (OHL)",0,0,0,0,0,0,0,"2016","2016-Noah Carroll"
165,"Boston Bruins","Oskar Steen","SE","C",18,2024,"Farjestad BK Jr. (Sweden Jr.)",60,4,4,8,-4,12,0.1,"2016","2016-Oskar Steen"
166,"Calgary Flames","Matthew Phillips","CA","C",18,2024,"Victoria Royals (WHL)",34,1,4,5,-3,2,0,"2016","2016-Matthew Phillips"
169,"Philadelphia Flyers","Tanner Laczynski","US","C",19,2025,"Lincoln Stars (USHL)",46,3,2,5,-6,8,-0.1,"2016","2016-Tanner Laczynski"
170,"New York Islanders","Collin Adams","US","LW",18,NA,"Muskegon Lumberjacks (USHL)",0,0,0,0,0,0,0,"2016","2016-Collin Adams"
171,"New York Rangers","Gabriel Fontaine","CA","C",19,NA,"Rouyn-Noranda Huskies (QMJHL)",0,0,0,0,0,0,0,"2016","2016-Gabriel Fontaine"
172,"Philadelphia Flyers","Anthony Salinitri","CA","C",18,NA,"Sarnia Sting (OHL)",0,0,0,0,0,0,0,"2016","2016-Anthony Salinitri"
173,"Chicago Blackhawks","Blake Hillman","US","D",20,2018,"Denver (NCHC)",4,1,0,1,-1,0,0.2,"2016","2016-Blake Hillman"
175,"Florida Panthers","Maxim Mamin","RU","C/RW",21,2022,"CSKA Moskva (Russia)",73,10,8,18,8,25,1.5,"2016","2016-Maxim Mamin"
176,"Dallas Stars","Jakob Stenqvist","SE","D",18,NA,"MODO Hockey Jr. (Sweden Jr.)",0,0,0,0,0,0,0,"2016","2016-Jakob Stenqvist"
177,"Washington Capitals","Chase Priskie","US","D",20,2022,"Quinnipiac (ECAC)",4,0,0,0,2,2,0.1,"2016","2016-Chase Priskie"
178,"Tampa Bay Lightning","Oleg Sosunov","RU","D",18,NA,"Loko-Yunior Yaroslav (Russia Jr.)",0,0,0,0,0,0,0,"2016","2016-Oleg Sosunov"
179,"Toronto Maple Leafs","Nicolas Mattinen","CA","D",18,NA,"London Knights (OHL)",0,0,0,0,0,0,0,"2016","2016-Nicolas Mattinen"
180,"San Jose Sharks","Mark Shoemaker","CA","D",18,NA,"North Bay Battalion (OHL)",0,0,0,0,0,0,0,"2016","2016-Mark Shoemaker"
181,"Pittsburgh Penguins","Joseph Masonius","US","D",19,NA,"Connecticut (H-East)",0,0,0,0,0,0,0,"2016","2016-Joseph Masonius"
182,"Toronto Maple Leafs","Nikolai Chebykin","RU","LW",19,NA,"HK MVD Balashikha (Russia Jr.)",0,0,0,0,0,0,0,"2016","2016-Nikolai Chebykin"
183,"Edmonton Oilers","Vincent Desharnais","CA","D",20,2026,"Providence (H-East)",180,1,20,21,11,150,5,"2016","2016-Vincent Desharnais"
184,"Vancouver Canucks","Rodrigo Abols","LV","C",20,2026,"Portland Winterhawks (WHL)",35,2,3,5,-14,9,-0.3,"2016","2016-Rodrigo Abols"
185,"Columbus Blue Jackets","Calvin Thurkauf","CH","C",19,2020,"Kelowna Rockets (WHL)",3,0,0,0,0,0,0,"2016","2016-Calvin Thurkauf"
186,"Calgary Flames","Stepan Falkovsky","BY","D",19,NA,"Ottawa 67's (OHL)",0,0,0,0,0,0,0,"2016","2016-Stepan Falkovsky"
187,"Montreal Canadiens","Arvid Henrikson","SE","D",18,NA,"AIK Jr. (Sweden Jr.)",0,0,0,0,0,0,0,"2016","2016-Arvid Henrikson"
188,"Arizona Coyotes","Dean Stewart","CA","D",18,NA,"Portage (MJHL)",0,0,0,0,0,0,0,"2016","2016-Dean Stewart"
189,"Buffalo Sabres","Austin Osmanski","US","D",18,NA,"Mississauga Steelheads (OHL)",0,0,0,0,0,0,0,"2016","2016-Austin Osmanski"
190,"Buffalo Sabres","Vasily Glotov","RU","C",19,NA,"Serebryanye Lvy St. Petersburg (Russia Jr.)",0,0,0,0,0,0,0,"2016","2016-Vasily Glotov"
191,"Colorado Avalanche","Travis Barron","CA","LW",18,NA,"Ottawa 67's (OHL)",0,0,0,0,0,0,0,"2016","2016-Travis Barron"
192,"New Jersey Devils","Jeremy Davies","CA","D",19,2023,"Bloomington Thunder (USHL)",23,0,3,3,-2,12,0.5,"2016","2016-Jeremy Davies"
193,"New York Islanders","Nick Pastujov","US","LW",18,NA,"USA U-18 Development Team (USDP/USHL)",0,0,0,0,0,0,0,"2016","2016-Nick Pastujov"
194,"Vancouver Canucks","Brett McKenzie","CA","C",19,NA,"North Bay Battalion (OHL)",0,0,0,0,0,0,0,"2016","2016-Brett McKenzie"
195,"Florida Panthers","Benjamin Finkelstein","US","D",18,NA,"Kimball Union Academy (High-NH)",0,0,0,0,0,0,0,"2016","2016-Benjamin Finkelstein"
196,"Minnesota Wild","Dmitry Sokolov","RU","RW",18,NA,"Sudbury Wolves (OHL)",0,0,0,0,0,0,0,"2016","2016-Dmitry Sokolov"
197,"Detroit Red Wings","Mattias Elfstrom","SE","LW",19,NA,"Malmo Jr. (Sweden Jr.)",0,0,0,0,0,0,0,"2016","2016-Mattias Elfstrom"
198,"Nashville Predators","Adam Smith","CA","D",19,NA,"Bowling Green (WCHA)",0,0,0,0,0,0,0,"2016","2016-Adam Smith"
199,"Philadelphia Flyers","David Bernhardt","SE","D",18,NA,"Djurgardens IF Jr. (Sweden Jr.)",0,0,0,0,0,0,0,"2016","2016-David Bernhardt"
200,"New York Islanders","David Quenneville","CA","D",18,NA,"Medicine Hat Tigers (WHL)",0,0,0,0,0,0,0,"2016","2016-David Quenneville"
201,"New York Rangers","Ty Ronning","CA","RW",18,NA,"Vancouver Giants (WHL)",0,0,0,0,0,0,0,"2016","2016-Ty Ronning"
202,"Los Angeles Kings","Jacob Friend","CA","D",19,NA,"Owen Sound Attack (OHL)",0,0,0,0,0,0,0,"2016","2016-Jacob Friend"
203,"Chicago Blackhawks","Jake Ryczek","US","D",18,NA,"Waterloo Black Hawks (USHL)",0,0,0,0,0,0,0,"2016","2016-Jake Ryczek"
204,"Minnesota Wild","Brayden Chizen","CA","D",18,NA,"Kelowna Rockets (WHL)",0,0,0,0,0,0,0,"2016","2016-Brayden Chizen"
205,"Anaheim Ducks","Tyler Soy","CA","C",19,NA,"Victoria Royals (WHL)",0,0,0,0,0,0,0,"2016","2016-Tyler Soy"
206,"Tampa Bay Lightning","Otto Somppi","FI","C",18,NA,"Halifax Mooseheads (QMJHL)",0,0,0,0,0,0,0,"2016","2016-Otto Somppi"
207,"Washington Capitals","Dmitriy Zaitsev","RU","D",18,NA,"Wilkes-Barre/Scranton Knights (NAHL)",0,0,0,0,0,0,0,"2016","2016-Dmitriy Zaitsev"
208,"Tampa Bay Lightning","Ryan Lohin","US","C",20,NA,"Waterloo Black Hawks (USHL)",0,0,0,0,0,0,0,"2016","2016-Ryan Lohin"
209,"St. Louis Blues","Nikolaj Krag Christensen","DK","C/LW",18,NA,"Rodovre (Denmark)",0,0,0,0,0,0,0,"2016","2016-Nikolaj Krag Christensen"
210,"San Jose Sharks","Joachim Blichfeld","DK","W",18,2021,"Malmo Jr. (Sweden Jr.)",8,1,0,1,-4,14,-0.1,"2016","2016-Joachim Blichfeld"
211,"St. Louis Blues","Filip Helt","CZ","LW",18,NA,"HC Litvinov Jr. (Czech Jr.)",0,0,0,0,0,0,0,"2016","2016-Filip Helt"
1,"New Jersey Devils","Nico Hischier","CH","C",18,2026,"Halifax Mooseheads (QMJHL)",545,174,260,434,26,129,45.8,"2017","2017-Nico Hischier"
2,"Philadelphia Flyers","Nolan Patrick","CA","C",18,2022,"Brandon Wheat Kings (WHL)",222,32,45,77,-36,83,4.1,"2017","2017-Nolan Patrick"
3,"Dallas Stars","Miro Heiskanen","FI","D",18,2026,"HIFK (Finland)",494,61,239,300,21,148,51,"2017","2017-Miro Heiskanen"
4,"Colorado Avalanche","Cale Makar","CA","D",18,2026,"Brooks (AJHL)",413,122,330,452,152,118,73.5,"2017","2017-Cale Makar"
5,"Vancouver Canucks","Elias Pettersson","SE","C",18,2026,"Timra IK (Sweden-2)",490,189,283,472,44,90,51,"2017","2017-Elias Pettersson"
6,"Vegas Golden Knights","Cody Glass","CA","C",18,2026,"Portland Winterhawks (WHL)",262,38,58,96,-6,76,7.3,"2017","2017-Cody Glass"
7,"New York Rangers","Lias Andersson","SE","C",18,2023,"HV71 (Sweden)",110,7,10,17,-32,57,-0.6,"2017","2017-Lias Andersson"
8,"Buffalo Sabres","Casey Mittelstadt","US","C",18,2026,"Eden Priarie HS (High-MN)",453,85,160,245,-74,106,18.5,"2017","2017-Casey Mittelstadt"
9,"Detroit Red Wings","Michael Rasmussen","CA","C",18,2026,"Tri-City Americans (WHL)",406,62,83,145,-43,239,9.8,"2017","2017-Michael Rasmussen"
10,"Florida Panthers","Owen Tippett","CA","RW",18,2026,"Mississauga Steelheads (OHL)",365,99,97,196,-47,82,18.3,"2017","2017-Owen Tippett"
11,"Los Angeles Kings","Gabriel Vilardi","CA","C",18,2026,"Windsor Spitfires (OHL)",288,96,93,189,14,68,21.1,"2017","2017-Gabriel Vilardi"
12,"Carolina Hurricanes","Martin Necas","CZ","C",18,2026,"HC Kometa Brno (Czech)",459,136,214,350,40,166,36.8,"2017","2017-Martin Necas"
13,"Vegas Golden Knights","Nick Suzuki","CA","C",18,2026,"Owen Sound Attack (OHL)",473,142,254,396,-47,141,36.3,"2017","2017-Nick Suzuki"
14,"Tampa Bay Lightning","Callan Foote","US","D",18,2024,"Kelowna Rockets (WHL)",145,5,15,20,24,137,6,"2017","2017-Callan Foote"
15,"Vegas Golden Knights","Erik Brannstrom","SE","D",18,2025,"HV71 (Sweden)",294,10,67,77,-17,162,12.3,"2017","2017-Erik Brannstrom"
16,"Calgary Flames","Juuso Valimaki","FI","D",18,2025,"Tri-City Americans (WHL)",271,11,61,72,-7,133,11.3,"2017","2017-Juuso Valimaki"
17,"Toronto Maple Leafs","Timothy Liljegren","SE","D",18,2026,"Rogle BK (Sweden)",278,20,66,86,12,110,14.5,"2017","2017-Timothy Liljegren"
18,"Boston Bruins","Urho Vaakanainen","FI","D",18,2026,"JYP (Finland)",201,3,40,43,-12,66,6.7,"2017","2017-Urho Vaakanainen"
19,"San Jose Sharks","Joshua Norris","US","C",18,2026,"USA U-18 Development Team (USDP/USHL)",240,91,67,158,-30,101,17.2,"2017","2017-Joshua Norris"
20,"St. Louis Blues","Robert Thomas","CA","C",18,2026,"London Knights (OHL)",481,110,298,408,47,152,38.3,"2017","2017-Robert Thomas"
21,"New York Rangers","Filip Chytil","CZ","C",18,2026,"HC Ziln (Czech)",399,80,93,173,-18,104,14.9,"2017","2017-Filip Chytil"
22,"Edmonton Oilers","Kailer Yamamoto","US","RW",18,2026,"Spokane Chiefs (WHL)",327,62,78,140,19,130,12.2,"2017","2017-Kailer Yamamoto"
23,"Arizona Coyotes","Pierre-Olivier Joseph","CA","D",18,2026,"Charlottetown Islanders (QMJHL)",203,8,33,41,-21,113,5.7,"2017","2017-Pierre-Olivier Joseph"
24,"Winnipeg Jets","Kristian Vesalainen","FI","W",18,2022,"Frolunda HC (Sweden)",70,2,3,5,-8,6,-0.6,"2017","2017-Kristian Vesalainen"
25,"Montreal Canadiens","Ryan Poehling","US","C",18,2026,"St. Cloud State (NCHC)",299,44,57,101,-41,44,6.5,"2017","2017-Ryan Poehling"
27,"Philadelphia Flyers","Morgan Frost","CA","C",18,2026,"Soo Greyhounds (OHL)",330,56,101,157,-36,98,12.1,"2017","2017-Morgan Frost"
28,"Ottawa Senators","Shane Bowers","CA","C",18,2025,"Waterloo Black Hawks (USHL)",13,0,0,0,0,0,-0.2,"2017","2017-Shane Bowers"
29,"Chicago Blackhawks","Henri Jokiharju","FI","D",18,2026,"Portland Winterhawks (WHL)",426,19,81,100,-19,146,17.2,"2017","2017-Henri Jokiharju"
30,"Nashville Predators","Eeli Tolvanen","FI","RW",18,2026,"Sioux City Musketeers (USHL)",363,83,80,163,-19,87,15.2,"2017","2017-Eeli Tolvanen"
31,"St. Louis Blues","Klim Kostin","RU","C; LW",18,2025,"Dynamo Moskva (Russia)",190,25,28,53,-9,169,3.9,"2017","2017-Klim Kostin"
32,"Colorado Avalanche","Conor Timmins","CA","D",18,2026,"Soo Greyhounds (OHL)",177,6,44,50,17,74,9.1,"2017","2017-Conor Timmins"
33,"Vancouver Canucks","Kole Lind","CA","RW",18,2024,"Kelowna Rockets (WHL)",31,2,6,8,-5,12,0.2,"2017","2017-Kole Lind"
34,"Vegas Golden Knights","Nicolas Hague","CA","D",18,2026,"Mississauga Steelheads (OHL)",375,21,65,86,15,241,17.2,"2017","2017-Nicolas Hague"
35,"Philadelphia Flyers","Isaac Ratcliffe","CA","LW",18,2022,"Guelph Storm (OHL)",10,1,3,4,-1,10,0.3,"2017","2017-Isaac Ratcliffe"
36,"New Jersey Devils","Jesper Boqvist","SE","C",18,2026,"Brynas IF (Sweden)",332,48,47,95,-8,48,7.4,"2017","2017-Jesper Boqvist"
37,"Buffalo Sabres","Marcus Davidsson","SE","C",18,NA,"Djurgardens IF (Sweden)",0,0,0,0,0,0,0,"2017","2017-Marcus Davidsson"
38,"Detroit Red Wings","Gustav Lindstrom","SE","D",18,2024,"Almtuna IS (Sweden-2)",174,5,30,35,-21,80,5.2,"2017","2017-Gustav Lindstrom"
39,"Dallas Stars","Jason Robertson","US","LW",18,2026,"Kingston Frontenacs (OHL)",393,177,240,417,100,98,49.8,"2017","2017-Jason Robertson"
40,"Florida Panthers","Aleksi Heponiemi","FI","C",18,2023,"Swift Current Broncos (WHL)",25,2,4,6,-6,6,0,"2017","2017-Aleksi Heponiemi"
41,"Los Angeles Kings","Jaret Anderson-Dolan","CA","C",18,2025,"Spokane Chiefs (WHL)",134,15,14,29,-28,22,1,"2017","2017-Jaret Anderson-Dolan"
42,"Carolina Hurricanes","Eetu Luostarinen","FI","C",19,2026,"KalPa (Finland)",392,53,86,139,23,114,9.5,"2017","2017-Eetu Luostarinen"
43,"Winnipeg Jets","Dylan Samberg","US","D",18,2026,"Hermantown HS (High-MN)",218,9,42,51,63,98,14.1,"2017","2017-Dylan Samberg"
44,"Arizona Coyotes","Filip Westerlund","SE","D",18,NA,"Frolunda HC (Sweden)",0,0,0,0,0,0,0,"2017","2017-Filip Westerlund"
45,"Columbus Blue Jackets","Alexandre Texier","FR","C",18,2026,"Grenoble (France)",240,40,51,91,-15,94,6.8,"2017","2017-Alexandre Texier"
46,"New York Islanders","Robin Salo","FI","D",18,2023,"Sport (Finland)",32,3,6,9,-5,8,1.4,"2017","2017-Robin Salo"
47,"Ottawa Senators","Alex Formenton","CA","LW",18,2022,"London Knights (OHL)",109,23,16,39,-9,71,3.5,"2017","2017-Alex Formenton"
48,"Tampa Bay Lightning","Alexander Volkov","RU","RW",20,2021,"SKA Neva St. Petersburg (Russia-2)",46,7,7,14,-5,12,1.2,"2017","2017-Alexander Volkov"
49,"San Jose Sharks","Mario Ferraro","CA","D",18,2026,"Des Moines Buccaneers (USHL)",427,18,77,95,-120,183,13.8,"2017","2017-Mario Ferraro"
50,"Anaheim Ducks","Maxime Comtois","CA","LW",18,2024,"Victoriaville Tigres (QMJHL)",211,38,49,87,-35,193,6.7,"2017","2017-Maxime Comtois"
51,"Pittsburgh Penguins","Zachary Lauzon","CA","D",18,NA,"Rouyn-Noranda Huskies (QMJHL)",0,0,0,0,0,0,0,"2017","2017-Zachary Lauzon"
52,"Carolina Hurricanes","Luke Martin","US","D",18,NA,"Michigan (Big Ten)",0,0,0,0,0,0,0,"2017","2017-Luke Martin"
53,"Boston Bruins","Jack Studnicka","CA","C",18,2024,"Oshawa Generals (OHL)",107,6,10,16,-30,28,-0.9,"2017","2017-Jack Studnicka"
55,"Vancouver Canucks","Jonah Gadjovich","CA","LW",18,2026,"Owen Sound Attack (OHL)",170,10,11,21,-18,319,0.3,"2017","2017-Jonah Gadjovich"
56,"Montreal Canadiens","Josh Brook","CA","D",18,NA,"Moose Jaw Warriors (WHL)",0,0,0,0,0,0,0,"2017","2017-Josh Brook"
57,"Chicago Blackhawks","Ian Mitchell","CA","D",18,2025,"Spruce Grove (AJHL)",110,4,15,19,-17,34,2.8,"2017","2017-Ian Mitchell"
58,"Montreal Canadiens","Joni Ikonen","FI","C",18,NA,"Frolunda HC Jr. (Sweden Jr.)",0,0,0,0,0,0,0,"2017","2017-Joni Ikonen"
59,"Toronto Maple Leafs","Eemeli Rasanen","FI","D",18,NA,"Kingston Frontenacs (OHL)",0,0,0,0,0,0,0,"2017","2017-Eemeli Rasanen"
60,"Anaheim Ducks","Antoine Morand","CA","C",18,NA,"Acadie-Bathurst Titan (QMJHL)",0,0,0,0,0,0,0,"2017","2017-Antoine Morand"
61,"Nashville Predators","Grant Mismash","US","LW",18,NA,"USA U-18 Development Team (USDP/USHL)",0,0,0,0,0,0,0,"2017","2017-Grant Mismash"
62,"Vegas Golden Knights","Jake Leschyshyn","US","C",18,2024,"Regina Pats (WHL)",77,2,4,6,-13,16,-1,"2017","2017-Jake Leschyshyn"
63,"New Jersey Devils","Fabian Zetterlund","SE","W",18,2026,"Farjestad BK Jr. (Sweden Jr.)",266,53,67,120,-30,67,9.5,"2017","2017-Fabian Zetterlund"
65,"Vegas Golden Knights","Jonas Rondbjerg","DK","RW",18,2025,"Vaxjo Lakers HC Jr. (Sweden Jr.)",76,3,7,10,-7,8,-0.3,"2017","2017-Jonas Rondbjerg"
66,"Florida Panthers","Maxwell Gildon","US","D",18,NA,"USA U-18 Development Team (USDP/USHL)",0,0,0,0,0,0,0,"2017","2017-Maxwell Gildon"
67,"Carolina Hurricanes","Morgan Geekie","CA","C",19,2026,"Tri-City Americans (WHL)",353,84,93,177,5,112,18.3,"2017","2017-Morgan Geekie"
68,"Montreal Canadiens","Scott Walford","CA","D",18,NA,"Victoria Royals (WHL)",0,0,0,0,0,0,0,"2017","2017-Scott Walford"
69,"Arizona Coyotes","Mackenzie Entwistle","CA","RW",18,2024,"Hamilton Bulldogs (OHL)",193,15,20,35,-55,86,0,"2017","2017-Mackenzie Entwistle"
70,"Chicago Blackhawks","Andrel Altybarmakyan","RU","RW",19,NA,"Serebryanye Lvy St. Petersburg (Russia Jr.)",0,0,0,0,0,0,0,"2017","2017-Andrel Altybarmakyan"
71,"Detroit Red Wings","Kasper Kotkansalo","FI","D",18,NA,"Sioux Falls Stampede (USHL)",0,0,0,0,0,0,0,"2017","2017-Kasper Kotkansalo"
73,"Carolina Hurricanes","Stelio Mattheos","CA","RW",18,NA,"Brandon Wheat Kings (WHL)",0,0,0,0,0,0,0,"2017","2017-Stelio Mattheos"
74,"Winnipeg Jets","Johnathan Kovacevic","CA","D",20,2025,"Merrimack (H-East)",224,10,35,45,25,155,11.3,"2017","2017-Johnathan Kovacevic"
75,"Arizona Coyotes","Nate Schnarr","CA","C",18,NA,"Guelph Storm (OHL)",0,0,0,0,0,0,0,"2017","2017-Nate Schnarr"
76,"Tampa Bay Lightning","Alexei Lipanov","RU","C",18,NA,"Dynamo Balashikha (Russia-2)",0,0,0,0,0,0,0,"2017","2017-Alexei Lipanov"
77,"New York Islanders","Benjamin Mirageas","US","D",18,NA,"Chicago Steel (USHL)",0,0,0,0,0,0,0,"2017","2017-Benjamin Mirageas"
79,"Detroit Red Wings","Lane Zablocki","CA","RW",18,NA,"Red Deer Rebels (WHL)",0,0,0,0,0,0,0,"2017","2017-Lane Zablocki"
81,"New Jersey Devils","Reilly Walsh","US","D",18,2022,"Proctor Academy (High-NH)",1,0,1,1,0,0,0.1,"2017","2017-Reilly Walsh"
82,"Arizona Coyotes","Cameron Crotty","CA","D",18,2025,"Brockville (CCHL)",2,0,0,0,-2,0,-0.1,"2017","2017-Cameron Crotty"
83,"Detroit Red Wings","Zach Gallant","CA","C",18,NA,"Peterborough Petes (OHL)",0,0,0,0,0,0,0,"2017","2017-Zach Gallant"
84,"Edmonton Oilers","Dmitri Samorukov","RU","D",18,2023,"Guelph Storm (OHL)",3,0,0,0,-3,2,-0.2,"2017","2017-Dmitri Samorukov"
85,"Minnesota Wild","Ivan Lodnia","US","RW",18,NA,"Erie Otters (OHL)",0,0,0,0,0,0,0,"2017","2017-Ivan Lodnia"
87,"Montreal Canadiens","Cale Fleury","CA","D",18,2026,"Kootenay Ice (WHL)",81,1,3,4,-5,13,1.1,"2017","2017-Cale Fleury"
89,"Buffalo Sabres","Oskari Laaksonen","FI","D",18,NA,"Ilves Jr. (Finland Jr.)",0,0,0,0,0,0,0,"2017","2017-Oskari Laaksonen"
90,"Chicago Blackhawks","Evan Barratt","US","C",18,NA,"USA U-18 Development Team (USDP/USHL)",0,0,0,0,0,0,0,"2017","2017-Evan Barratt"
91,"Anaheim Ducks","Jack Badini","US","C",19,NA,"Chicago Steel (USHL)",0,0,0,0,0,0,0,"2017","2017-Jack Badini"
92,"Nashville Predators","David Farrance","US","D",18,2021,"USA U-18 Development Team (USDP/USHL)",2,0,0,0,3,0,0.3,"2017","2017-David Farrance"
93,"Pittsburgh Penguins","Clayton Phillips","US","D",18,NA,"Fargo Force (USHL)",0,0,0,0,0,0,0,"2017","2017-Clayton Phillips"
94,"Colorado Avalanche","Nick Henry","CA","RW",18,NA,"Regina Pats (WHL)",0,0,0,0,0,0,0,"2017","2017-Nick Henry"
95,"Vancouver Canucks","Jack Rathbone","US","D",18,2023,"Dexter Southfield School (High-MA)",28,2,3,5,-5,4,0.7,"2017","2017-Jack Rathbone"
97,"Minnesota Wild","Mason Shaw","CA","C",18,2024,"Medicine Hat Tigers (WHL)",82,8,12,20,-3,118,1.3,"2017","2017-Mason Shaw"
98,"New Jersey Devils","Nikita Popugaev","RU","LW",18,NA,"Prince George Cougars (WHL)",0,0,0,0,0,0,0,"2017","2017-Nikita Popugaev"
99,"Buffalo Sabres","Jacob Bryson","CA","D",19,2026,"Providence (H-East)",262,4,40,44,-39,54,5.8,"2017","2017-Jacob Bryson"
100,"Detroit Red Wings","Malte Setkov","DK","D",18,NA,"Malmo Jr. (Sweden Jr.)",0,0,0,0,0,0,0,"2017","2017-Malte Setkov"
101,"Dallas Stars","Liam Hawel","CA","C",18,NA,"Guelph Storm (OHL)",0,0,0,0,0,0,0,"2017","2017-Liam Hawel"
102,"San Jose Sharks","Scott Reedy","US","C",18,2022,"USA U-18 Development Team (USDP/USHL)",35,7,2,9,-8,10,0.8,"2017","2017-Scott Reedy"
103,"Los Angeles Kings","Michael Anderson","US","D",18,2026,"Waterloo Black Hawks (USHL)",364,18,69,87,76,126,24.1,"2017","2017-Michael Anderson"
105,"Winnipeg Jets","Santeri Virtanen","FI","C",18,NA,"TPS Jr. (Finland Jr.)",0,0,0,0,0,0,0,"2017","2017-Santeri Virtanen"
106,"Philadelphia Flyers","Matthew Strome","CA","LW",18,NA,"Hamilton Bulldogs (OHL)",0,0,0,0,0,0,0,"2017","2017-Matthew Strome"
107,"Philadelphia Flyers","Maksim Sushko","BY","RW",18,2021,"Owen Sound Attack (OHL)",2,0,0,0,-1,0,-0.1,"2017","2017-Maksim Sushko"
108,"Arizona Coyotes","Noel Hoefenmayer","CA","D",18,NA,"Ottawa 67's (OHL)",0,0,0,0,0,0,0,"2017","2017-Noel Hoefenmayer"
109,"Calgary Flames","Adam Ruzicka","SK","C",18,2024,"Sarnia Sting (OHL)",117,14,26,40,0,32,3.1,"2017","2017-Adam Ruzicka"
112,"Chicago Blackhawks","Tim Soderlund","SE","C/LW",19,NA,"Skelleftea AIK (Sweden)",0,0,0,0,0,0,0,"2017","2017-Tim Soderlund"
113,"St. Louis Blues","Alexey Toropchenko","RU","RW",18,2026,"HK MVD Balashikha (Russia Jr.)",271,31,31,62,-13,82,3.2,"2017","2017-Alexey Toropchenko"
115,"Edmonton Oilers","Ostap Safin","CZ","RW",18,NA,"HC Sparta Praha Jr. (Czech Jr.)",0,0,0,0,0,0,0,"2017","2017-Ostap Safin"
116,"Minnesota Wild","Bryce Misley","CA","C",18,NA,"Oakville (OJHL)",0,0,0,0,0,0,0,"2017","2017-Bryce Misley"
117,"Columbus Blue Jackets","Emil Bemstrom","SE","C",18,2025,"Leksands IF Jr. (Sweden Jr.)",242,34,41,75,-25,30,5.5,"2017","2017-Emil Bemstrom"
118,"Los Angeles Kings","Markus Phillips","CA","D",18,NA,"Owen Sound Attack (OHL)",0,0,0,0,0,0,0,"2017","2017-Markus Phillips"
119,"Chicago Blackhawks","Roope Laavainen","FI","D",19,NA,"Jokerit Jr. (Finland Jr.)",0,0,0,0,0,0,0,"2017","2017-Roope Laavainen"
120,"Washington Capitals","Tobias Geisser","CH","D",18,NA,"EVZ Academy (Swiss-2)",0,0,0,0,0,0,0,"2017","2017-Tobias Geisser"
121,"Ottawa Senators","Drake Batherson","US","C",19,2026,"Cape Breton Screaming Eagles (QMJHL)",407,122,189,311,-75,170,29,"2017","2017-Drake Batherson"
122,"Anaheim Ducks","Kyle Olson","CA","RW",18,NA,"Tri-City Americans (WHL)",0,0,0,0,0,0,0,"2017","2017-Kyle Olson"
123,"New York Rangers","Brandon Crawley","US","D",20,NA,"London Knights (OHL)",0,0,0,0,0,0,0,"2017","2017-Brandon Crawley"
124,"Toronto Maple Leafs","Vladislav Kara","RU","LW",19,NA,"Bars Kazan (Russia-2)",0,0,0,0,0,0,0,"2017","2017-Vladislav Kara"
125,"Colorado Avalanche","Igor Shvyrev","RU","C",19,NA,"Stalnye Lisy Magnitogorsk (Russia Jr.)",0,0,0,0,0,0,0,"2017","2017-Igor Shvyrev"
126,"Arizona Coyotes","Michael Karow","US","D",18,NA,"Youngstown Phantoms (USHL)",0,0,0,0,0,0,0,"2017","2017-Michael Karow"
127,"Vegas Golden Knights","Lucas Elvenes","SE","C RW",18,NA,"Rogle BK Jr. (Sweden Jr.)",0,0,0,0,0,0,0,"2017","2017-Lucas Elvenes"
128,"Arizona Coyotes","Tyler Steenbergen","CA","C",19,NA,"Swift Current Broncos (WHL)",0,0,0,0,0,0,0,"2017","2017-Tyler Steenbergen"
130,"St. Louis Blues","David Noel","CA","D",18,NA,"Val-d'Or Foreurs (QMJHL)",0,0,0,0,0,0,0,"2017","2017-David Noel"
131,"Detroit Red Wings","Cole Fraser","CA","D",18,NA,"Peterborough Petes (OHL)",0,0,0,0,0,0,0,"2017","2017-Cole Fraser"
132,"Dallas Stars","Jacob Peterson","SE","C",18,2024,"Frolunda HC Jr. (Sweden Jr.)",83,14,11,25,-16,18,1.7,"2017","2017-Jacob Peterson"
133,"Florida Panthers","Tyler Inamoto","US","D",18,NA,"USA U-18 Development Team (USDP/USHL)",0,0,0,0,0,0,0,"2017","2017-Tyler Inamoto"
134,"Los Angeles Kings","Cole Hults","US","D",19,NA,"Madison Capitols (USHL)",0,0,0,0,0,0,0,"2017","2017-Cole Hults"
135,"Vancouver Canucks","Kristoffer Gunnarsson","SE","D",20,NA,"Frolunda HC (Sweden)",0,0,0,0,0,0,0,"2017","2017-Kristoffer Gunnarsson"
136,"Winnipeg Jets","Leon Gawanke","DE","D",18,NA,"Cape Breton Screaming Eagles (QMJHL)",0,0,0,0,0,0,0,"2017","2017-Leon Gawanke"
137,"Philadelphia Flyers","Noah Cates","US","LW",18,2026,"Stillwater HS (High-MN)",253,44,68,112,3,36,9.3,"2017","2017-Noah Cates"
138,"Los Angeles Kings","Drake Rymsha","US","C",19,2021,"Sarnia Sting (OHL)",1,0,0,0,1,0,0,"2017","2017-Drake Rymsha"
140,"Calgary Flames","Zach Fischer","CA","RW",20,NA,"Medicine Hat Tigers (WHL)",0,0,0,0,0,0,0,"2017","2017-Zach Fischer"
141,"Toronto Maple Leafs","Fedor Gordeev","RU","D",18,NA,"Flint Firebirds (OHL)",0,0,0,0,0,0,0,"2017","2017-Fedor Gordeev"
142,"Vegas Golden Knights","Jonathan Dugan","US","LW",19,NA,"Northwood School (High-NY)",0,0,0,0,0,0,0,"2017","2017-Jonathan Dugan"
143,"New Jersey Devils","Marian Studenic","SK","RW",18,2024,"Hamilton Bulldogs (OHL)",46,3,3,6,-11,12,-0.3,"2017","2017-Marian Studenic"
144,"Chicago Blackhawks","Parker Foo","CA","LW",19,NA,"Brooks (AJHL)",0,0,0,0,0,0,0,"2017","2017-Parker Foo"
145,"New York Rangers","Calle Sjalin","SE","D",18,NA,"Ostersunds IK (Sweden-3)",0,0,0,0,0,0,0,"2017","2017-Calle Sjalin"
146,"Edmonton Oilers","Kirill Maksimov","RU","RW",18,NA,"Niagara IceDogs (OHL)",0,0,0,0,0,0,0,"2017","2017-Kirill Maksimov"
147,"Minnesota Wild","Jacob Golden","CA","D",18,NA,"London Knights (OHL)",0,0,0,0,0,0,0,"2017","2017-Jacob Golden"
148,"Columbus Blue Jackets","Kale Howarth","CA","LW",20,NA,"Trail (BCHL)",0,0,0,0,0,0,0,"2017","2017-Kale Howarth"
149,"Montreal Canadiens","Jarret Tyszka","CA","D",18,NA,"Seattle Thunderbirds (WHL)",0,0,0,0,0,0,0,"2017","2017-Jarret Tyszka"
150,"Chicago Blackhawks","Jakub Galvas","CZ","D",18,2022,"HC Olomuc (Czech)",6,0,0,0,0,0,0.1,"2017","2017-Jakub Galvas"
151,"Washington Capitals","Sebastian Walfridsson","SE","D",18,NA,"MODO Hockey Jr. (Sweden Jr.)",0,0,0,0,0,0,0,"2017","2017-Sebastian Walfridsson"
152,"Pittsburgh Penguins","Jan Drozg","SI","LW",18,NA,"Leksands IF Jr. (Sweden Jr.)",0,0,0,0,0,0,0,"2017","2017-Jan Drozg"
155,"Pittsburgh Penguins","Linus Olund","SE","C",20,NA,"Brynas IF (Sweden)",0,0,0,0,0,0,0,"2017","2017-Linus Olund"
156,"Colorado Avalanche","Denis Smirnov","RU","RW",20,NA,"Penn State (Big Ten)",0,0,0,0,0,0,0,"2017","2017-Denis Smirnov"
157,"New York Rangers","Dominik Lakatos","CZ","C",20,NA,"Bili Tygri Liberec (Czech)",0,0,0,0,0,0,0,"2017","2017-Dominik Lakatos"
158,"Vegas Golden Knights","Nick Campoli","CA","C",18,NA,"North York (OJHL)",0,0,0,0,0,0,0,"2017","2017-Nick Campoli"
159,"San Jose Sharks","Jacob McGrew","US","RW",18,NA,"Spokane Chiefs (WHL)",0,0,0,0,0,0,0,"2017","2017-Jacob McGrew"
160,"New Jersey Devils","Aarne Talvitie","FI","C",18,NA,"Blues Jr. (Finland Jr.)",0,0,0,0,0,0,0,"2017","2017-Aarne Talvitie"
162,"Detroit Red Wings","Johan Adams","US","RW",20,NA,"Fargo Force (USHL)",0,0,0,0,0,0,0,"2017","2017-Johan Adams"
163,"Dallas Stars","Brett Davis","CA","RW",18,NA,"Kootenay Ice (WHL)",0,0,0,0,0,0,0,"2017","2017-Brett Davis"
164,"Detroit Red Wings","Reilly Webb","CA","D",18,NA,"Hamilton Bulldogs (OHL)",0,0,0,0,0,0,0,"2017","2017-Reilly Webb"
165,"New York Islanders","Arnaud Durandeau","CA","LW",18,2023,"Halifax Mooseheads (QMJHL)",4,0,0,0,1,2,0,"2017","2017-Arnaud Durandeau"
166,"Carolina Hurricanes","Brendan De Jong","CA","D",19,NA,"Portland Winterhawks (WHL)",0,0,0,0,0,0,0,"2017","2017-Brendan De Jong"
168,"Philadelphia Flyers","Olle Lycksell","SE","RW",18,2026,"Linkoping HC Jr. (Sweden Jr.)",51,2,10,12,-8,16,0.2,"2017","2017-Olle Lycksell"
169,"Tampa Bay Lightning","Nicklaus Perbix","US","D",19,2026,"Elk River HS (High-MN)",239,15,51,66,23,58,12.7,"2017","2017-Nicklaus Perbix"
170,"Columbus Blue Jackets","Jonathan Davidsson","SE","RW",20,2020,"Djurgardens IF (Sweden)",6,0,1,1,0,0,0,"2017","2017-Jonathan Davidsson"
171,"Calgary Flames","D'Artagnan Joly","CA","RW",18,NA,"Baie-Comeau Drakkar (QMJHL)",0,0,0,0,0,0,0,"2017","2017-D'Artagnan Joly"
172,"Toronto Maple Leafs","Ryan Mcgregor","CA","C",18,NA,"Sarnia Sting (OHL)",0,0,0,0,0,0,0,"2017","2017-Ryan Mcgregor"
173,"Boston Bruins","Cedric Pare","CA","C",18,NA,"Saint John Sea Dogs (QMJHL)",0,0,0,0,0,0,0,"2017","2017-Cedric Pare"
174,"New York Rangers","Morgan Barron","CA","C",18,2026,"St. Andrew's College (High-ON)",268,33,33,66,19,84,5.5,"2017","2017-Morgan Barron"
175,"St. Louis Blues","Trenton Bourque","CA","D",19,NA,"Owen Sound Attack (OHL)",0,0,0,0,0,0,0,"2017","2017-Trenton Bourque"
176,"Nashville Predators","Pavel Koltygin","RU","C",18,NA,"Drummondville Voltigeurs (QMJHL)",0,0,0,0,0,0,0,"2017","2017-Pavel Koltygin"
177,"Edmonton Oilers","Skyler Brind'Amour","US","C",18,2025,"Selects Academy (USMAAA)",2,1,0,1,-3,2,0,"2017","2017-Skyler Brind'Amour"
178,"Minnesota Wild","Andrei Svetlakov","RU","C",21,NA,"CSKA Moskva (Russia)",0,0,0,0,0,0,0,"2017","2017-Andrei Svetlakov"
179,"Columbus Blue Jackets","Carson Meyer","US","RW",20,2024,"Miami (Ohio) (NCHC)",41,2,4,6,-4,14,0,"2017","2017-Carson Meyer"
180,"Tampa Bay Lightning","Cole Guttman","US","C",18,2024,"Dubuque Fighting Saints (USHL)",41,8,6,14,-16,9,0.9,"2017","2017-Cole Guttman"
181,"Vancouver Canucks","Petrus Palmu","FI","RW",20,NA,"Owen Sound Attack (OHL)",0,0,0,0,0,0,0,"2017","2017-Petrus Palmu"
182,"Washington Capitals","Benton Maass","US","D",18,NA,"Elk River HS (High-MN)",0,0,0,0,0,0,0,"2017","2017-Benton Maass"
184,"Florida Panthers","Sebastian Repo","FI","RW",21,NA,"Tappara (Finland)",0,0,0,0,0,0,0,"2017","2017-Sebastian Repo"
185,"San Jose Sharks","Alexander Chmelevski","US","C",18,2022,"Ottawa 67's (OHL)",24,0,10,10,0,6,0.6,"2017","2017-Alexander Chmelevski"
186,"Pittsburgh Penguins","Antti Palojarvi","FI","D",18,NA,"Lukko Jr. (Finland Jr.)",0,0,0,0,0,0,0,"2017","2017-Antti Palojarvi"
187,"Colorado Avalanche","Nick Leivermann","US","D",19,NA,"Eden Priarie HS (High-MN)",0,0,0,0,0,0,0,"2017","2017-Nick Leivermann"
188,"Vancouver Canucks","Matt Brassard","CA","D",19,NA,"Oshawa Generals (OHL)",0,0,0,0,0,0,0,"2017","2017-Matt Brassard"
189,"Vegas Golden Knights","Ben Jones","CA","C",18,2026,"Niagara IceDogs (OHL)",35,0,0,0,-7,12,-0.7,"2017","2017-Ben Jones"
190,"Arizona Coyotes","Erik Walli Walterholm","SE","RW",18,NA,"Djurgardens IF Jr. (Sweden Jr.)",0,0,0,0,0,0,0,"2017","2017-Erik Walli Walterholm"
191,"New Jersey Devils","Jocktan Chainey","CA","D",18,NA,"Halifax Mooseheads (QMJHL)",0,0,0,0,0,0,0,"2017","2017-Jocktan Chainey"
192,"Buffalo Sabres","Linus Weissbach","SE","LW",19,NA,"Tri-City Storm (USHL)",0,0,0,0,0,0,0,"2017","2017-Linus Weissbach"
193,"Detroit Red Wings","Brady Gilmour","CA","C",18,NA,"Saginaw Spirit (OHL)",0,0,0,0,0,0,0,"2017","2017-Brady Gilmour"
195,"Boston Bruins","Victor Berglund","SE","D",18,NA,"MODO Hockey Jr. (Sweden Jr.)",0,0,0,0,0,0,0,"2017","2017-Victor Berglund"
196,"Philadelphia Flyers","Wyatt Kalynuk","CA","D",20,2022,"Bloomington Thunder (USHL)",26,4,5,9,-9,6,1.1,"2017","2017-Wyatt Kalynuk"
197,"Carolina Hurricanes","Ville Rasanen","FI","D",18,NA,"Jokipojat (Finland-2)",0,0,0,0,0,0,0,"2017","2017-Ville Rasanen"
198,"Winnipeg Jets","Skyler Mckenzie","CA","LW",19,NA,"Portland Winterhawks (WHL)",0,0,0,0,0,0,0,"2017","2017-Skyler Mckenzie"
200,"Tampa Bay Lightning","Samuel Walker","US","C",18,2024,"Edina HS (High-MN)",13,1,1,2,-4,0,-0.1,"2017","2017-Samuel Walker"
201,"New York Islanders","Logan Cockerill","US","LW",18,NA,"USA U-18 Development Team (USDP/USHL)",0,0,0,0,0,0,0,"2017","2017-Logan Cockerill"
202,"Calgary Flames","Filip Sveningsson","SE","LW",18,NA,"HV71 Jr. (Sweden Jr.)",0,0,0,0,0,0,0,"2017","2017-Filip Sveningsson"
203,"Toronto Maple Leafs","Ryan O'Connell","CA","D",18,NA,"St. Andrew's College (High-ON)",0,0,0,0,0,0,0,"2017","2017-Ryan O'Connell"
204,"Boston Bruins","Daniel Bukac","CZ","D",18,NA,"Brandon Wheat Kings (WHL)",0,0,0,0,0,0,0,"2017","2017-Daniel Bukac"
205,"New Jersey Devils","Yegor Zaitsev","RU","D",19,NA,"Dynamo Balashikha (Russia-2)",0,0,0,0,0,0,0,"2017","2017-Yegor Zaitsev"
206,"St. Louis Blues","Anton Andersson","SE","D",18,NA,"Lulea HF Jr. (Sweden Jr.)",0,0,0,0,0,0,0,"2017","2017-Anton Andersson"
207,"New York Rangers","Patrik Virta","FI","C",21,NA,"TPS (Finland)",0,0,0,0,0,0,0,"2017","2017-Patrik Virta"
208,"Edmonton Oilers","Philip Kemp","US","D",18,2024,"USA U-18 Development Team (USDP/USHL)",1,0,0,0,0,0,0,"2017","2017-Philip Kemp"
209,"Minnesota Wild","Nick Swaney","US","RW",20,2023,"Waterloo Black Hawks (USHL)",1,0,0,0,0,0,0,"2017","2017-Nick Swaney"
210,"Columbus Blue Jackets","Robbie Stucker","US","D",18,NA,"St. Thomas Academy (High-MN)",0,0,0,0,0,0,0,"2017","2017-Robbie Stucker"
211,"Winnipeg Jets","Croix Evingson","US","D",20,NA,"Shreveport Mudbugs (NAHL)",0,0,0,0,0,0,0,"2017","2017-Croix Evingson"
212,"San Jose Sharks","Ivan Chekhovich","RU","LW",18,2021,"Baie-Comeau Drakkar (QMJHL)",4,0,1,1,-3,0,-0.1,"2017","2017-Ivan Chekhovich"
213,"Washington Capitals","Kristian Roykas Marthinsen","NO","LW",18,NA,"Almtuna IS Jr. (Sweden Jr.)",0,0,0,0,0,0,0,"2017","2017-Kristian Roykas Marthinsen"
214,"New Jersey Devils","Matthew Hellickson","US","D",19,NA,"Sioux City Musketeers (USHL)",0,0,0,0,0,0,0,"2017","2017-Matthew Hellickson"
215,"Chicago Blackhawks","Joshua Ess","US","D",18,NA,"Lakeville South HS (High-MN)",0,0,0,0,0,0,0,"2017","2017-Joshua Ess"
216,"Nashville Predators","Jacob Paquette","CA","D",18,NA,"Kingston Frontenacs (OHL)",0,0,0,0,0,0,0,"2017","2017-Jacob Paquette"
217,"Pittsburgh Penguins","William Reilly","CA","D",20,NA,"RPI (ECAC)",0,0,0,0,0,0,0,"2017","2017-William Reilly"
1,"Buffalo Sabres","Rasmus Dahlin","SE","D",18,2026,"Frolunda HC (Sweden)",524,84,287,371,-68,388,51.4,"2018","2018-Rasmus Dahlin"
2,"Carolina Hurricanes","Andrei Svechnikov","RU","RW",18,2026,"Barrie Colts (OHL)",496,157,217,374,43,435,40.7,"2018","2018-Andrei Svechnikov"
3,"Montreal Canadiens","Jesperi Kotkaniemi","FI","C",18,2026,"Assat (Finland)",491,78,121,199,10,234,17,"2018","2018-Jesperi Kotkaniemi"
4,"Ottawa Senators","Brady Tkachuk","US","LW",18,2026,"Boston University (H-East)",515,191,216,407,-56,754,42.5,"2018","2018-Brady Tkachuk"
5,"Arizona Coyotes","Barrett Hayton","CA","C",18,2026,"Soo Greyhounds (OHL)",307,57,77,134,-29,163,9.5,"2018","2018-Barrett Hayton"
6,"Detroit Red Wings","Filip Zadina","CZ","RW",18,2024,"Halifax Mooseheads (QMJHL)",262,41,50,91,-95,40,4.1,"2018","2018-Filip Zadina"
7,"Vancouver Canucks","Quinn Hughes","US","D",18,2026,"Michigan (Big Ten)",447,60,362,422,30,177,58.9,"2018","2018-Quinn Hughes"
8,"Chicago Blackhawks","Adam Boqvist","SE","D",18,2026,"Brynas IF Jr. (Sweden Jr.)",250,27,72,99,-49,52,12.5,"2018","2018-Adam Boqvist"
9,"New York Rangers","Vitali Kravtsov","RU","RW",18,2023,"Traktor Chelyabinsk (Russia)",64,6,6,12,-3,14,0.4,"2018","2018-Vitali Kravtsov"
10,"Edmonton Oilers","Evan Bouchard","CA","D",18,2026,"London Knights (OHL)",367,58,196,254,52,134,39.6,"2018","2018-Evan Bouchard"
11,"New York Islanders","Oliver Wahlstrom","US","RW",18,2025,"USA U-18 Development Team (USDP/USHL)",236,37,36,73,-13,176,6.5,"2018","2018-Oliver Wahlstrom"
12,"New York Islanders","Noah Dobson","CA","D",18,2026,"Acadie-Bathurst Titan (QMJHL)",406,51,190,241,1,128,37.6,"2018","2018-Noah Dobson"
13,"Dallas Stars","Ty Dellandrea","CA","C",18,2026,"Flint Firebirds (OHL)",238,16,40,56,-37,163,0.6,"2018","2018-Ty Dellandrea"
14,"Philadelphia Flyers","Joel Farabee","US","LW",18,2026,"USA U-18 Development Team (USDP/USHL)",435,95,119,214,-44,236,18.2,"2018","2018-Joel Farabee"
15,"Florida Panthers","Grigori Denisenko","RU","LW",18,2025,"Loko Yaroslavl (Russia Jr.)",33,0,7,7,-7,12,-0.2,"2018","2018-Grigori Denisenko"
16,"Colorado Avalanche","Martin Kaut","CZ","RW",18,2023,"HC Dynamo Pardubice (Czech)",56,6,5,11,-4,10,0.6,"2018","2018-Martin Kaut"
17,"New Jersey Devils","Ty Smith","CA","D",18,2025,"Spokane Chiefs (WHL)",131,9,40,49,-31,52,5.5,"2018","2018-Ty Smith"
18,"Columbus Blue Jackets","Liam Foudy","CA","C",18,2025,"London Knights (OHL)",104,7,15,22,-29,16,-0.1,"2018","2018-Liam Foudy"
19,"Philadelphia Flyers","Jay O'Brien","US","C",18,NA,"Thayer Academy (High-MA)",0,0,0,0,0,0,0,"2018","2018-Jay O'Brien"
20,"Los Angeles Kings","Rasmus Kupari","FI","C",18,2025,"Karpat (Finland)",217,14,24,38,-21,52,0.6,"2018","2018-Rasmus Kupari"
21,"San Jose Sharks","Ryan Merkley","CA","D",18,2022,"Guelph Storm (OHL)",39,1,5,6,-10,8,0.9,"2018","2018-Ryan Merkley"
22,"New York Rangers","K'Andre Miller","US","D",18,2026,"USA U-18 Development Team (USDP/USHL)",380,38,102,140,47,176,28,"2018","2018-K'Andre Miller"
23,"Anaheim Ducks","Isac Lundestrom","SE","C",18,2026,"Lulea HF (Sweden)",354,35,51,86,-41,42,2.3,"2018","2018-Isac Lundestrom"
24,"Minnesota Wild","Filip Johansson","SE","D",18,NA,"Leksands IF Jr. (Sweden Jr.)",0,0,0,0,0,0,0,"2018","2018-Filip Johansson"
25,"St. Louis Blues","Dominik Bokk","DE","RW",18,NA,"Vaxjo Lakers HC Jr. (Sweden Jr.)",0,0,0,0,0,0,0,"2018","2018-Dominik Bokk"
26,"Ottawa Senators","Jacob Bernard-Docker","CA","D",18,2026,"Okotoks (AJHL)",154,6,19,25,3,59,5.5,"2018","2018-Jacob Bernard-Docker"
27,"Chicago Blackhawks","Nicolas Beaudin","CA","D",18,2022,"Drummondville Voltigeurs (QMJHL)",22,2,4,6,1,2,1.2,"2018","2018-Nicolas Beaudin"
28,"New York Rangers","Nils Lundkvist","SE","D",18,2026,"Lulea HF (Sweden)",187,10,37,47,16,64,9.1,"2018","2018-Nils Lundkvist"
29,"Toronto Maple Leafs","Rasmus Sandin","SE","D",18,2026,"Soo Greyhounds (OHL)",322,22,100,122,16,102,20.2,"2018","2018-Rasmus Sandin"
30,"Detroit Red Wings","Joseph Veleno","CA","C",18,2026,"Drummondville Voltigeurs (QMJHL)",319,38,43,81,-72,111,2.4,"2018","2018-Joseph Veleno"
31,"Washington Capitals","Alexander Alexeyev","RU","D",18,2025,"Red Deer Rebels (WHL)",80,1,7,8,-8,12,1.7,"2018","2018-Alexander Alexeyev"
32,"Buffalo Sabres","Mattias Samuelsson","US","D",18,2026,"USA U-18 Development Team (USDP/USHL)",228,10,40,50,5,92,9.7,"2018","2018-Mattias Samuelsson"
33,"Detroit Red Wings","Jonatan Berggren","SE","RW",18,2026,"Skelleftea AIK Jr. (Sweden Jr.)",166,31,33,64,-31,38,4.9,"2018","2018-Jonatan Berggren"
34,"Florida Panthers","Serron Noel","CA","RW",18,NA,"Oshawa Generals (OHL)",0,0,0,0,0,0,0,"2018","2018-Serron Noel"
35,"Montreal Canadiens","Jesse Ylonen","US","RW",18,2024,"Espoo United (Finland-2)",111,12,17,29,-7,14,1.6,"2018","2018-Jesse Ylonen"
36,"Detroit Red Wings","Jared McIsaac","CA","D",18,NA,"Halifax Mooseheads (QMJHL)",0,0,0,0,0,0,0,"2018","2018-Jared McIsaac"
37,"Vancouver Canucks","Jett Woo","CA","D",18,NA,"Moose Jaw Warriors (WHL)",0,0,0,0,0,0,0,"2018","2018-Jett Woo"
38,"Montreal Canadiens","Alexander Romanov","RU","D",18,2026,"Krasnaya Armiya Moskva (Russia Jr.)",367,17,67,84,27,163,18.1,"2018","2018-Alexander Romanov"
40,"Edmonton Oilers","Ryan McLeod","CA","C",18,2026,"Mississauga Steelheads (OHL)",316,56,81,137,19,56,11.4,"2018","2018-Ryan McLeod"
41,"New York Islanders","Bode Wilde","CA","D",18,NA,"USA U-18 Development Team (USDP/USHL)",0,0,0,0,0,0,0,"2018","2018-Bode Wilde"
42,"Carolina Hurricanes","Jack Drury","US","C",18,2026,"Waterloo Black Hawks (USHL)",204,23,39,62,12,81,4.6,"2018","2018-Jack Drury"
43,"New York Islanders","Ruslan Iskhakov","RU","C",18,2024,"Krasnaya Armiya Moskva (Russia Jr.)",1,0,1,1,0,0,0.1,"2018","2018-Ruslan Iskhakov"
44,"Dallas Stars","Albin Eriksson","SE","RW",18,NA,"Skelleftea AIK Jr. (Sweden Jr.)",0,0,0,0,0,0,0,"2018","2018-Albin Eriksson"
45,"St. Louis Blues","Scott Perunovich","US","D",20,2025,"Minnesota-Duluth (NCHC)",108,2,30,32,0,30,4.8,"2018","2018-Scott Perunovich"
46,"Washington Capitals","Martin Fehervary","SK","D",18,2026,"IK Oskarshamn (Sweden-2)",317,23,58,81,18,123,17.2,"2018","2018-Martin Fehervary"
47,"Washington Capitals","Kody Clark","US","RW",18,NA,"Ottawa 67's (OHL)",0,0,0,0,0,0,0,"2018","2018-Kody Clark"
48,"Ottawa Senators","Jonathan Tychonick","CA","D",18,NA,"Penticton (BCHL)",0,0,0,0,0,0,0,"2018","2018-Jonathan Tychonick"
49,"Columbus Blue Jackets","Kirill Marchenko","RU","RW",18,2026,"Mamonty Yugry (Russia Jr.)",234,83,78,161,9,56,17.5,"2018","2018-Kirill Marchenko"
50,"Philadelphia Flyers","Adam Ginning","SE","D",18,2026,"Linkoping HC (Sweden)",16,1,0,1,-1,2,0.5,"2018","2018-Adam Ginning"
51,"Los Angeles Kings","Akil Thomas","CA","C",18,2025,"Niagara IceDogs (OHL)",32,4,3,7,-4,9,0.4,"2018","2018-Akil Thomas"
52,"Toronto Maple Leafs","Sean Durzi","CA","D",19,2026,"Owen Sound Attack (OHL)",244,25,93,118,-18,191,16.9,"2018","2018-Sean Durzi"
53,"Pittsburgh Penguins","Calen Addison","CA","D",18,2024,"Lethbridge Hurricanes (WHL)",152,6,44,50,-59,96,4.2,"2018","2018-Calen Addison"
54,"Anaheim Ducks","Benoit-Olivier Groulx","CA","C",18,2024,"Halifax Mooseheads (QMJHL)",65,1,4,5,-9,24,-1,"2018","2018-Benoit-Olivier Groulx"
55,"Arizona Coyotes","Kevin Bahl","CA","D",18,2026,"Ottawa 67's (OHL)",240,9,40,49,0,176,10.4,"2018","2018-Kevin Bahl"
56,"Montreal Canadiens","Jacob Olofsson","SE","C",18,NA,"Timra IK (Sweden-2)",0,0,0,0,0,0,0,"2018","2018-Jacob Olofsson"
57,"Boston Bruins","Axel Andersson","SE","D",18,NA,"Djurgardens IF Jr. (Sweden Jr.)",0,0,0,0,0,0,0,"2018","2018-Axel Andersson"
58,"Pittsburgh Penguins","Filip Hallander","SE","C",18,2026,"Timra IK (Sweden-2)",16,1,3,4,4,2,0.3,"2018","2018-Filip Hallander"
59,"Tampa Bay Lightning","Gabriel Fortier","CA","LW",18,2023,"Baie-Comeau Drakkar (QMJHL)",11,1,0,1,-2,4,-0.1,"2018","2018-Gabriel Fortier"
60,"Winnipeg Jets","David Gustafsson","SE","C",18,2025,"HV71 (Sweden)",149,6,14,20,10,13,0.8,"2018","2018-David Gustafsson"
61,"Vegas Golden Knights","Ivan Morozov","RU","C",18,NA,"Mamonty Yugry (Russia Jr.)",0,0,0,0,0,0,0,"2018","2018-Ivan Morozov"
63,"Minnesota Wild","Jack McBain","CA","C",18,2026,"Toronto (OJHL)",259,36,49,85,3,221,6.1,"2018","2018-Jack McBain"
65,"Arizona Coyotes","Jan Jenik","CZ","RW",18,2025,"HC Benatky nad Jizerou (Czech-2)",24,4,2,6,-5,20,0.4,"2018","2018-Jan Jenik"
66,"Montreal Canadiens","Cameron Hillis","CA","C",18,2022,"Guelph Storm (OHL)",1,0,0,0,0,0,0,"2018","2018-Cameron Hillis"
67,"Detroit Red Wings","Alec Regula","US","D",18,2026,"London Knights (OHL)",28,1,0,1,-10,18,0.1,"2018","2018-Alec Regula"
68,"Vancouver Canucks","Tyler Madden","US","C",18,NA,"Tri-City Storm (USHL)",0,0,0,0,0,0,0,"2018","2018-Tyler Madden"
69,"Chicago Blackhawks","Jake Wise","US","C",18,NA,"USA U-18 Development Team (USDP/USHL)",0,0,0,0,0,0,0,"2018","2018-Jake Wise"
70,"New York Rangers","Jacob Ragnarsson","US","D",18,NA,"Almtuna IS (Sweden-2)",0,0,0,0,0,0,0,"2018","2018-Jacob Ragnarsson"
71,"Montreal Canadiens","Jordan Harris","US","D",18,2026,"Kimball Union Academy (High-NH)",169,10,29,39,-6,62,6.2,"2018","2018-Jordan Harris"
73,"Arizona Coyotes","Ty Emberson","US","D",18,2026,"USA U-18 Development Team (USDP/USHL)",122,4,22,26,-8,26,4.9,"2018","2018-Ty Emberson"
74,"Chicago Blackhawks","Niklas Nordgren","FI","RW",18,NA,"HIFK Jr. (Finland Jr.)",0,0,0,0,0,0,0,"2018","2018-Niklas Nordgren"
75,"Dallas Stars","Oskar Back","SE","C",18,2026,"Farjestad BK Jr. (Sweden Jr.)",82,5,13,18,4,8,0.7,"2018","2018-Oskar Back"
76,"Toronto Maple Leafs","Semyon Der-Arguchintsev","RU","C",18,2023,"Peterborough Petes (OHL)",1,0,0,0,1,0,0,"2018","2018-Semyon Der-Arguchintsev"
77,"Boston Bruins","Jakub Lauko","CZ","C",18,2025,"Pirati Chomutov (Czech)",139,11,17,28,-14,90,1.1,"2018","2018-Jakub Lauko"
78,"Colorado Avalanche","Sampo Ranta","FI","LW",18,2023,"Sioux City Musketeers (USHL)",16,0,0,0,-4,6,-0.4,"2018","2018-Sampo Ranta"
79,"Anaheim Ducks","Blake McLaughlin","US","LW",18,NA,"Chicago Steel (USHL)",0,0,0,0,0,0,0,"2018","2018-Blake McLaughlin"
80,"Columbus Blue Jackets","Marcus Karlberg","SE","LW",18,NA,"Leksands IF Jr. (Sweden Jr.)",0,0,0,0,0,0,0,"2018","2018-Marcus Karlberg"
81,"Detroit Red Wings","Seth Barton","CA","D",19,NA,"Trail (BCHL)",0,0,0,0,0,0,0,"2018","2018-Seth Barton"
82,"Los Angeles Kings","Bulat Shafigullin","RU","LW",18,NA,"Reaktor Nizhnekamsk (Russia Jr.)",0,0,0,0,0,0,0,"2018","2018-Bulat Shafigullin"
83,"Toronto Maple Leafs","Riley Stotts","CA","C",18,NA,"Calgary Hitmen (WHL)",0,0,0,0,0,0,0,"2018","2018-Riley Stotts"
86,"Minnesota Wild","Alexander Khovanov","RU","C",18,NA,"Moncton Wildcats (QMJHL)",0,0,0,0,0,0,0,"2018","2018-Alexander Khovanov"
87,"San Jose Sharks","Linus Karlsson","SE","C",18,2026,"Karlskrona HK Jr. (Sweden Jr.)",43,4,7,11,5,8,1,"2018","2018-Linus Karlsson"
88,"New York Rangers","Joey Keane","US","D",19,2022,"Barrie Colts (OHL)",2,0,0,0,-1,2,0,"2018","2018-Joey Keane"
89,"Florida Panthers","Logan Hutsko","US","RW",19,NA,"Boston College (H-East)",0,0,0,0,0,0,0,"2018","2018-Logan Hutsko"
90,"Tampa Bay Lightning","Dmitry Semykin","RU","D",18,NA,"Kapitan Stupino (Russia Jr.)",0,0,0,0,0,0,0,"2018","2018-Dmitry Semykin"
91,"Winnipeg Jets","Nathan Smith","US","C",19,2023,"Cedar Rapids RoughRiders (USHL)",14,2,2,4,-2,6,0.2,"2018","2018-Nathan Smith"
92,"Minnesota Wild","Connor Dewar","CA","C",19,2026,"Everett Silvertips (WHL)",256,27,32,59,-20,117,2.9,"2018","2018-Connor Dewar"
93,"Washington Capitals","Riley Sutter","CA","RW",18,NA,"Everett Silvertips (WHL)",0,0,0,0,0,0,0,"2018","2018-Riley Sutter"
94,"Buffalo Sabres","Matej Pekar","CZ","C",18,NA,"Muskegon Lumberjacks (USHL)",0,0,0,0,0,0,0,"2018","2018-Matej Pekar"
95,"Ottawa Senators","Jonathan Gruden","CA","C",18,2024,"USA U-18 Development Team (USDP/USHL)",16,1,0,1,-2,5,-0.1,"2018","2018-Jonathan Gruden"
96,"Carolina Hurricanes","Luke Henman","CA","C",18,NA,"Blainville-Boisbriand Armada (QMJHL)",0,0,0,0,0,0,0,"2018","2018-Luke Henman"
97,"Montreal Canadiens","Allan McShane","CA","C",18,NA,"Oshawa Generals (OHL)",0,0,0,0,0,0,0,"2018","2018-Allan McShane"
99,"Vegas Golden Knights","Stanislav Demin","US","D",18,NA,"Wenatchee (BCHL)",0,0,0,0,0,0,0,"2018","2018-Stanislav Demin"
101,"New York Rangers","Nico Gross","CH","D",18,NA,"Oshawa Generals (OHL)",0,0,0,0,0,0,0,"2018","2018-Nico Gross"
102,"San Jose Sharks","Jasper Weatherby","US","C",20,2022,"Wenatchee (BCHL)",50,5,6,11,-14,18,0.3,"2018","2018-Jasper Weatherby"
103,"New York Islanders","Jacob Pivonka","US","C",18,NA,"USA U-18 Development Team (USDP/USHL)",0,0,0,0,0,0,0,"2018","2018-Jacob Pivonka"
104,"Carolina Hurricanes","Lenni Killinen","FI","RW",18,NA,"Blues Jr. (Finland Jr.)",0,0,0,0,0,0,0,"2018","2018-Lenni Killinen"
105,"Calgary Flames","Martin Pospisil","SK","C",18,2025,"Sioux City Musketeers (USHL)",144,12,37,49,17,193,3.7,"2018","2018-Martin Pospisil"
106,"Dallas Stars","Curtis Douglas","CA","C",18,2026,"Windsor Spitfires (OHL)",11,0,2,2,2,12,0.2,"2018","2018-Curtis Douglas"
108,"Calgary Flames","Demetrios Koumontzis","US","LW",18,NA,"Edina HS (High-MN)",0,0,0,0,0,0,0,"2018","2018-Demetrios Koumontzis"
109,"Colorado Avalanche","Tyler Weiss","US","LW",18,NA,"USA U-18 Development Team (USDP/USHL)",0,0,0,0,0,0,0,"2018","2018-Tyler Weiss"
110,"New Jersey Devils","Xavier Bernard","CA","D",18,NA,"Drummondville Voltigeurs (QMJHL)",0,0,0,0,0,0,0,"2018","2018-Xavier Bernard"
111,"Nashville Predators","Jachym Kondelik","DE","C",18,NA,"Muskegon Lumberjacks (USHL)",0,0,0,0,0,0,0,"2018","2018-Jachym Kondelik"
112,"Philadelphia Flyers","John St. Ivany","US","D",19,2025,"Sioux Falls Stampede (USHL)",33,0,2,2,-3,19,0.5,"2018","2018-John St. Ivany"
113,"Los Angeles Kings","Aidan Dudas","CA","C",18,NA,"Owen Sound Attack (OHL)",0,0,0,0,0,0,0,"2018","2018-Aidan Dudas"
115,"Vegas Golden Knights","Paul Cotter","US","C",18,2026,"Lincoln Stars (USHL)",235,39,31,70,-36,130,4.7,"2018","2018-Paul Cotter"
116,"Anaheim Ducks","Jackson Perbix","US","RW",18,NA,"Elk River HS (High-MN)",0,0,0,0,0,0,0,"2018","2018-Jackson Perbix"
117,"Buffalo Sabres","Linus Lindstrand Cronholm","SE","D",18,NA,"Malmo Jr. (Sweden Jr.)",0,0,0,0,0,0,0,"2018","2018-Linus Lindstrand Cronholm"
118,"Toronto Maple Leafs","Mac Hollowell","CA","D",19,2023,"Soo Greyhounds (OHL)",6,0,2,2,3,2,0.5,"2018","2018-Mac Hollowell"
119,"Boston Bruins","Curtis Hall","US","C",18,NA,"Youngstown Phantoms (USHL)",0,0,0,0,0,0,0,"2018","2018-Curtis Hall"
120,"Chicago Blackhawks","Philipp Kurashev","CH","C",18,2026,"Quebec Remparts (QMJHL)",334,53,87,140,-127,81,7.1,"2018","2018-Philipp Kurashev"
121,"Tampa Bay Lightning","Alexander Green","US","D",20,NA,"Cornell (ECAC)",0,0,0,0,0,0,0,"2018","2018-Alexander Green"
122,"Calgary Flames","Milos Roman","SK","C",18,NA,"Vancouver Giants (WHL)",0,0,0,0,0,0,0,"2018","2018-Milos Roman"
123,"Montreal Canadiens","Jack Gorniak","US","LW",19,NA,"West Salem HS (High-WI)",0,0,0,0,0,0,0,"2018","2018-Jack Gorniak"
125,"Buffalo Sabres","Miska Kukkonen","FI","D",18,NA,"Ilves Jr. (Finland Jr.)",0,0,0,0,0,0,0,"2018","2018-Miska Kukkonen"
126,"Ottawa Senators","Angus Crookshank","CA","LW",18,2025,"Langley (BCHL)",21,2,2,4,-4,4,0.1,"2018","2018-Angus Crookshank"
127,"Philadelphia Flyers","Wyatte Wylie","US","D",18,NA,"Everett Silvertips (WHL)",0,0,0,0,0,0,0,"2018","2018-Wyatte Wylie"
128,"Montreal Canadiens","Cole Fonstad","CA","C",18,NA,"Prince Albert Raiders (WHL)",0,0,0,0,0,0,0,"2018","2018-Cole Fonstad"
129,"Pittsburgh Penguins","Justin Almeida","CA","C",19,NA,"Moose Jaw Warriors (WHL)",0,0,0,0,0,0,0,"2018","2018-Justin Almeida"
130,"Vancouver Canucks","Toni Utunen","FI","D",18,NA,"Leki (Finland-2)",0,0,0,0,0,0,0,"2018","2018-Toni Utunen"
131,"Nashville Predators","Spencer Stastney","US","D",18,2026,"USA U-18 Development Team (USDP/USHL)",70,3,13,16,4,14,3.6,"2018","2018-Spencer Stastney"
132,"New York Rangers","Lauri Pajuniemi","FI","RW",19,NA,"TPS (Finland)",0,0,0,0,0,0,0,"2018","2018-Lauri Pajuniemi"
133,"Montreal Canadiens","Samuel Houde","CA","C",18,NA,"Chicoutimi Sagueneens (QMJHL)",0,0,0,0,0,0,0,"2018","2018-Samuel Houde"
134,"New York Islanders","Blade Jenkins","US","LW",18,NA,"Saginaw Spirit (OHL)",0,0,0,0,0,0,0,"2018","2018-Blade Jenkins"
135,"Vegas Golden Knights","Brandon Kruse","US","LW",19,NA,"Bowling Green (WCHA)",0,0,0,0,0,0,0,"2018","2018-Brandon Kruse"
137,"Dallas Stars","Riley Damiani","CA","C",18,2022,"Kitchener Rangers (OHL)",7,1,1,2,0,2,0.2,"2018","2018-Riley Damiani"
138,"St. Louis Blues","Hugh McGing","US","LW",20,2024,"Western Michigan (NCHC)",6,0,0,0,-5,0,-0.3,"2018","2018-Hugh McGing"
139,"Chicago Blackhawks","Mikael Hakkarainen","FI","C",20,NA,"Muskegon Lumberjacks (USHL)",0,0,0,0,0,0,0,"2018","2018-Mikael Hakkarainen"
140,"Colorado Avalanche","Brandon Saigeon","CA","C",20,NA,"Hamilton Bulldogs (OHL)",0,0,0,0,0,0,0,"2018","2018-Brandon Saigeon"
141,"New Jersey Devils","Yegor Sharangovich","BY","C",20,2026,"Dinamo Minsk (Russia)",376,103,98,201,-69,59,17.5,"2018","2018-Yegor Sharangovich"
142,"Arizona Coyotes","Michael Callahan","US","D",18,2026,"Youngstown Phantoms (USHL)",20,1,0,1,-7,7,-0.1,"2018","2018-Michael Callahan"
145,"Arizona Coyotes","Dennis Busby","CA","D",18,NA,"Flint Firebirds (OHL)",0,0,0,0,0,0,0,"2018","2018-Dennis Busby"
146,"Colorado Avalanche","Danila Zhuravlyov","RU","D",18,NA,"Irbis Kazan (Russia Jr.)",0,0,0,0,0,0,0,"2018","2018-Danila Zhuravlyov"
148,"Minnesota Wild","Simon Johansson","SE","D",19,NA,"Djurgardens IF Jr. (Sweden Jr.)",0,0,0,0,0,0,0,"2018","2018-Simon Johansson"
149,"Toronto Maple Leafs","Filip Kral","CZ","D",18,2023,"Spokane Chiefs (WHL)",2,0,0,0,0,2,0,"2018","2018-Filip Kral"
150,"Winnipeg Jets","Declan Chisholm","CA","D",18,2026,"Peterborough Petes (OHL)",108,5,17,22,-9,30,3.8,"2018","2018-Declan Chisholm"
151,"Nashville Predators","Vladislav Yeryomenko","BY","D",19,NA,"Calgary Hitmen (WHL)",0,0,0,0,0,0,0,"2018","2018-Vladislav Yeryomenko"
153,"Winnipeg Jets","Giovanni Vallati","CA","D",18,NA,"Kitchener Rangers (OHL)",0,0,0,0,0,0,0,"2018","2018-Giovanni Vallati"
154,"Vegas Golden Knights","Connor Corcoran","CA","D",18,NA,"Windsor Spitfires (OHL)",0,0,0,0,0,0,0,"2018","2018-Connor Corcoran"
155,"Minnesota Wild","Damien Giroux","CA","C",18,2023,"Saginaw Spirit (OHL)",1,0,1,1,0,2,0.1,"2018","2018-Damien Giroux"
156,"Toronto Maple Leafs","Pontus Holmberg","SE","RW",19,2026,"VIK Vasteras HK (Sweden-3)",174,20,34,54,16,73,4.2,"2018","2018-Pontus Holmberg"
159,"Columbus Blue Jackets","Tim Berni","CH","D",18,2023,"GC Kusnacht Lions (Swiss-2)",59,1,2,3,-26,34,-0.3,"2018","2018-Tim Berni"
161,"Washington Capitals","Alex Kannok-Leipert","TH","D",18,NA,"Vancouver Giants (WHL)",0,0,0,0,0,0,0,"2018","2018-Alex Kannok-Leipert"
163,"New York Rangers","Simon Kjellberg","US","D",18,NA,"Rogle BK Jr. (Sweden Jr.)",0,0,0,0,0,0,0,"2018","2018-Simon Kjellberg"
164,"Edmonton Oilers","Michael Kesselring","US","D",18,2026,"New Hampton School (High-NH)",165,12,41,53,11,163,9.7,"2018","2018-Michael Kesselring"
165,"Los Angeles Kings","Johan Sodergran","SE","RW",18,NA,"Linkoping HC Jr. (Sweden Jr.)",0,0,0,0,0,0,0,"2018","2018-Johan Sodergran"
166,"Carolina Hurricanes","Jesper Sellgren","SE","D",20,NA,"MODO Hockey (Sweden-2)",0,0,0,0,0,0,0,"2018","2018-Jesper Sellgren"
167,"Calgary Flames","Mathias Emilio Pettersen","NO","C",18,NA,"Muskegon Lumberjacks (USHL)",0,0,0,0,0,0,0,"2018","2018-Mathias Emilio Pettersen"
168,"Dallas Stars","Dawson Barteaux","CA","D",18,NA,"Red Deer Rebels (WHL)",0,0,0,0,0,0,0,"2018","2018-Dawson Barteaux"
169,"St. Louis Blues","Mathias Laferriere","CA","RW",18,NA,"Cape Breton Screaming Eagles (QMJHL)",0,0,0,0,0,0,0,"2018","2018-Mathias Laferriere"
170,"Florida Panthers","Justin Schutz","DE","LW",18,NA,"RB Hockey Akademie Jr. (Czech Jr.)",0,0,0,0,0,0,0,"2018","2018-Justin Schutz"
171,"Colorado Avalanche","Nikolai Kovalenko","US","RW",18,2025,"Loko Yaroslavl (Russia Jr.)",57,7,13,20,-9,16,1.2,"2018","2018-Nikolai Kovalenko"
172,"New Jersey Devils","Mitchell Hoelscher","CA","C",18,NA,"Ottawa 67's (OHL)",0,0,0,0,0,0,0,"2018","2018-Mitchell Hoelscher"
174,"Philadelphia Flyers","Gavin Hain","US","C",18,NA,"USA U-18 Development Team (USDP/USHL)",0,0,0,0,0,0,0,"2018","2018-Gavin Hain"
177,"Pittsburgh Penguins","Liam Gorman","US","C",18,NA,"St. Sebastian's School (High-MA)",0,0,0,0,0,0,0,"2018","2018-Liam Gorman"
178,"Anaheim Ducks","Hunter Drew","CA","D",19,2022,"Charlottetown Islanders (QMJHL)",2,0,0,0,0,5,0,"2018","2018-Hunter Drew"
179,"Minnesota Wild","Shawn Boudrias","CA","RW",19,NA,"Gatineau Olympiques (QMJHL)",0,0,0,0,0,0,0,"2018","2018-Shawn Boudrias"
180,"Vegas Golden Knights","Peter Diliberatore","CA","D",18,NA,"Salisbury School (High-CT)",0,0,0,0,0,0,0,"2018","2018-Peter Diliberatore"
181,"Boston Bruins","Dustyn McFaul","CA","D",18,NA,"Pickering (OJHL)",0,0,0,0,0,0,0,"2018","2018-Dustyn McFaul"
182,"San Jose Sharks","John Leonard","US","LW",20,2024,"Massachusetts (H-East)",70,6,11,17,-13,4,0.7,"2018","2018-John Leonard"
183,"Tampa Bay Lightning","Cole Koepke","US","LW",20,2026,"Sioux City Musketeers (USHL)",113,11,11,22,-8,31,1.2,"2018","2018-Cole Koepke"
185,"Vegas Golden Knights","Xavier Bouchard","CA","D",18,NA,"Baie-Comeau Drakkar (QMJHL)",0,0,0,0,0,0,0,"2018","2018-Xavier Bouchard"
186,"Vancouver Canucks","Artyom Manukyan","RU","RW",20,NA,"Avangard Omsk (Russia)",0,0,0,0,0,0,0,"2018","2018-Artyom Manukyan"
187,"Buffalo Sabres","William Worge Kreu","SE","D",18,NA,"Linkoping HC Jr. (Sweden Jr.)",0,0,0,0,0,0,0,"2018","2018-William Worge Kreu"
188,"Ottawa Senators","Jakov Novak","CA","LW",19,NA,"Janesville Jets (NAHL)",0,0,0,0,0,0,0,"2018","2018-Jakov Novak"
189,"Arizona Coyotes","Liam Kirk","GB","LW",18,NA,"Sheffield (England)",0,0,0,0,0,0,0,"2018","2018-Liam Kirk"
190,"Montreal Canadiens","Brett Stapley","CA","C",19,NA,"Vernon (BCHL)",0,0,0,0,0,0,0,"2018","2018-Brett Stapley"
191,"Detroit Red Wings","Otto Kivenmaki","FI","C",18,NA,"Assat Jr. (Finland Jr.)",0,0,0,0,0,0,0,"2018","2018-Otto Kivenmaki"
193,"Chicago Blackhawks","Josiah Slavin","US","LW",19,2022,"Lincoln Stars (USHL)",15,0,1,1,0,4,-0.2,"2018","2018-Josiah Slavin"
194,"Ottawa Senators","Luke Loheit","US","RW",18,NA,"Minnetonka HS (High-MN)",0,0,0,0,0,0,0,"2018","2018-Luke Loheit"
195,"Edmonton Oilers","Patrik Siikanen","FI","C",18,NA,"Blues Jr. (Finland Jr.)",0,0,0,0,0,0,0,"2018","2018-Patrik Siikanen"
196,"New York Islanders","Christian Krygier","US","D",18,NA,"Lincoln Stars (USHL)",0,0,0,0,0,0,0,"2018","2018-Christian Krygier"
198,"Calgary Flames","Dmitry Zavgorodniy","RU","LW",18,NA,"Rimouski Oceanic (QMJHL)",0,0,0,0,0,0,0,"2018","2018-Dmitry Zavgorodniy"
199,"Dallas Stars","Jermaine Loewen","JM","LW",20,NA,"Kamloops Blazers (WHL)",0,0,0,0,0,0,0,"2018","2018-Jermaine Loewen"
200,"St. Louis Blues","Tyler Tucker","CA","D",18,2026,"Barrie Colts (OHL)",108,6,11,17,-5,156,3.2,"2018","2018-Tyler Tucker"
201,"Florida Panthers","Cole Krygier","US","D",18,NA,"Lincoln Stars (USHL)",0,0,0,0,0,0,0,"2018","2018-Cole Krygier"
203,"New Jersey Devils","Eetu Pakkila","FI","LW",18,NA,"Karpat Jr. (Finland Jr.)",0,0,0,0,0,0,0,"2018","2018-Eetu Pakkila"
204,"Columbus Blue Jackets","Trey Fix-Wolansky","CA","RW",19,2024,"Edmonton Oil Kings (WHL)",26,4,2,6,-6,2,0.3,"2018","2018-Trey Fix-Wolansky"
205,"Philadelphia Flyers","Marcus Westfalt","SE","C",18,NA,"Brynas IF (Sweden)",0,0,0,0,0,0,0,"2018","2018-Marcus Westfalt"
206,"Tampa Bay Lightning","Radim Salda","CZ","D",19,NA,"Saint John Sea Dogs (QMJHL)",0,0,0,0,0,0,0,"2018","2018-Radim Salda"
207,"Florida Panthers","Santtu Kinnunen","FI","D",19,NA,"Pelicans Jr. (Finland Jr.)",0,0,0,0,0,0,0,"2018","2018-Santtu Kinnunen"
210,"Minnesota Wild","Sam Hentges","US","C",19,NA,"Des Moines Buccaneers (USHL)",0,0,0,0,0,0,0,"2018","2018-Sam Hentges"
211,"Toronto Maple Leafs","Semyon Kizimov","RU","RW",18,NA,"Ladia Togliatti (Russia Jr.)",0,0,0,0,0,0,0,"2018","2018-Semyon Kizimov"
212,"Boston Bruins","Pavel Shen","RU","C",19,NA,"Mamonty Yugry (Russia Jr.)",0,0,0,0,0,0,0,"2018","2018-Pavel Shen"
215,"Winnipeg Jets","Austin Wong","CA","C",18,NA,"Okotoks (AJHL)",0,0,0,0,0,0,0,"2018","2018-Austin Wong"
216,"New York Rangers","Riley Hughes","US","RW",18,NA,"St. Sebastian's School (High-MA)",0,0,0,0,0,0,0,"2018","2018-Riley Hughes"
217,"Washington Capitals","Eric Florchuk","CA","C",18,NA,"Saskatoon Blades (WHL)",0,0,0,0,0,0,0,"2018","2018-Eric Florchuk"
1,"New Jersey Devils","Jack Hughes","US","C",18,2026,"USA U-18 Development Team (USDP/USHL)",385,151,220,371,-32,62,38.5,"2019","2019-Jack Hughes"
2,"New York Rangers","Kaapo Kakko","FI","RW",18,2026,"TPS (Finland)",386,72,90,162,2,108,13.6,"2019","2019-Kaapo Kakko"
3,"Chicago Blackhawks","Kirby Dach","CA","C",18,2026,"Saskatoon Blades (WHL)",284,48,80,128,-53,170,7.8,"2019","2019-Kirby Dach"
4,"Colorado Avalanche","Bowen Byram","CA","D",18,2026,"Vancouver Giants (WHL)",264,35,83,118,20,182,19.6,"2019","2019-Bowen Byram"
5,"Los Angeles Kings","Alex Turcotte","US","C",18,2026,"USA U-18 Development Team (USDP/USHL)",119,10,22,32,7,42,2.4,"2019","2019-Alex Turcotte"
6,"Detroit Red Wings","Moritz Seider","DE","D",18,2026,"Adler Mannheim (Germany)",346,31,159,190,-32,175,27.8,"2019","2019-Moritz Seider"
7,"Buffalo Sabres","Dylan Cozens","CA","C",18,2026,"Lethbridge Hurricanes (WHL)",381,89,138,227,-68,230,18.3,"2019","2019-Dylan Cozens"
8,"Edmonton Oilers","Philip Broberg","SE","D",18,2026,"AIK (Sweden-2)",168,12,37,49,14,28,9.2,"2019","2019-Philip Broberg"
9,"Anaheim Ducks","Trevor Zegras","US","C",18,2026,"USA U-18 Development Team (USDP/USHL)",286,73,132,205,-48,221,17.3,"2019","2019-Trevor Zegras"
10,"Vancouver Canucks","Vasily Podkolzin","RU","RW",18,2026,"SKA Neva St. Petersburg (Russia-2)",239,29,38,67,3,95,4.5,"2019","2019-Vasily Podkolzin"
11,"Arizona Coyotes","Victor Soderstrom","SE","D",18,2024,"Brynas IF (Sweden)",53,1,10,11,-7,30,1.5,"2019","2019-Victor Soderstrom"
12,"Minnesota Wild","Matthew Boldy","US","LW",18,2026,"USA U-18 Development Team (USDP/USHL)",304,112,152,264,24,154,28.6,"2019","2019-Matthew Boldy"
14,"Philadelphia Flyers","Cameron York","US","D",18,2026,"USA U-18 Development Team (USDP/USHL)",250,20,67,87,-37,98,13.9,"2019","2019-Cameron York"
15,"Montreal Canadiens","Cole Caufield","US","RW",18,2026,"USA U-18 Development Team (USDP/USHL)",305,131,107,238,-22,52,26.5,"2019","2019-Cole Caufield"
16,"Colorado Avalanche","Alex Newhook","CA","C",18,2026,"Victoria (BCHL)",313,63,75,138,-9,86,11.4,"2019","2019-Alex Newhook"
17,"Vegas Golden Knights","Peyton Krebs","CA","C",18,2026,"Kootenay Ice (WHL)",314,30,68,98,-41,228,3.9,"2019","2019-Peyton Krebs"
18,"Dallas Stars","Thomas Harley","US","D",18,2026,"Mississauga Steelheads (OHL)",215,33,80,113,54,50,21.6,"2019","2019-Thomas Harley"
19,"Ottawa Senators","Lassi Thomson","FI","D",18,2023,"Kelowna Rockets (WHL)",18,0,5,5,-10,6,0.1,"2019","2019-Lassi Thomson"
20,"Winnipeg Jets","Ville Heinola","FI","D",18,2025,"Lukko (Finland)",53,1,11,12,0,22,2.1,"2019","2019-Ville Heinola"
21,"Pittsburgh Penguins","Samuel Poulin","CA","RW",18,2025,"Sherbrooke Phoenix (QMJHL)",13,0,2,2,-3,6,-0.1,"2019","2019-Samuel Poulin"
22,"Los Angeles Kings","Tobias Bjornfot","SE","D",18,2025,"Djurgardens IF Jr. (Sweden Jr.)",134,1,14,15,-23,30,2.3,"2019","2019-Tobias Bjornfot"
23,"New York Islanders","Simon HolmstrÃ¶m","SE","RW",18,2026,"HV71 Jr. (Sweden Jr.)",218,45,43,88,-2,28,8.2,"2019","2019-Simon HolmstrÃ¶m"
24,"Nashville Predators","Philip Tomasino","CA","C",18,2026,"Niagara IceDogs (OHL)",217,34,61,95,-11,49,7.7,"2019","2019-Philip Tomasino"
25,"Washington Capitals","Connor McMichael","CA","C",18,2026,"London Knights (OHL)",255,55,59,114,-5,108,10.4,"2019","2019-Connor McMichael"
26,"Calgary Flames","Jakob Pelletier","CA","LW",18,2026,"Moncton Wildcats (QMJHL)",87,11,18,29,3,14,2.4,"2019","2019-Jakob Pelletier"
27,"Tampa Bay Lightning","Nolan Foote","US","LW",18,2025,"Kelowna Rockets (WHL)",30,6,3,9,3,0,1.1,"2019","2019-Nolan Foote"
28,"Carolina Hurricanes","Ryan Suzuki","CA","C",18,2025,"Barrie Colts (OHL)",2,0,0,0,1,0,0,"2019","2019-Ryan Suzuki"
29,"Anaheim Ducks","Brayden Tracey","CA","LW",18,2022,"Moose Jaw Warriors (WHL)",1,0,0,0,-1,0,-0.1,"2019","2019-Brayden Tracey"
30,"Boston Bruins","John Beecher","US","C",18,2026,"USA U-18 Development Team (USDP/USHL)",136,11,11,22,-16,50,0.3,"2019","2019-John Beecher"
31,"Buffalo Sabres","Ryan Johnson","US","D",18,2026,"Sioux Falls Stampede (USHL)",47,0,7,7,1,18,1.3,"2019","2019-Ryan Johnson"
32,"Ottawa Senators","Shane Pinto","US","C",18,2026,"Tri-City Storm (USHL)",229,60,62,122,5,82,12.2,"2019","2019-Shane Pinto"
33,"Los Angeles Kings","Arthur Kaliyev","UZ","RW",18,2026,"Hamilton Bulldogs (OHL)",204,38,38,76,-10,65,6.8,"2019","2019-Arthur Kaliyev"
34,"Philadelphia Flyers","Bobby Brink","US","RW",18,2026,"Sioux City Musketeers (USHL)",164,28,49,77,-20,44,6,"2019","2019-Bobby Brink"
35,"Detroit Red Wings","Antti Tuomisto","FI","D",18,NA,"Assat Jr. (Finland Jr.)",0,0,0,0,0,0,0,"2019","2019-Antti Tuomisto"
38,"Edmonton Oilers","Raphael Lavoie","CA","C",18,2025,"Halifax Mooseheads (QMJHL)",16,0,0,0,-6,4,-0.5,"2019","2019-Raphael Lavoie"
39,"Anaheim Ducks","Jackson LaCombe","US","D",18,2026,"Shattuck-St. Mary's School (High-MN)",166,16,51,67,-28,56,8.7,"2019","2019-Jackson LaCombe"
40,"Vancouver Canucks","Nils Hoglander","SE","LW",18,2025,"Rogle BK (Sweden)",293,58,57,115,14,127,11.5,"2019","2019-Nils Hoglander"
41,"Vegas Golden Knights","Kaedan Korczak","CA","D",18,2026,"Kelowna Rockets (WHL)",94,3,21,24,29,20,6.1,"2019","2019-Kaedan Korczak"
42,"Minnesota Wild","Vladislav Firstov","RU","LW",18,NA,"Waterloo Black Hawks (USHL)",0,0,0,0,0,0,0,"2019","2019-Vladislav Firstov"
43,"Chicago Blackhawks","Alex Vlasic","US","D",18,2026,"USA U-18 Development Team (USDP/USHL)",196,8,45,53,-31,64,9.5,"2019","2019-Alex Vlasic"
44,"Carolina Hurricanes","Jamieson Rees","CA","C",18,NA,"Sarnia Sting (OHL)",0,0,0,0,0,0,0,"2019","2019-Jamieson Rees"
45,"Nashville Predators","Egor Afanasyev","RU","LW",18,2024,"Muskegon Lumberjacks (USHL)",19,1,0,1,-8,2,-0.4,"2019","2019-Egor Afanasyev"
46,"Montreal Canadiens","Jayden Struble","US","D",18,2026,"St. Sebastian's School (High-MA)",126,5,22,27,-3,127,4.5,"2019","2019-Jayden Struble"
47,"Colorado Avalanche","Drew Helleson","US","D",18,2026,"USA U-18 Development Team (USDP/USHL)",77,7,16,23,6,51,4.2,"2019","2019-Drew Helleson"
48,"San Jose Sharks","Artemi Kniazev","RU","D",18,2022,"Chicoutimi Sagueneens (QMJHL)",1,0,0,0,-2,0,-0.1,"2019","2019-Artemi Kniazev"
49,"New York Rangers","Matthew Robertson","CA","D",18,2026,"Edmonton Oil Kings (WHL)",12,1,0,1,0,4,0.4,"2019","2019-Matthew Robertson"
50,"Los Angeles Kings","Samuel Fagemo","SE","LW",19,2024,"Frolunda HC (Sweden)",21,3,1,4,-7,0,0.1,"2019","2019-Samuel Fagemo"
51,"Winnipeg Jets","Simon Lundmark","SE","D",18,NA,"Linkoping HC Jr. (Sweden Jr.)",0,0,0,0,0,0,0,"2019","2019-Simon Lundmark"
52,"Florida Panthers","Vladislav Kolyachonok","BY","D",18,2025,"Flint Firebirds (OHL)",74,4,10,14,-7,18,2.3,"2019","2019-Vladislav Kolyachonok"
53,"Toronto Maple Leafs","Nicholas Robertson","US","LW",18,2026,"Peterborough Petes (OHL)",174,37,30,67,1,24,6.6,"2019","2019-Nicholas Robertson"
54,"Detroit Red Wings","Robert Mastrosimone","US","LW",18,NA,"Chicago Steel (USHL)",0,0,0,0,0,0,0,"2019","2019-Robert Mastrosimone"
55,"San Jose Sharks","Dillon Hamaliuk","CA","LW",18,NA,"Seattle Thunderbirds (WHL)",0,0,0,0,0,0,0,"2019","2019-Dillon Hamaliuk"
56,"Washington Capitals","Brett Leason","CA","RW",20,2025,"Prince Albert Raiders (WHL)",220,25,29,54,-29,54,2.2,"2019","2019-Brett Leason"
57,"New York Islanders","Samuel Bolduc","CA","D",18,2025,"Blainville-Boisbriand Armada (QMJHL)",52,4,4,8,0,8,1.7,"2019","2019-Samuel Bolduc"
58,"New York Rangers","Karl Henriksson","SE","C",18,NA,"Frolunda HC Jr. (Sweden Jr.)",0,0,0,0,0,0,0,"2019","2019-Karl Henriksson"
60,"Detroit Red Wings","Albert Johansson","SE","D",18,2026,"Farjestad BK Jr. (Sweden Jr.)",79,3,8,11,-15,34,1.8,"2019","2019-Albert Johansson"
61,"New Jersey Devils","Nikita Okhotyuk","RU","D",18,2024,"Ottawa 67's (OHL)",67,3,9,12,-25,52,1,"2019","2019-Nikita Okhotyuk"
62,"St. Louis Blues","Nikita Alexandrov","DE","C",18,2024,"Charlottetown Islanders (QMJHL)",51,3,6,9,-4,12,0.3,"2019","2019-Nikita Alexandrov"
63,"Colorado Avalanche","Matthew Stienburg","CA","C",18,2025,"St. Andrew's College (High-ON)",8,0,0,0,0,22,-0.1,"2019","2019-Matthew Stienburg"
64,"Montreal Canadiens","Mattias Norlinder","SE","D",19,2022,"MODO Hockey Jr. (Sweden Jr.)",6,0,1,1,2,2,0.3,"2019","2019-Mattias Norlinder"
65,"Nashville Predators","Alexander Campbell","CA","LW",18,NA,"Victoria (BCHL)",0,0,0,0,0,0,0,"2019","2019-Alexander Campbell"
66,"Detroit Red Wings","Albin Grewe","SE","RW",18,NA,"Djurgardens IF Jr. (Sweden Jr.)",0,0,0,0,0,0,0,"2019","2019-Albin Grewe"
68,"New York Rangers","Zachary Jones","US","D",18,2025,"Tri-City Storm (USHL)",115,4,24,28,-10,38,3.8,"2019","2019-Zachary Jones"
69,"Florida Panthers","John Ludvig","CZ","D",19,2025,"Portland Winterhawks (WHL)",41,3,4,7,-16,53,0.2,"2019","2019-John Ludvig"
70,"New Jersey Devils","Daniil Misyul","BY","D",18,2025,"Loko Yaroslavl (Russia Jr.)",1,0,0,0,-1,0,-0.1,"2019","2019-Daniil Misyul"
72,"Philadelphia Flyers","Ronald Attard","US","D",20,2024,"Tri-City Storm (USHL)",29,2,4,6,-1,14,1.2,"2019","2019-Ronald Attard"
73,"Carolina Hurricanes","Patrick Puistola","FI","RW",18,NA,"Tappara Jr. (Finland Jr.)",0,0,0,0,0,0,0,"2019","2019-Patrick Puistola"
74,"Pittsburgh Penguins","Nathan Legare","CA","RW",18,2026,"Baie-Comeau Drakkar (QMJHL)",4,0,0,0,-1,0,-0.1,"2019","2019-Nathan Legare"
75,"Minnesota Wild","Adam Beckman","CA","LW",18,2024,"Spokane Chiefs (WHL)",23,0,3,3,-5,14,-0.3,"2019","2019-Adam Beckman"
76,"Arizona Coyotes","John Farinacci","US","C",18,2025,"Dexter Southfield School (High-MA)",1,1,0,1,1,0,0.2,"2019","2019-John Farinacci"
77,"Montreal Canadiens","Gianni Fairbrother","CA","D",18,NA,"Everett Silvertips (WHL)",0,0,0,0,0,0,0,"2019","2019-Gianni Fairbrother"
78,"Colorado Avalanche","Alex Beaucage","CA","RW",18,NA,"Rouyn-Noranda Huskies (QMJHL)",0,0,0,0,0,0,0,"2019","2019-Alex Beaucage"
79,"Vegas Golden Knights","Pavel Dorofeyev","RU","LW",18,2026,"Metallurg Magnitogorsk (Russia)",166,65,33,98,12,56,12.1,"2019","2019-Pavel Dorofeyev"
80,"New Jersey Devils","Graeme Clarke","US","RW",18,2024,"Ottawa 67's (OHL)",3,0,0,0,-2,2,-0.1,"2019","2019-Graeme Clarke"
81,"Florida Panthers","Cole Schwindt","CA","RW",18,2026,"Mississauga Steelheads (OHL)",58,3,7,10,-2,2,0.3,"2019","2019-Cole Schwindt"
82,"New Jersey Devils","Michael Vukojevic","CA","D",18,NA,"Kitchener Rangers (OHL)",0,0,0,0,0,0,0,"2019","2019-Michael Vukojevic"
83,"Carolina Hurricanes","Anttoni Honka","FI","D",18,NA,"Jukurit (Finland)",0,0,0,0,0,0,0,"2019","2019-Anttoni Honka"
84,"Toronto Maple Leafs","Mikko Kokkonen","FI","D",18,NA,"Jukurit (Finland)",0,0,0,0,0,0,0,"2019","2019-Mikko Kokkonen"
86,"Vegas Golden Knights","Layton Ahac","CA","D",18,NA,"Prince George (BCHL)",0,0,0,0,0,0,0,"2019","2019-Layton Ahac"
88,"Calgary Flames","Ilya Nikolaev","RU","C",18,NA,"Loko Yaroslavl (Russia Jr.)",0,0,0,0,0,0,0,"2019","2019-Ilya Nikolaev"
89,"Tampa Bay Lightning","Maxim Cajkovic","SK","RW",18,NA,"Saint John Sea Dogs (QMJHL)",0,0,0,0,0,0,0,"2019","2019-Maxim Cajkovic"
90,"Carolina Hurricanes","Domenick Fensore","US","D",18,2026,"USA U-18 Development Team (USDP/USHL)",3,0,0,0,-2,2,-0.1,"2019","2019-Domenick Fensore"
91,"Washington Capitals","Aliaksei Protas","BY","C",18,2026,"Prince Albert Raiders (WHL)",263,48,81,129,39,42,12.9,"2019","2019-Aliaksei Protas"
92,"Boston Bruins","Quinn Olson","CA","LW",18,NA,"Okotoks (AJHL)",0,0,0,0,0,0,0,"2019","2019-Quinn Olson"
94,"Ottawa Senators","Viktor Lodin","SE","C",20,2022,"Orebro HK (Sweden)",1,0,0,0,0,0,0,"2019","2019-Viktor Lodin"
95,"Los Angeles Kings","Jordan Spence","AU","D",18,2026,"Moncton Wildcats (QMJHL)",190,9,59,68,35,32,13.2,"2019","2019-Jordan Spence"
96,"New Jersey Devils","Tyce Thompson","US","RW",20,2023,"Providence (H-East)",11,0,1,1,-4,0,-0.2,"2019","2019-Tyce Thompson"
97,"Detroit Red Wings","Ethan Phillips","CA","C",18,NA,"Sioux Falls Stampede (USHL)",0,0,0,0,0,0,0,"2019","2019-Ethan Phillips"
98,"Arizona Coyotes","Matias Maccelli","FI","LW",18,2026,"Dubuque Fighting Saints (USHL)",242,41,97,138,-26,38,10.2,"2019","2019-Matias Maccelli"
99,"Carolina Hurricanes","Cade Webber","US","D",18,NA,"Rivers School (High-MA)",0,0,0,0,0,0,0,"2019","2019-Cade Webber"
100,"Edmonton Oilers","Matej Blumel","CZ","RW",19,2025,"Waterloo Black Hawks (USHL)",13,2,0,2,-3,0,0.1,"2019","2019-Matej Blumel"
101,"Anaheim Ducks","Henry Thrun","US","D",18,2025,"USA U-18 Development Team (USDP/USHL)",119,5,20,25,-48,46,2.2,"2019","2019-Henry Thrun"
102,"Buffalo Sabres","Aaron Huglen","US","RW",18,NA,"Roseau HS (High-MN)",0,0,0,0,0,0,0,"2019","2019-Aaron Huglen"
103,"Philadelphia Flyers","Mason Millman","CA","D",18,NA,"Saginaw Spirit (OHL)",0,0,0,0,0,0,0,"2019","2019-Mason Millman"
104,"Columbus Blue Jackets","Eric Hjorth","SE","D",18,NA,"Linkoping HC Jr. (Sweden Jr.)",0,0,0,0,0,0,0,"2019","2019-Eric Hjorth"
105,"Chicago Blackhawks","Michael Teply","CZ","LW",18,NA,"HC Benatky nad Jizerou (Czech-2)",0,0,0,0,0,0,0,"2019","2019-Michael Teply"
106,"Florida Panthers","Carter Berger","CA","D",19,NA,"Victoria (BCHL)",0,0,0,0,0,0,0,"2019","2019-Carter Berger"
107,"Arizona Coyotes","Alexandr Darin","RU","RW",19,NA,"Loko Yaroslavl (Russia Jr.)",0,0,0,0,0,0,0,"2019","2019-Alexandr Darin"
108,"San Jose Sharks","Yegor Spiridonov","RU","C",18,NA,"Stalnye Lisy Magnitogorsk (Russia Jr.)",0,0,0,0,0,0,0,"2019","2019-Yegor Spiridonov"
109,"Nashville Predators","Marc Del Gaizo","US","D",19,2025,"Massachusetts (H-East)",55,2,10,12,-1,23,2.5,"2019","2019-Marc Del Gaizo"
110,"Vegas Golden Knights","Ryder Donovan","US","C",18,NA,"Duluth East HS (High-MN)",0,0,0,0,0,0,0,"2019","2019-Ryder Donovan"
111,"Dallas Stars","Samuel Sjolund","SE","D",18,NA,"AIK Jr. (Sweden Jr.)",0,0,0,0,0,0,0,"2019","2019-Samuel Sjolund"
112,"New York Rangers","Hunter Skinner","US","D",18,2026,"Lincoln Stars (USHL)",1,0,0,0,1,0,0.1,"2019","2019-Hunter Skinner"
113,"Winnipeg Jets","Henri Nikkanen","FI","C",18,NA,"Jukurit Jr. (Finland Jr.)",0,0,0,0,0,0,0,"2019","2019-Henri Nikkanen"
114,"Columbus Blue Jackets","Dimitri Voronkov","RU","LW",19,2026,"Bars Kazan (Russia-2)",166,48,47,95,19,131,10.4,"2019","2019-Dimitri Voronkov"
115,"Toronto Maple Leafs","Mikhail Abramov","RU","C",18,NA,"Victoriaville Tigres (QMJHL)",0,0,0,0,0,0,0,"2019","2019-Mikhail Abramov"
116,"Calgary Flames","Lucas Feuk","SE","LW",18,NA,"Sodertalje SK Jr. (Sweden Jr.)",0,0,0,0,0,0,0,"2019","2019-Lucas Feuk"
117,"Nashville Predators","Semyon Chystyakov","RU","D",18,NA,"Tolpar Ufa (Russia Jr.)",0,0,0,0,0,0,0,"2019","2019-Semyon Chystyakov"
118,"New Jersey Devils","Case McCarthy","US","D",18,NA,"USA U-18 Development Team (USDP/USHL)",0,0,0,0,0,0,0,"2019","2019-Case McCarthy"
119,"Los Angeles Kings","Kim Nousianinen","FI","D",18,NA,"KalPa Jr. (Finland Jr.)",0,0,0,0,0,0,0,"2019","2019-Kim Nousianinen"
120,"Tampa Bay Lightning","Maxwell Crozier","CA","D",19,2026,"Sioux Falls Stampede (USHL)",25,0,5,5,2,9,1,"2019","2019-Maxwell Crozier"
121,"Carolina Hurricanes","Tuukka Tieksola","FI","RW",18,NA,"Karpat Jr. (Finland Jr.)",0,0,0,0,0,0,0,"2019","2019-Tuukka Tieksola"
122,"Vancouver Canucks","Ethan Keppen","CA","LW",18,NA,"Flint Firebirds (OHL)",0,0,0,0,0,0,0,"2019","2019-Ethan Keppen"
123,"Chicago Blackhawks","Antti Saarela","FI","C",18,NA,"Lukko (Finland)",0,0,0,0,0,0,0,"2019","2019-Antti Saarela"
124,"Toronto Maple Leafs","Nicholas Abruzzese","US","C",20,2023,"Chicago Steel (USHL)",11,1,2,3,0,2,0.2,"2019","2019-Nicholas Abruzzese"
125,"Ottawa Senators","Mark Kastelic","US","C",20,2026,"Calgary Hitmen (WHL)",225,23,24,47,-10,304,3.3,"2019","2019-Mark Kastelic"
126,"Montreal Canadiens","Jacob Leguerrier","CA","D",18,NA,"Soo Greyhounds (OHL)",0,0,0,0,0,0,0,"2019","2019-Jacob Leguerrier"
128,"Detroit Red Wings","Cooper Moore","US","D",18,NA,"Brunswick School (High-CT)",0,0,0,0,0,0,0,"2019","2019-Cooper Moore"
129,"New Jersey Devils","Arseny Gritsyuk","RU","RW",18,2026,"Omskie Yastreby (Russia Jr.)",18,4,5,9,-1,4,0.9,"2019","2019-Arseny Gritsyuk"
130,"New York Rangers","Leevi Aaltonen","FI","RW",18,NA,"KalPa Jr. (Finland Jr.)",0,0,0,0,0,0,0,"2019","2019-Leevi Aaltonen"
131,"Montreal Canadiens","Rhett Pitlick","US","LW",18,NA,"Chaska HS (High-MN)",0,0,0,0,0,0,0,"2019","2019-Rhett Pitlick"
132,"Anaheim Ducks","Trevor Janicke","US","C",18,NA,"Central Illinois Flying Aces (USHL)",0,0,0,0,0,0,0,"2019","2019-Trevor Janicke"
133,"Vancouver Canucks","Carson Focht","CA","C",19,NA,"Calgary Hitmen (WHL)",0,0,0,0,0,0,0,"2019","2019-Carson Focht"
134,"Winnipeg Jets","Harrison Blaisdell","GB","C",18,NA,"Chilliwack (BCHL)",0,0,0,0,0,0,0,"2019","2019-Harrison Blaisdell"
136,"Florida Panthers","Henrik Rybinski","CA","RW",18,NA,"Seattle Thunderbirds (WHL)",0,0,0,0,0,0,0,"2019","2019-Henrik Rybinski"
137,"Florida Panthers","Owen Lindmark","US","C",18,NA,"USA U-18 Development Team (USDP/USHL)",0,0,0,0,0,0,0,"2019","2019-Owen Lindmark"
139,"Vegas Golden Knights","Marcus Kallionkieli","FI","LW",18,NA,"Sioux City Musketeers (USHL)",0,0,0,0,0,0,0,"2019","2019-Marcus Kallionkieli"
140,"Colorado Avalanche","Sasha Mutala","CA","RW",18,NA,"Tri-City Americans (WHL)",0,0,0,0,0,0,0,"2019","2019-Sasha Mutala"
141,"Vegas Golden Knights","Mason Primeau","CA","C",18,NA,"North Bay Battalion (OHL)",0,0,0,0,0,0,0,"2019","2019-Mason Primeau"
142,"Dallas Stars","Nicholas Porco","CA","LW",18,NA,"Saginaw Spirit (OHL)",0,0,0,0,0,0,0,"2019","2019-Nicholas Porco"
143,"Buffalo Sabres","Filip Cederqvist","SE","LW",19,NA,"Vaxjo Lakers HC (Sweden)",0,0,0,0,0,0,0,"2019","2019-Filip Cederqvist"
145,"Pittsburgh Penguins","Judd Caulfield","US","RW",18,NA,"USA U-18 Development Team (USDP/USHL)",0,0,0,0,0,0,0,"2019","2019-Judd Caulfield"
146,"Toronto Maple Leafs","Michael Koster","US","D",18,NA,"Chaska HS (High-MN)",0,0,0,0,0,0,0,"2019","2019-Michael Koster"
147,"New York Islanders","Reece Newkirk","CA","C",18,NA,"Portland Winterhawks (WHL)",0,0,0,0,0,0,0,"2019","2019-Reece Newkirk"
149,"Minnesota Wild","Matvey Guskov","RU","C",18,NA,"London Knights (OHL)",0,0,0,0,0,0,0,"2019","2019-Matvey Guskov"
150,"Calgary Flames","Joshua Nodler","US","C",18,NA,"Fargo Force (USHL)",0,0,0,0,0,0,0,"2019","2019-Joshua Nodler"
151,"Arizona Coyotes","Aku Raty","FI","RW",18,2024,"Karpat Jr. (Finland Jr.)",1,0,1,1,0,0,0.1,"2019","2019-Aku Raty"
152,"Carolina Hurricanes","Kirill Slepets","RU","RW",20,NA,"Loko Yaroslavl (Russia Jr.)",0,0,0,0,0,0,0,"2019","2019-Kirill Slepets"
153,"Washington Capitals","Martin Has","CZ","D",18,NA,"Tappara Jr. (Finland Jr.)",0,0,0,0,0,0,0,"2019","2019-Martin Has"
154,"Boston Bruins","Roman Bychkov","RU","D",18,NA,"Loko Yaroslavl (Russia Jr.)",0,0,0,0,0,0,0,"2019","2019-Roman Bychkov"
155,"St. Louis Blues","Keean Washkurak","CA","C",18,NA,"Mississauga Steelheads (OHL)",0,0,0,0,0,0,0,"2019","2019-Keean Washkurak"
157,"Los Angeles Kings","Braden Doyle","US","D",18,NA,"Lawrence Academy (High-MA)",0,0,0,0,0,0,0,"2019","2019-Braden Doyle"
158,"New Jersey Devils","Patrick Moynihan","US","RW",18,NA,"USA U-18 Development Team (USDP/USHL)",0,0,0,0,0,0,0,"2019","2019-Patrick Moynihan"
159,"Detroit Red Wings","Elmer Soderblom","SE","RW",18,2026,"Frolunda HC Jr. (Sweden Jr.)",58,10,10,20,-2,16,1.8,"2019","2019-Elmer Soderblom"
160,"Buffalo Sabres","Lukas Rousek","CZ","RW",20,2024,"HC Sparta Praha (Czech)",17,1,3,4,1,0,0.2,"2019","2019-Lukas Rousek"
161,"New York Rangers","Adam Edstrom","SE","C",18,2026,"Mora IK Jr. (Sweden Jr.)",79,7,6,13,-2,31,0.7,"2019","2019-Adam Edstrom"
162,"Edmonton Oilers","Tomas Mazura","CZ","C",18,NA,"Kimball Union Academy (High-NH)",0,0,0,0,0,0,0,"2019","2019-Tomas Mazura"
163,"Anaheim Ducks","William Francis","US","D",18,NA,"Cedar Rapids RoughRiders (USHL)",0,0,0,0,0,0,0,"2019","2019-William Francis"
164,"San Jose Sharks","Timur Ibragimov","RU","LW",18,NA,"SKA 1946 St. Petersburg (Russia Jr.)",0,0,0,0,0,0,0,"2019","2019-Timur Ibragimov"
165,"Philadelphia Flyers","Egor Serdyuk","RU","RW",18,NA,"Victoriaville Tigres (QMJHL)",0,0,0,0,0,0,0,"2019","2019-Egor Serdyuk"
166,"Minnesota Wild","Marshall Warren","US","D",18,2026,"USA U-18 Development Team (USDP/USHL)",2,0,2,2,1,2,0.3,"2019","2019-Marshall Warren"
168,"Florida Panthers","Greg Meireles","CA","C",20,NA,"Kitchener Rangers (OHL)",0,0,0,0,0,0,0,"2019","2019-Greg Meireles"
170,"Montreal Canadiens","Arsen Khisamutdinov","RU","C",21,NA,"Reaktor Nizhnekamsk (Russia Jr.)",0,0,0,0,0,0,0,"2019","2019-Arsen Khisamutdinov"
171,"Colorado Avalanche","Luka Burzan","CA","RW",19,NA,"Brandon Wheat Kings (WHL)",0,0,0,0,0,0,0,"2019","2019-Luka Burzan"
172,"Minnesota Wild","Nikita Nesterenko","US","C",18,2026,"Lawrenceville School (High-NJ)",48,7,8,15,-3,8,1,"2019","2019-Nikita Nesterenko"
173,"Dallas Stars","Benjamin Brinkman","US","D",18,NA,"Minnesota (Big Ten)",0,0,0,0,0,0,0,"2019","2019-Benjamin Brinkman"
174,"Arizona Coyotes","Danil Savunov","RU","LW",18,NA,"Dizel Penza (Russia-2)",0,0,0,0,0,0,0,"2019","2019-Danil Savunov"
175,"Vancouver Canucks","Karel Plasek","CZ","RW",19,NA,"HC Kometa Brno (Czech)",0,0,0,0,0,0,0,"2019","2019-Karel Plasek"
176,"Arizona Coyotes","Anthony Romano","CA","C",18,NA,"Sioux Falls Stampede (USHL)",0,0,0,0,0,0,0,"2019","2019-Anthony Romano"
177,"Detroit Red Wings","Gustav Berglund","SE","D",18,NA,"Frolunda HC Jr. (Sweden Jr.)",0,0,0,0,0,0,0,"2019","2019-Gustav Berglund"
178,"New York Islanders","Felix Bibeau","CA","C",20,NA,"Rouyn-Noranda Huskies (QMJHL)",0,0,0,0,0,0,0,"2019","2019-Felix Bibeau"
179,"Nashville Predators","Isak Walther","SE","RW",18,NA,"Sodertalje SK Jr. (Sweden Jr.)",0,0,0,0,0,0,0,"2019","2019-Isak Walther"
180,"Vancouver Canucks","Jack Malone","US","RW",18,NA,"Youngstown Phantoms (USHL)",0,0,0,0,0,0,0,"2019","2019-Jack Malone"
181,"Carolina Hurricanes","Kevin Wall","US","RW",19,NA,"Chilliwack (BCHL)",0,0,0,0,0,0,0,"2019","2019-Kevin Wall"
182,"Tampa Bay Lightning","Quinn Schmiemann","CA","D",18,NA,"Kamloops Blazers (WHL)",0,0,0,0,0,0,0,"2019","2019-Quinn Schmiemann"
183,"Carolina Hurricanes","Blake Murray","CA","C",18,NA,"Sudbury Wolves (OHL)",0,0,0,0,0,0,0,"2019","2019-Blake Murray"
184,"San Jose Sharks","Santeri Hatakka","FI","D",18,2024,"Jokerit Jr. (Finland Jr.)",21,0,4,4,0,6,0.7,"2019","2019-Santeri Hatakka"
185,"Boston Bruins","Matias Mantykivi","FI","C",18,NA,"SaiPa Jr. (Finland Jr.)",0,0,0,0,0,0,0,"2019","2019-Matias Mantykivi"
186,"Anaheim Ducks","Mathew Hill","CA","D",18,NA,"Barrie Colts (OHL)",0,0,0,0,0,0,0,"2019","2019-Mathew Hill"
187,"Ottawa Senators","Maxence Guenette","CA","D",18,2024,"Val-d'Or Foreurs (QMJHL)",8,0,0,0,-2,2,-0.1,"2019","2019-Maxence Guenette"
188,"Los Angeles Kings","Andre Lee","SE","LW",19,2025,"Sioux Falls Stampede (USHL)",19,1,2,3,-5,11,-0.1,"2019","2019-Andre Lee"
189,"New Jersey Devils","Nikola Pasic","SE","RW",18,NA,"Linkoping HC Jr. (Sweden Jr.)",0,0,0,0,0,0,0,"2019","2019-Nikola Pasic"
190,"Detroit Red Wings","Kirill Tyutyayev","RU","LW",19,NA,"Avto Yekaterinburg (Russia Jr.)",0,0,0,0,0,0,0,"2019","2019-Kirill Tyutyayev"
192,"Boston Bruins","Jake Schmaltz","US","LW",18,NA,"Chicago Steel (USHL)",0,0,0,0,0,0,0,"2019","2019-Jake Schmaltz"
193,"Edmonton Oilers","Maxim Denezhkin","RU","C",18,NA,"Loko Yaroslavl (Russia Jr.)",0,0,0,0,0,0,0,"2019","2019-Maxim Denezhkin"
194,"Chicago Blackhawks","Cole Moberg","CA","D",18,NA,"Prince George Cougars (WHL)",0,0,0,0,0,0,0,"2019","2019-Cole Moberg"
195,"Vancouver Canucks","Aidan McDonough","US","LW",19,2023,"Cedar Rapids RoughRiders (USHL)",6,1,0,1,-2,2,0,"2019","2019-Aidan McDonough"
196,"Philadelphia Flyers","Bryce Brodzinski","US","RW",19,NA,"Blaine HS (High-MN)",0,0,0,0,0,0,0,"2019","2019-Bryce Brodzinski"
198,"Tampa Bay Lightning","Mikhail Shalagin","RU","LW",20,NA,"MHK Spartak Moskva (Russia Jr.)",0,0,0,0,0,0,0,"2019","2019-Mikhail Shalagin"
199,"Florida Panthers","Matthew Wedman","CA","C",20,NA,"Seattle Thunderbirds (WHL)",0,0,0,0,0,0,0,"2019","2019-Matthew Wedman"
200,"Arizona Coyotes","Axel Bergkvist","SE","D",19,NA,"Leksands IF Jr. (Sweden Jr.)",0,0,0,0,0,0,0,"2019","2019-Axel Bergkvist"
201,"Montreal Canadiens","Rafael Harvey-Pinard","CA","LW",20,2025,"Rouyn-Noranda Huskies (QMJHL)",84,17,14,31,3,16,2.7,"2019","2019-Rafael Harvey-Pinard"
203,"Pittsburgh Penguins","Valtteri Puustinen","FI","RW",20,2025,"HPK (Finland)",66,7,17,24,2,10,1.8,"2019","2019-Valtteri Puustinen"
204,"Toronto Maple Leafs","Kalle Loponen","FI","D",18,NA,"Hermes (Finland-2)",0,0,0,0,0,0,0,"2019","2019-Kalle Loponen"
205,"New York Rangers","Eric Ciccolini","CA","RW",18,NA,"Toronto (OJHL)",0,0,0,0,0,0,0,"2019","2019-Eric Ciccolini"
206,"Montreal Canadiens","Kieran Ruscheinski","CA","D",18,NA,"Calgary Northstars Jr. AAA (AMHL)",0,0,0,0,0,0,0,"2019","2019-Kieran Ruscheinski"
207,"Arizona Coyotes","Valentin Nussbaumer","CH","C",18,NA,"Shawinigan Cataractes (QMJHL)",0,0,0,0,0,0,0,"2019","2019-Valentin Nussbaumer"
209,"New York Islanders","Cole Coskey","US","RW",20,NA,"Saginaw Spirit (OHL)",0,0,0,0,0,0,0,"2019","2019-Cole Coskey"
210,"Nashville Predators","Juuso Parssinen","FI","C",18,2026,"TPS Jr. (Finland Jr.)",149,22,34,56,-10,48,4.3,"2019","2019-Juuso Parssinen"
211,"Pittsburgh Penguins","Santeri Airola","FI","D",19,NA,"SaiPa Jr. (Finland Jr.)",0,0,0,0,0,0,0,"2019","2019-Santeri Airola"
212,"Columbus Blue Jackets","Tyler Angle","CA","C",18,2024,"Windsor Spitfires (OHL)",4,1,0,1,-3,0,0,"2019","2019-Tyler Angle"
213,"Tampa Bay Lightning","Mckade Webster","US","LW",19,NA,"Green Bay Gamblers (USHL)",0,0,0,0,0,0,0,"2019","2019-Mckade Webster"
215,"Vancouver Canucks","Arvid Costmar","SE","C",18,NA,"Linkoping HC Jr. (Sweden Jr.)",0,0,0,0,0,0,0,"2019","2019-Arvid Costmar"
216,"Carolina Hurricanes","Massimo Rizzo","CA","C",18,NA,"Penticton (BCHL)",0,0,0,0,0,0,0,"2019","2019-Massimo Rizzo"
217,"St. Louis Blues","Jeremy Michel","CA","LW",18,NA,"Val-d'Or Foreurs (QMJHL)",0,0,0,0,0,0,0,"2019","2019-Jeremy Michel"
1,"New York Rangers","Alexis Lafreniere","CA","LW",18,2026,"Rimouski Oceanic (QMJHL)",399,96,109,205,-10,160,18.9,"2020","2020-Alexis Lafreniere"
2,"Los Angeles Kings","Quinton Byfield","CA","C",18,2026,"Sudbury Wolves (OHL)",279,55,104,159,46,148,15.5,"2020","2020-Quinton Byfield"
3,"Ottawa Senators","Tim StÃ¼tzle","DE","LW",18,2026,"Adler Mannheim (Germany)",386,125,220,345,-59,185,32.7,"2020","2020-Tim StÃ¼tzle"
4,"Detroit Red Wings","Lucas Raymond","SE","LW",18,2026,"Frolunda HC (Sweden)",336,102,170,272,-73,90,24.5,"2020","2020-Lucas Raymond"
5,"Ottawa Senators","Jake Sanderson","US","D",18,2026,"USA U-18 Development Team (USDP/USHL)",255,28,112,140,-12,47,21.7,"2020","2020-Jake Sanderson"
6,"Anaheim Ducks","Jamie Drysdale","CA","D",18,2026,"Erie Otters (OHL)",235,19,59,78,-98,70,7.8,"2020","2020-Jamie Drysdale"
7,"New Jersey Devils","Alexander Holtz","SE","RW",18,2026,"Djurgardens IF (Sweden)",170,23,23,46,-30,40,2.5,"2020","2020-Alexander Holtz"
8,"Buffalo Sabres","Jack Quinn","CA","RW",18,2026,"Ottawa 67's (OHL)",196,42,63,105,-32,41,8.3,"2020","2020-Jack Quinn"
9,"Minnesota Wild","Marco Rossi","AT","C",18,2026,"Ottawa 67's (OHL)",202,49,65,114,-15,87,10.2,"2020","2020-Marco Rossi"
10,"Winnipeg Jets","Cole Perfetti","CA","C",18,2026,"Saginaw Spirit (OHL)",226,48,79,127,36,50,13,"2020","2020-Cole Perfetti"
12,"Florida Panthers","Anton Lundell","FI","C",18,2026,"HIFK (Finland)",313,64,108,172,69,151,16.9,"2020","2020-Anton Lundell"
13,"Carolina Hurricanes","Seth Jarvis","CA","C",18,2026,"Portland Winterhawks (WHL)",322,106,123,229,60,66,26.3,"2020","2020-Seth Jarvis"
14,"Edmonton Oilers","Dylan Holloway","CA","C",18,2026,"Wisconsin (Big Ten)",185,40,50,90,11,70,8.7,"2020","2020-Dylan Holloway"
15,"Toronto Maple Leafs","Rodion Amirov","RU","LW",18,NA,"Salavat Yulaev Ufa (Russia)",0,0,0,0,0,0,0,"2020","2020-Rodion Amirov"
16,"Montreal Canadiens","Kaiden Guhle","CA","D",18,2026,"Prince Albert Raiders (WHL)",174,17,43,60,-20,137,9,"2020","2020-Kaiden Guhle"
17,"Chicago Blackhawks","Lukas Reichel","DE","LW",18,2026,"Eisbaren Berlin (Germany)",185,22,37,59,-66,36,2.2,"2020","2020-Lukas Reichel"
18,"New Jersey Devils","Dawson Mercer","CA","C",18,2026,"Chicoutimi Sagueneens (QMJHL)",346,92,91,183,-17,95,17.1,"2020","2020-Dawson Mercer"
19,"New York Rangers","Braden Schneider","CA","D",18,2026,"Brandon Wheat Kings (WHL)",305,19,54,73,20,65,15,"2020","2020-Braden Schneider"
20,"New Jersey Devils","Shakir Mukhamadullin","RU","D",18,2026,"Salavat Yulaev Ufa (Russia)",41,2,12,14,-2,18,2.2,"2020","2020-Shakir Mukhamadullin"
21,"Columbus Blue Jackets","Yegor Chinakhov","RU","RW",19,2026,"Omskie Yastreby (Russia Jr.)",188,36,39,75,-42,38,4.9,"2020","2020-Yegor Chinakhov"
22,"Washington Capitals","Hendrix Lapierre","CA","C",18,2026,"Chicoutimi Sagueneens (QMJHL)",101,9,24,33,-4,14,2.2,"2020","2020-Hendrix Lapierre"
23,"Philadelphia Flyers","Tyson Foerster","CA","RW",18,2026,"Barrie Colts (OHL)",180,52,38,90,-4,103,9.2,"2020","2020-Tyson Foerster"
24,"Calgary Flames","Connor Zary","CA","C",18,2026,"Kamloops Blazers (WHL)",135,28,35,63,1,46,5.9,"2020","2020-Connor Zary"
25,"Colorado Avalanche","Justin Barron","CA","D",18,2026,"Halifax Mooseheads (QMJHL)",174,18,29,47,-26,65,7.5,"2020","2020-Justin Barron"
26,"St. Louis Blues","Jake Neighbours","CA","LW",18,2026,"Edmonton Oil Kings (WHL)",219,62,41,103,-41,107,9.4,"2020","2020-Jake Neighbours"
27,"Anaheim Ducks","Jacob Perreault","CA","RW",18,2022,"Sarnia Sting (OHL)",1,0,0,0,-1,0,-0.1,"2020","2020-Jacob Perreault"
28,"Ottawa Senators","Ridly Greig","CA","C",18,2026,"Brandon Wheat Kings (WHL)",189,30,47,77,-1,158,5.8,"2020","2020-Ridly Greig"
29,"Vegas Golden Knights","Brendan Brisson","US","C",18,2025,"Chicago Steel (USHL)",24,2,6,8,-8,2,0.2,"2020","2020-Brendan Brisson"
30,"Dallas Stars","Mavrik Bourque","CA","C",18,2026,"Shawinigan Cataractes (QMJHL)",93,13,18,31,2,10,2.3,"2020","2020-Mavrik Bourque"
31,"San Jose Sharks","Ozzy Wiesblatt","CA","RW",18,2026,"Prince Albert Raiders (WHL)",21,0,3,3,-7,17,-0.3,"2020","2020-Ozzy Wiesblatt"
32,"Detroit Red Wings","William Wallinder","SE","D",18,NA,"MODO Hockey Jr. (Sweden Jr.)",0,0,0,0,0,0,0,"2020","2020-William Wallinder"
33,"Ottawa Senators","Roby Jarventie","FI","LW",18,2024,"KOOVEE (Finland-2)",7,0,1,1,-5,4,-0.2,"2020","2020-Roby Jarventie"
34,"Buffalo Sabres","John-Jason Peterka","DE","RW",18,2026,"EHC Munchen (Germany)",256,73,90,163,-4,94,16.2,"2020","2020-John-Jason Peterka"
35,"Los Angeles Kings","Helge Grans","SE","D",18,2025,"Malmo Jr. (Sweden Jr.)",6,0,1,1,0,2,0.2,"2020","2020-Helge Grans"
36,"Anaheim Ducks","Sam Colangelo","US","RW",18,2026,"Chicago Steel (USHL)",42,12,2,14,-7,8,1.4,"2020","2020-Sam Colangelo"
37,"Minnesota Wild","Marat Khusnutdinov","RU","C",18,2026,"SKA 1946 St. Petersburg (Russia Jr.)",106,9,13,22,-14,32,0.5,"2020","2020-Marat Khusnutdinov"
38,"San Jose Sharks","Thomas Bordeleau","US","C",18,2025,"USA U-18 Development Team (USDP/USHL)",44,6,12,18,-22,18,0.7,"2020","2020-Thomas Bordeleau"
39,"Minnesota Wild","Ryan O'Rourke","CA","D",18,NA,"Soo Greyhounds (OHL)",0,0,0,0,0,0,0,"2020","2020-Ryan O'Rourke"
40,"Winnipeg Jets","Daniel Torgersson","SE","LW",18,NA,"Frolunda HC Jr. (Sweden Jr.)",0,0,0,0,0,0,0,"2020","2020-Daniel Torgersson"
41,"Carolina Hurricanes","Noel Gunler","SE","RW",18,NA,"Lulea HF (Sweden)",0,0,0,0,0,0,0,"2020","2020-Noel Gunler"
42,"Nashville Predators","Luke Evangelista","CA","RW",18,2026,"London Knights (OHL)",190,35,61,96,5,52,8.9,"2020","2020-Luke Evangelista"
43,"Florida Panthers","Emil Heineman","SE","LW",18,2026,"Leksands IF Jr. (Sweden Jr.)",84,18,12,30,2,28,3.2,"2020","2020-Emil Heineman"
44,"Ottawa Senators","Tyler Kleven","US","D",18,2026,"USA U-18 Development Team (USDP/USHL)",113,4,10,14,-20,40,2.1,"2020","2020-Tyler Kleven"
45,"Los Angeles Kings","Brock Faber","US","D",18,2026,"USA U-18 Development Team (USDP/USHL)",181,21,64,85,-6,51,14.7,"2020","2020-Brock Faber"
47,"Montreal Canadiens","Luke Tuch","US","LW",18,NA,"USA U-18 Development Team (USDP/USHL)",0,0,0,0,0,0,0,"2020","2020-Luke Tuch"
48,"Montreal Canadiens","Jan Mysak","CZ","C",18,NA,"Hamilton Bulldogs (OHL)",0,0,0,0,0,0,0,"2020","2020-Jan Mysak"
50,"Calgary Flames","Yan Kuznetsov","RU","D",18,2026,"Connecticut (H-East)",7,0,1,1,1,0,0.4,"2020","2020-Yan Kuznetsov"
51,"Detroit Red Wings","Theodor Niederbach","SE","C",18,NA,"Frolunda HC Jr. (Sweden Jr.)",0,0,0,0,0,0,0,"2020","2020-Theodor Niederbach"
53,"Carolina Hurricanes","Vasiliy Ponomarev","RU","C",18,2025,"Shawinigan Cataractes (QMJHL)",9,1,1,2,0,2,0.2,"2020","2020-Vasiliy Ponomarev"
54,"Philadelphia Flyers","Emil Andrae","SE","D",18,2026,"HV71 Jr. (Sweden Jr.)",54,1,8,9,-3,18,1.7,"2020","2020-Emil Andrae"
55,"Detroit Red Wings","Cross Hanas","US","LW",18,NA,"Portland Winterhawks (WHL)",0,0,0,0,0,0,0,"2020","2020-Cross Hanas"
56,"San Jose Sharks","Tristen Robins","GB","RW",18,2023,"Saskatoon Blades (WHL)",3,0,0,0,-1,0,-0.1,"2020","2020-Tristen Robins"
57,"Tampa Bay Lightning","Jack Finley","US","C",18,2026,"Spokane Chiefs (WHL)",7,1,1,2,2,4,0.3,"2020","2020-Jack Finley"
58,"Boston Bruins","Mason Lohrei","US","D",19,2026,"Green Bay Gamblers (USHL)",133,11,45,56,-43,36,5.8,"2020","2020-Mason Lohrei"
59,"Toronto Maple Leafs","Roni Hirvonen","FI","C",18,NA,"Assat (Finland)",0,0,0,0,0,0,0,"2020","2020-Roni Hirvonen"
60,"New York Rangers","William Cuylle","CA","LW",18,2026,"Windsor Spitfires (OHL)",186,39,37,76,3,120,7.4,"2020","2020-William Cuylle"
61,"Ottawa Senators","Egor Sokolov","RU","LW",20,2023,"Cape Breton Eagles (QMJHL)",13,1,1,2,-4,4,0,"2020","2020-Egor Sokolov"
62,"Tampa Bay Lightning","Gage Goncalves","CA","C",19,2026,"Everett Silvertips (WHL)",79,9,16,25,9,24,2,"2020","2020-Gage Goncalves"
63,"Detroit Red Wings","Donovan Sebrango","CA","D",18,2026,"Kitchener Rangers (OHL)",11,0,2,2,1,12,0.5,"2020","2020-Donovan Sebrango"
64,"Toronto Maple Leafs","Topi Niemela","FI","D",18,NA,"Karpat (Finland)",0,0,0,0,0,0,0,"2020","2020-Topi Niemela"
65,"Minnesota Wild","Daemon Hunt","CA","D",18,2026,"Moose Jaw Warriors (WHL)",18,0,2,2,1,0,0.5,"2020","2020-Daemon Hunt"
66,"Los Angeles Kings","Kasper Simontaival","FI","RW",18,NA,"Tappara Jr. (Finland Jr.)",0,0,0,0,0,0,0,"2020","2020-Kasper Simontaival"
67,"Anaheim Ducks","Ian Moore","US","D",18,2026,"St. Mark's School (High-MA)",15,1,2,3,3,12,0.7,"2020","2020-Ian Moore"
68,"Vegas Golden Knights","Lukas Cormier","CA","D",18,2024,"Charlottetown Islanders (QMJHL)",2,0,1,1,1,0,0.2,"2020","2020-Lukas Cormier"
69,"Carolina Hurricanes","Alexander Nikishin","RU","D",18,2026,"Spartak Moskva (Russia)",18,2,6,8,15,8,2.2,"2020","2020-Alexander Nikishin"
70,"Detroit Red Wings","Eemil Viro","FI","D",18,NA,"TPS (Finland)",0,0,0,0,0,0,0,"2020","2020-Eemil Viro"
72,"Calgary Flames","Jeremie Poirier","CA","D",18,NA,"Saint John Sea Dogs (QMJHL)",0,0,0,0,0,0,0,"2020","2020-Jeremie Poirier"
73,"Nashville Predators","Luke Prokop","CA","D",18,NA,"Calgary Hitmen (WHL)",0,0,0,0,0,0,0,"2020","2020-Luke Prokop"
74,"Florida Panthers","Ty Smilanic","US","C",18,NA,"USA U-18 Development Team (USDP/USHL)",0,0,0,0,0,0,0,"2020","2020-Ty Smilanic"
75,"Colorado Avalanche","Jean-Luc Foudy","CA","C",18,2024,"Windsor Spitfires (OHL)",13,1,0,1,-2,6,-0.1,"2020","2020-Jean-Luc Foudy"
76,"San Jose Sharks","Danil Gushchin","RU","LW",18,2025,"Muskegon Lumberjacks (USHL)",18,2,3,5,-6,6,0.1,"2020","2020-Danil Gushchin"
78,"Columbus Blue Jackets","Samuel Knazko","SK","D",18,2023,"TPS Jr. (Finland Jr.)",2,0,0,0,0,0,0,"2020","2020-Samuel Knazko"
79,"Chicago Blackhawks","Landon Slaggert","US","LW",18,2026,"USA U-18 Development Team (USDP/USHL)",56,4,7,11,-6,29,0.4,"2020","2020-Landon Slaggert"
80,"Calgary Flames","Jake Boltmann","US","D",18,NA,"Edina HS (High-MN)",0,0,0,0,0,0,0,"2020","2020-Jake Boltmann"
81,"Chicago Blackhawks","Wyatt Kaiser","US","D",18,2026,"Andover HS (High-MN)",116,4,17,21,3,52,5.4,"2020","2020-Wyatt Kaiser"
82,"Vancouver Canucks","Joni Jurmo","FI","D",18,NA,"Jokerit Jr. (Finland Jr.)",0,0,0,0,0,0,0,"2020","2020-Joni Jurmo"
83,"Los Angeles Kings","Alex Laferriere","US","RW",18,2026,"Des Moines Buccaneers (USHL)",177,36,39,75,8,70,7.1,"2020","2020-Alex Laferriere"
85,"Tampa Bay Lightning","Maxim Groshev","RU","RW",18,NA,"Neftekhimik Nizhnekamsk (Russia)",0,0,0,0,0,0,0,"2020","2020-Maxim Groshev"
86,"St. Louis Blues","Dylan Peterson","US","C",18,NA,"USA U-18 Development Team (USDP/USHL)",0,0,0,0,0,0,0,"2020","2020-Dylan Peterson"
87,"Florida Panthers","Justin Sourdif","CA","RW",18,2026,"Vancouver Giants (WHL)",22,3,0,3,0,4,0.2,"2020","2020-Justin Sourdif"
88,"St. Louis Blues","Leo Loof","SE","D",18,NA,"Farjestad BK Jr. (Sweden Jr.)",0,0,0,0,0,0,0,"2020","2020-Leo Loof"
89,"Boston Bruins","Trevor Kuntar","US","C",19,NA,"Youngstown Phantoms (USHL)",0,0,0,0,0,0,0,"2020","2020-Trevor Kuntar"
90,"New York Islanders","Alexander Ljungkrantz","SE","RW",18,NA,"Brynas IF Jr. (Sweden Jr.)",0,0,0,0,0,0,0,"2020","2020-Alexander Ljungkrantz"
91,"Vegas Golden Knights","Jackson Hallum","US","LW",18,NA,"St. Thomas Academy (High-MN)",0,0,0,0,0,0,0,"2020","2020-Jackson Hallum"
92,"New York Rangers","Oliver Tarnstrom","SE","C",18,NA,"AIK Jr. (Sweden Jr.)",0,0,0,0,0,0,0,"2020","2020-Oliver Tarnstrom"
93,"Tampa Bay Lightning","Jack Thompson","CA","D",18,2025,"Sudbury Wolves (OHL)",34,4,6,10,-11,10,1.1,"2020","2020-Jack Thompson"
94,"Philadelphia Flyers","Zayde Wisdom","CA","RW",18,NA,"Kingston Frontenacs (OHL)",0,0,0,0,0,0,0,"2020","2020-Zayde Wisdom"
95,"Florida Panthers","Michael Benning","CA","D",18,NA,"Sherwood Park (AJHL)",0,0,0,0,0,0,0,"2020","2020-Michael Benning"
97,"Detroit Red Wings","Sam Stange","US","RW",19,NA,"Sioux Falls Stampede (USHL)",0,0,0,0,0,0,0,"2020","2020-Sam Stange"
98,"San Jose Sharks","Brandon Coe","CA","RW",18,NA,"North Bay Battalion (OHL)",0,0,0,0,0,0,0,"2020","2020-Brandon Coe"
99,"New Jersey Devils","Jaromir Pytlik","CZ","C",18,NA,"Soo Greyhounds (OHL)",0,0,0,0,0,0,0,"2020","2020-Jaromir Pytlik"
100,"Edmonton Oilers","Carter Savoie","CA","LW",18,NA,"Sherwood Park (AJHL)",0,0,0,0,0,0,0,"2020","2020-Carter Savoie"
101,"Nashville Predators","Adam Wilsby","SE","D",20,2026,"Sodertalje SK (Sweden-2)",36,1,6,7,1,16,1.8,"2020","2020-Adam Wilsby"
102,"Montreal Canadiens","Jack Smith","US","C",18,NA,"St. Cloud Cathedral HS (High-MN)",0,0,0,0,0,0,0,"2020","2020-Jack Smith"
104,"Anaheim Ducks","Thimo Nickl","AT","D",18,NA,"Drummondville Voltigeurs (QMJHL)",0,0,0,0,0,0,0,"2020","2020-Thimo Nickl"
105,"Florida Panthers","Zachary Uens","CA","D",19,NA,"Merrimack (H-East)",0,0,0,0,0,0,0,"2020","2020-Zachary Uens"
108,"Pittsburgh Penguins","Lukas Svejkovsky","US","C",18,NA,"Medicine Hat Tigers (WHL)",0,0,0,0,0,0,0,"2020","2020-Lukas Svejkovsky"
109,"Montreal Canadiens","Blake Biondi","US","C",18,NA,"Hermantown HS (High-MN)",0,0,0,0,0,0,0,"2020","2020-Blake Biondi"
110,"Chicago Blackhawks","Michael Krutil","CZ","D",18,NA,"HC Sparta Praha Jr. (Czech Jr.)",0,0,0,0,0,0,0,"2020","2020-Michael Krutil"
111,"Arizona Coyotes","Mitchell Miller","US","D",18,NA,"Tri-City Storm (USHL)",0,0,0,0,0,0,0,"2020","2020-Mitchell Miller"
113,"Vancouver Canucks","Jackson Kunz","US","LW",18,NA,"Shattuck-St. Mary's School (High-MN)",0,0,0,0,0,0,0,"2020","2020-Jackson Kunz"
114,"Columbus Blue Jackets","Mikael Pyyhtia","FI","LW",18,2025,"TPS Jr. (Finland Jr.)",66,4,6,10,-18,8,-0.8,"2020","2020-Mikael Pyyhtia"
115,"Carolina Hurricanes","Zion Nybeck","SE","LW",18,NA,"HV71 Jr. (Sweden Jr.)",0,0,0,0,0,0,0,"2020","2020-Zion Nybeck"
116,"Tampa Bay Lightning","Eamon Powell","US","D",18,NA,"USA U-18 Development Team (USDP/USHL)",0,0,0,0,0,0,0,"2020","2020-Eamon Powell"
117,"Washington Capitals","Bogdan Trineyev","RU","RW",18,NA,"MHK Dynamo Moskva (Russia Jr.)",0,0,0,0,0,0,0,"2020","2020-Bogdan Trineyev"
118,"Colorado Avalanche","Colby Ambrosio","CA","C",18,NA,"Tri-City Storm (USHL)",0,0,0,0,0,0,0,"2020","2020-Colby Ambrosio"
119,"St. Louis Blues","Tanner Dickinson","US","C",18,NA,"Soo Greyhounds (OHL)",0,0,0,0,0,0,0,"2020","2020-Tanner Dickinson"
120,"New Jersey Devils","Ethan Edwards","CA","D",18,NA,"Spruce Grove (AJHL)",0,0,0,0,0,0,0,"2020","2020-Ethan Edwards"
121,"New York Islanders","Alex Jefferies","US","LW",18,NA,"The Gunnery (High-CT)",0,0,0,0,0,0,0,"2020","2020-Alex Jefferies"
122,"Toronto Maple Leafs","William Villeneuve","CA","D",18,NA,"Saint John Sea Dogs (QMJHL)",0,0,0,0,0,0,0,"2020","2020-William Villeneuve"
123,"Dallas Stars","Antonio Stranges","US","LW",18,NA,"London Knights (OHL)",0,0,0,0,0,0,0,"2020","2020-Antonio Stranges"
124,"Montreal Canadiens","Sean Farrell","US","C",18,2023,"Chicago Steel (USHL)",6,1,0,1,-2,0,0,"2020","2020-Sean Farrell"
126,"Edmonton Oilers","Tyler Tullio","US","RW",18,NA,"Oshawa Generals (OHL)",0,0,0,0,0,0,0,"2020","2020-Tyler Tullio"
127,"New York Rangers","Evan Vierling","CA","C",18,NA,"Barrie Colts (OHL)",0,0,0,0,0,0,0,"2020","2020-Evan Vierling"
128,"Los Angeles Kings","Martin Chromiak","SK","RW",18,NA,"Kingston Frontenacs (OHL)",0,0,0,0,0,0,0,"2020","2020-Martin Chromiak"
129,"Anaheim Ducks","Artyom Galimov","RU","LW",21,NA,"Ak Bars Kazan (Russia)",0,0,0,0,0,0,0,"2020","2020-Artyom Galimov"
130,"New Jersey Devils","Artem Shlaine","RU","C",18,NA,"Shattuck-St. Mary's School (High-MN)",0,0,0,0,0,0,0,"2020","2020-Artem Shlaine"
131,"Buffalo Sabres","Matteo Costantini","CA","C",18,NA,"Buffalo (OJHL)",0,0,0,0,0,0,0,"2020","2020-Matteo Costantini"
132,"Detroit Red Wings","Alex Cotton","CA","D",19,NA,"Lethbridge Hurricanes (WHL)",0,0,0,0,0,0,0,"2020","2020-Alex Cotton"
133,"Winnipeg Jets","Anton Johannesson","SE","D",18,NA,"HV71 Jr. (Sweden Jr.)",0,0,0,0,0,0,0,"2020","2020-Anton Johannesson"
134,"New York Rangers","Brett Berard","US","LW",18,2025,"USA U-18 Development Team (USDP/USHL)",35,6,4,10,-6,8,0.7,"2020","2020-Brett Berard"
135,"Philadelphia Flyers","Elliot Desnoyers","CA","LW",NA,2023,"Moncton Wildcats (QMJHL)",4,0,0,0,-2,0,-0.2,"2020","2020-Elliot Desnoyers"
137,"Toronto Maple Leafs","Dmitry Ovchinnikov","RU","C",18,NA,"Sibirskie Snaipery Novosibirsk (Russia Jr.)",0,0,0,0,0,0,0,"2020","2020-Dmitry Ovchinnikov"
138,"Edmonton Oilers","Maksim Berezkin","RU","LW",18,NA,"Loko Yaroslavl (Russia Jr.)",0,0,0,0,0,0,0,"2020","2020-Maksim Berezkin"
139,"Colorado Avalanche","Ryder Rolston","US","RW",18,NA,"Waterloo Black Hawks (USHL)",0,0,0,0,0,0,0,"2020","2020-Ryder Rolston"
140,"Los Angeles Kings","Ben Meehan","US","D",19,NA,"Cedar Rapids RoughRiders (USHL)",0,0,0,0,0,0,0,"2020","2020-Ben Meehan"
141,"Chicago Blackhawks","Isaak Phillips","CA","D",18,2025,"Sudbury Wolves (OHL)",56,2,10,12,-37,31,0.1,"2020","2020-Isaak Phillips"
142,"Arizona Coyotes","Carson Bantle","US","LW",18,NA,"Madison Capitols (USHL)",0,0,0,0,0,0,0,"2020","2020-Carson Bantle"
143,"Calgary Flames","Ryan Francis","CA","RW",18,NA,"Cape Breton Eagles (QMJHL)",0,0,0,0,0,0,0,"2020","2020-Ryan Francis"
144,"Vancouver Canucks","Jacob Truscott","US","D",18,NA,"USA U-18 Development Team (USDP/USHL)",0,0,0,0,0,0,0,"2020","2020-Jacob Truscott"
145,"Columbus Blue Jackets","Ole Julian Bjorgvik-Holm","NO","D",18,NA,"Mississauga Steelheads (OHL)",0,0,0,0,0,0,0,"2020","2020-Ole Julian Bjorgvik-Holm"
146,"Minnesota Wild","Pavel Novak","CZ","RW",18,NA,"Kelowna Rockets (WHL)",0,0,0,0,0,0,0,"2020","2020-Pavel Novak"
147,"Tampa Bay Lightning","Jaydon Dureau","CA","LW",19,NA,"Portland Winterhawks (WHL)",0,0,0,0,0,0,0,"2020","2020-Jaydon Dureau"
148,"Washington Capitals","Bear Hughes","US","C",19,NA,"Spokane Chiefs (WHL)",0,0,0,0,0,0,0,"2020","2020-Bear Hughes"
149,"Pittsburgh Penguins","Raivis Ansons","LV","RW",18,NA,"Baie-Comeau Drakkar (QMJHL)",0,0,0,0,0,0,0,"2020","2020-Raivis Ansons"
150,"St. Louis Blues","Matthew Kessel","US","D",20,2026,"Massachusetts (H-East)",80,2,9,11,-3,26,2.2,"2020","2020-Matthew Kessel"
151,"Boston Bruins","Mason Langenbrunner","US","D",18,NA,"Eden Priarie HS (High-MN)",0,0,0,0,0,0,0,"2020","2020-Mason Langenbrunner"
152,"New York Islanders","William Dufour","CA","RW",18,2023,"Drummondville Voltigeurs (QMJHL)",1,0,0,0,-2,0,-0.1,"2020","2020-William Dufour"
153,"Florida Panthers","Kasper Puutio","FI","D",18,NA,"Everett Silvertips (WHL)",0,0,0,0,0,0,0,"2020","2020-Kasper Puutio"
154,"Dallas Stars","Daniel Ljungman","SE","C",18,NA,"Linkoping HC Jr. (Sweden Jr.)",0,0,0,0,0,0,0,"2020","2020-Daniel Ljungman"
155,"Ottawa Senators","Eric Engstrand","SE","LW",20,NA,"Malmo Jr. (Sweden Jr.)",0,0,0,0,0,0,0,"2020","2020-Eric Engstrand"
156,"Detroit Red Wings","Kyle Aucoin","CA","D",18,NA,"Tri-City Storm (USHL)",0,0,0,0,0,0,0,"2020","2020-Kyle Aucoin"
157,"Tampa Bay Lightning","Nick Capone","US","RW",18,NA,"Tri-City Storm (USHL)",0,0,0,0,0,0,0,"2020","2020-Nick Capone"
158,"Ottawa Senators","Philippe Daoust","CA","C",18,NA,"Moncton Wildcats (QMJHL)",0,0,0,0,0,0,0,"2020","2020-Philippe Daoust"
159,"Carolina Hurricanes","Lucas Mercuri","CA","C",18,NA,"Salisbury School (High-CT)",0,0,0,0,0,0,0,"2020","2020-Lucas Mercuri"
160,"Anaheim Ducks","Albin Sundsvik","SE","C",19,NA,"Skelleftea AIK (Sweden)",0,0,0,0,0,0,0,"2020","2020-Albin Sundsvik"
161,"New Jersey Devils","Benjamin Baumgartner","AT","C",20,NA,"HC Davos (Swiss)",0,0,0,0,0,0,0,"2020","2020-Benjamin Baumgartner"
162,"Dallas Stars","Yevgeni Oksentyuk","BY","LW",19,NA,"Flint Firebirds (OHL)",0,0,0,0,0,0,0,"2020","2020-Yevgeni Oksentyuk"
164,"Winnipeg Jets","Tyrel Bauer","CA","D",18,NA,"Seattle Thunderbirds (WHL)",0,0,0,0,0,0,0,"2020","2020-Tyrel Bauer"
165,"New York Rangers","Matt Rempe","CA","C",18,2026,"Seattle Thunderbirds (WHL)",68,5,6,11,9,145,1,"2020","2020-Matt Rempe"
166,"Nashville Predators","Luke Reid","CA","D",18,NA,"Chicago Steel (USHL)",0,0,0,0,0,0,0,"2020","2020-Luke Reid"
167,"Colorado Avalanche","Nils Aman","SE","C",20,2026,"Leksands IF Jr. (Sweden Jr.)",132,8,21,29,-17,28,0.3,"2020","2020-Nils Aman"
168,"Toronto Maple Leafs","Veeti Miettinen","FI","RW",18,NA,"Kiekko-Espoo Jr. (Finland Jr.)",0,0,0,0,0,0,0,"2020","2020-Veeti Miettinen"
169,"Edmonton Oilers","Filip Engaras","SE","C",21,NA,"New Hampshire (H-East)",0,0,0,0,0,0,0,"2020","2020-Filip Engaras"
170,"Pittsburgh Penguins","Chase Yoder","US","C",18,NA,"USA U-18 Development Team (USDP/USHL)",0,0,0,0,0,0,0,"2020","2020-Chase Yoder"
171,"Montreal Canadiens","Alexander Gordin","RU","RW",19,NA,"SKA 1946 St. Petersburg (Russia Jr.)",0,0,0,0,0,0,0,"2020","2020-Alexander Gordin"
172,"Chicago Blackhawks","Chad Yetman","CA","C",20,NA,"Erie Otters (OHL)",0,0,0,0,0,0,0,"2020","2020-Chad Yetman"
173,"Arizona Coyotes","Filip Barklund","SE","C",18,NA,"Orebro HK Jr. (Sweden Jr.)",0,0,0,0,0,0,0,"2020","2020-Filip Barklund"
174,"Calgary Flames","Rory Kerins","CA","C",18,2026,"Soo Greyhounds (OHL)",7,0,4,4,2,0,0.3,"2020","2020-Rory Kerins"
175,"Vancouver Canucks","Dmitry Zlodeyev","RU","C",18,NA,"MHK Dynamo Moskva (Russia Jr.)",0,0,0,0,0,0,0,"2020","2020-Dmitry Zlodeyev"
176,"Columbus Blue Jackets","Samuel Johannesson","SE","D",19,NA,"Rogle BK (Sweden)",0,0,0,0,0,0,0,"2020","2020-Samuel Johannesson"
177,"Toronto Maple Leafs","Axel Rindell","FI","D",20,NA,"Jukurit (Finland)",0,0,0,0,0,0,0,"2020","2020-Axel Rindell"
178,"Philadelphia Flyers","Connor McClennon","CA","RW",18,NA,"Winnipeg Ice (WHL)",0,0,0,0,0,0,0,"2020","2020-Connor McClennon"
180,"Toronto Maple Leafs","Joe Miller","US","C",18,NA,"Blake School (High-MN)",0,0,0,0,0,0,0,"2020","2020-Joe Miller"
181,"Ottawa Senators","Cole Reinhardt","CA","LW",20,2026,"Brandon Wheat Kings (WHL)",29,2,2,4,-6,21,0,"2020","2020-Cole Reinhardt"
182,"Boston Bruins","Riley Duran","US","C",18,2025,"Lawrence Academy (High-MA)",2,0,0,0,-1,2,-0.1,"2020","2020-Riley Duran"
183,"New York Islanders","Matias Rajaniemi","FI","D",18,NA,"Pelicans Jr. (Finland Jr.)",0,0,0,0,0,0,0,"2020","2020-Matias Rajaniemi"
184,"Vegas Golden Knights","Noah Ellis","US","D",18,NA,"Des Moines Buccaneers (USHL)",0,0,0,0,0,0,0,"2020","2020-Noah Ellis"
187,"Detroit Red Wings","Kienan Draper","US","RW",18,NA,"St. Andrew's College (High-ON)",0,0,0,0,0,0,0,"2020","2020-Kienan Draper"
188,"Chicago Blackhawks","Louis Crevier","CA","D",19,2026,"Chicoutimi Sagueneens (QMJHL)",73,5,11,16,-15,39,2.5,"2020","2020-Louis Crevier"
189,"Toronto Maple Leafs","John Fusco","US","D",19,NA,"Dexter Southfield School (High-MA)",0,0,0,0,0,0,0,"2020","2020-John Fusco"
190,"Los Angeles Kings","Aatu Jamsen","FI","RW",18,NA,"Pelicans Jr. (Finland Jr.)",0,0,0,0,0,0,0,"2020","2020-Aatu Jamsen"
191,"Vancouver Canucks","Viktor Persson","SE","D",18,NA,"Brynas IF Jr. (Sweden Jr.)",0,0,0,0,0,0,0,"2020","2020-Viktor Persson"
192,"Arizona Coyotes","Elliot Ekefjard","SE","RW",18,NA,"IF Bjorkloven Jr. (Sweden Jr.)",0,0,0,0,0,0,0,"2020","2020-Elliot Ekefjard"
193,"Buffalo Sabres","Albert Lyckasen","SE","D",19,NA,"Linkoping HC Jr. (Sweden Jr.)",0,0,0,0,0,0,0,"2020","2020-Albert Lyckasen"
194,"St. Louis Blues","Noah Beck","CA","D",19,NA,"Fargo Force (USHL)",0,0,0,0,0,0,0,"2020","2020-Noah Beck"
195,"Toronto Maple Leafs","Wyatt Schingoethe","US","C",18,NA,"Waterloo Black Hawks (USHL)",0,0,0,0,0,0,0,"2020","2020-Wyatt Schingoethe"
196,"San Jose Sharks","Alex Young","CA","C",19,NA,"Canmore (AJHL)",0,0,0,0,0,0,0,"2020","2020-Alex Young"
198,"Florida Panthers","Elliot Ekmark","SE","C",18,NA,"Linkoping HC Jr. (Sweden Jr.)",0,0,0,0,0,0,0,"2020","2020-Elliot Ekmark"
199,"Carolina Hurricanes","Alexander Pashin","RU","RW",18,NA,"Tolpar Ufa (Russia Jr.)",0,0,0,0,0,0,0,"2020","2020-Alexander Pashin"
200,"Edmonton Oilers","Jeremias Lindewall","SE","RW",18,NA,"MODO Hockey Jr. (Sweden Jr.)",0,0,0,0,0,0,0,"2020","2020-Jeremias Lindewall"
201,"San Jose Sharks","Adam Raska","CZ","RW",18,2024,"Rimouski Oceanic (QMJHL)",13,0,0,0,1,7,-0.1,"2020","2020-Adam Raska"
202,"Nashville Predators","Gunnarwolfe Fontaine","US","LW",19,NA,"Chicago Steel (USHL)",0,0,0,0,0,0,0,"2020","2020-Gunnarwolfe Fontaine"
203,"Detroit Red Wings","Chase Bradley","US","LW",18,2025,"Omaha Lancers (USHL)",2,0,0,0,0,0,0,"2020","2020-Chase Bradley"
204,"Arizona Coyotes","Ben McCartney","CA","LW",19,2022,"Brandon Wheat Kings (WHL)",2,0,0,0,0,4,0,"2020","2020-Ben McCartney"
205,"Calgary Flames","Ilya Solovyov","BY","D",20,2026,"Saginaw Spirit (OHL)",24,0,4,4,-10,10,-0.1,"2020","2020-Ilya Solovyov"
206,"San Jose Sharks","Linus Oberg","SE","C",20,NA,"Orebro HK (Sweden)",0,0,0,0,0,0,0,"2020","2020-Linus Oberg"
207,"Anaheim Ducks","Ethan Bowen","CA","C",18,NA,"Chilliwack (BCHL)",0,0,0,0,0,0,0,"2020","2020-Ethan Bowen"
208,"Carolina Hurricanes","Ronan Seeley","CA","D",18,NA,"Everett Silvertips (WHL)",0,0,0,0,0,0,0,"2020","2020-Ronan Seeley"
209,"Nashville Predators","Chase McLane","US","C",20,NA,"Tri-City Storm (USHL)",0,0,0,0,0,0,0,"2020","2020-Chase McLane"
210,"San Jose Sharks","Timofey Spitserov","RU","RW",18,NA,"Culver Military Academy (High-IN)",0,0,0,0,0,0,0,"2020","2020-Timofey Spitserov"
211,"Washington Capitals","Oskar Magnusson","SE","LW",18,NA,"Malmo Jr. (Sweden Jr.)",0,0,0,0,0,0,0,"2020","2020-Oskar Magnusson"
213,"Toronto Maple Leafs","Ryan Tverberg","CA","C",18,NA,"Toronto (OJHL)",0,0,0,0,0,0,0,"2020","2020-Ryan Tverberg"
215,"Vegas Golden Knights","Maxim Marushev","RU","C",21,NA,"Bars Kazan (Russia-2)",0,0,0,0,0,0,0,"2020","2020-Maxim Marushev"
216,"Buffalo Sabres","Jakub Konecny","CZ","C",18,NA,"HC Sparta Praha Jr. (Czech Jr.)",0,0,0,0,0,0,0,"2020","2020-Jakub Konecny"
217,"Tampa Bay Lightning","Declan McDonnell","US","RW",18,NA,"Kitchener Rangers (OHL)",0,0,0,0,0,0,0,"2020","2020-Declan McDonnell"
1,"Buffalo Sabres","Owen Power","CA","D",18,2026,"Michigan (Big Ten)",259,21,97,118,0,74,17.4,"2021","2021-Owen Power"
2,"Seattle Kraken","Matthew Beniers","US","C",18,2026,"Michigan (Big Ten)",267,64,94,158,7,42,14.3,"2021","2021-Matthew Beniers"
3,"Anaheim Ducks","Mason Mctavish","CH","C",18,2026,"Peterborough Petes (OHL)",247,63,88,151,-39,198,12.6,"2021","2021-Mason Mctavish"
4,"New Jersey Devils","Luke Hughes","US","D",18,2026,"USA U-18 Development Team (USDP/USHL)",173,18,86,104,-34,62,13.8,"2021","2021-Luke Hughes"
5,"Columbus Blue Jackets","Kent Johnson","CA","C",18,2026,"Michigan (Big Ten)",215,48,73,121,-25,42,10.2,"2021","2021-Kent Johnson"
6,"Detroit Red Wings","Simon Edvinsson","SE","D",18,2026,"Frolunda HC Jr. (Sweden Jr.)",121,13,28,41,2,119,8.4,"2021","2021-Simon Edvinsson"
7,"San Jose Sharks","William Eklund","SE","LW",18,2026,"Djurgardens IF (Sweden)",189,40,82,122,-67,69,8.4,"2021","2021-William Eklund"
8,"Los Angeles Kings","Brandt Clarke","CA","D",18,2026,"Barrie Colts (OHL)",122,9,41,50,12,72,8.7,"2021","2021-Brandt Clarke"
9,"Arizona Coyotes","Dylan Guenther","CA","RW",18,2026,"Edmonton Oil Kings (WHL)",166,58,66,124,-11,56,13.1,"2021","2021-Dylan Guenther"
10,"Ottawa Senators","Tyler Boucher","US","RW",18,NA,"USA U-18 Development Team (USDP/USHL)",0,0,0,0,0,0,0,"2021","2021-Tyler Boucher"
12,"Columbus Blue Jackets","Cole Sillinger","US","C",18,2026,"Sioux Falls Stampede (USHL)",303,45,69,114,-57,150,5.7,"2021","2021-Cole Sillinger"
13,"Calgary Flames","Matthew Coronato","US","RW",18,2026,"Chicago Steel (USHL)",131,32,33,65,-19,43,6,"2021","2021-Matthew Coronato"
14,"Buffalo Sabres","Isak Rosen","SE","RW",18,2026,"Leksands IF (Sweden)",22,3,3,6,-7,0,0.3,"2021","2021-Isak Rosen"
16,"New York Rangers","Brennan Othmann","CA","LW",18,2026,"Flint Firebirds (OHL)",26,0,2,2,6,2,0,"2021","2021-Brennan Othmann"
17,"St. Louis Blues","Zachary Bolduc","CA","C",18,2026,"Rimouski Oceanic (QMJHL)",115,28,23,51,16,53,5.9,"2021","2021-Zachary Bolduc"
18,"Winnipeg Jets","Chaz Lucius","US","C",18,NA,"USA U-18 Development Team (USDP/USHL)",0,0,0,0,0,0,0,"2021","2021-Chaz Lucius"
19,"Nashville Predators","Fedor Svechkov","RU","C",18,2026,"Lada Togliatti (Russia-2)",69,8,10,18,-24,16,0.5,"2021","2021-Fedor Svechkov"
21,"Boston Bruins","Fabian Lysell","SE","RW",18,2025,"Lulea HF (Sweden)",12,1,2,3,-4,6,0,"2021","2021-Fabian Lysell"
22,"Edmonton Oilers","Xavier Bourgault","CA","C",18,NA,"Shawinigan Cataractes (QMJHL)",0,0,0,0,0,0,0,"2021","2021-Xavier Bourgault"
23,"Dallas Stars","Wyatt Johnston","CA","C",18,2026,"Windsor Spitfires (OHL)",265,100,98,198,18,78,21.5,"2021","2021-Wyatt Johnston"
24,"Florida Panthers","Mackie Samoskevich","US","RW",18,2026,"Chicago Steel (USHL)",97,17,23,40,-5,18,3.7,"2021","2021-Mackie Samoskevich"
25,"Columbus Blue Jackets","Corson Ceulemans","CA","D",18,NA,"Brooks (AJHL)",0,0,0,0,0,0,0,"2021","2021-Corson Ceulemans"
26,"Minnesota Wild","Carson Lambos","CA","D",18,NA,"Winnipeg Ice (WHL)",0,0,0,0,0,0,0,"2021","2021-Carson Lambos"
27,"Nashville Predators","Zachary L'Heureux","CA","LW",18,2025,"Halifax Mooseheads (QMJHL)",62,5,10,15,-6,63,0.8,"2021","2021-Zachary L'Heureux"
28,"Colorado Avalanche","Oskar Olausson","SE","RW",18,2025,"HV71 (Sweden)",4,0,0,0,0,0,-0.1,"2021","2021-Oskar Olausson"
29,"New Jersey Devils","Chase Stillman","US","RW",18,NA,"Sudbury Wolves (OHL)",0,0,0,0,0,0,0,"2021","2021-Chase Stillman"
30,"Vegas Golden Knights","Zach Dean","CA","C",18,2024,"Gatineau Olympiques (QMJHL)",9,0,0,0,-4,6,-0.3,"2021","2021-Zach Dean"
31,"Montreal Canadiens","Logan Mailloux","CA","D",18,2026,"London (GOJHL)",17,2,3,5,-16,10,-0.3,"2021","2021-Logan Mailloux"
32,"Chicago Blackhawks","Nolan Allan","CA","D",18,2025,"Prince Albert Raiders (WHL)",43,1,7,8,-13,16,0.7,"2021","2021-Nolan Allan"
33,"Buffalo Sabres","Prokhor Poltapov","RU","LW",18,NA,"Krasnaya Armiya Moskva (Russia Jr.)",0,0,0,0,0,0,0,"2021","2021-Prokhor Poltapov"
34,"Anaheim Ducks","Olen Zellweger","CA","D",18,2026,"Everett Silvertips (WHL)",106,10,24,34,5,36,6.1,"2021","2021-Olen Zellweger"
35,"Seattle Kraken","Ryker Evans","CA","D",19,2026,"Regina Pats (WHL)",114,7,29,36,-14,50,5.7,"2021","2021-Ryker Evans"
36,"Detroit Red Wings","Shai Buium","US","D",18,NA,"Sioux City Musketeers (USHL)",0,0,0,0,0,0,0,"2021","2021-Shai Buium"
37,"Arizona Coyotes","Josh Doan","US","RW",19,2026,"Chicago Steel (USHL)",80,17,23,40,1,12,4,"2021","2021-Josh Doan"
38,"Vegas Golden Knights","Daniil Chayka","RU","D",18,NA,"CSKA Moskva (Russia)",0,0,0,0,0,0,0,"2021","2021-Daniil Chayka"
39,"Ottawa Senators","Zack Ostapchuk","CA","C",18,2026,"Vancouver Giants (WHL)",64,1,3,4,-9,45,-0.7,"2021","2021-Zack Ostapchuk"
40,"Carolina Hurricanes","Scott Morrow","US","D",18,2025,"Shattuck-St. Mary's School (High-MN)",16,1,5,6,1,0,1,"2021","2021-Scott Morrow"
41,"Vancouver Canucks","Danila Klimovich","BY","RW",18,NA,"Minsk Zubry (Belarus-2)",0,0,0,0,0,0,0,"2021","2021-Danila Klimovich"
42,"Los Angeles Kings","Francesco Pinelli","CA","C",18,NA,"Kitchener Rangers (OHL)",0,0,0,0,0,0,0,"2021","2021-Francesco Pinelli"
43,"Arizona Coyotes","Ilya Fedotov","RU","LW",18,NA,"Chaika Nizhny Novgorod (Russia Jr.)",0,0,0,0,0,0,0,"2021","2021-Ilya Fedotov"
44,"Carolina Hurricanes","Aleksi Heimosalmi","FI","D",18,NA,"Assat Jr. (Finland Jr.)",0,0,0,0,0,0,0,"2021","2021-Aleksi Heimosalmi"
45,"Calgary Flames","William Stromgren","SE","LW",18,NA,"MODO Hockey (Sweden-2)",0,0,0,0,0,0,0,"2021","2021-William Stromgren"
46,"Philadelphia Flyers","Samu Tuomaala","FI","RW",18,NA,"Karpat Jr. (Finland Jr.)",0,0,0,0,0,0,0,"2021","2021-Samu Tuomaala"
47,"Dallas Stars","Logan Stankoven","CA","C",18,2026,"Kamloops Blazers (WHL)",120,25,37,62,14,35,5.9,"2021","2021-Logan Stankoven"
48,"Dallas Stars","Artem Grushnikov","RU","D",18,NA,"Krasnaya Armiya Moskva (Russia Jr.)",0,0,0,0,0,0,0,"2021","2021-Artem Grushnikov"
49,"Ottawa Senators","Ben Roger","CA","D",18,NA,"London Knights (OHL)",0,0,0,0,0,0,0,"2021","2021-Ben Roger"
50,"Winnipeg Jets","Nikita Chibrikov","RU","RW",18,2026,"SKA St. Petersburg (Russia)",13,3,1,4,1,12,0.5,"2021","2021-Nikita Chibrikov"
51,"Carolina Hurricanes","Ville Koivunen","FI","RW",18,2026,"Karpat Jr. (Finland Jr.)",19,0,9,9,-1,4,0.4,"2021","2021-Ville Koivunen"
52,"New York Islanders","Aatu Raty","FI","C",18,2026,"Karpat (Finland)",65,10,10,20,2,26,2,"2021","2021-Aatu Raty"
53,"Buffalo Sabres","Aleksandr Kisakov","RU","LW",18,NA,"MHK Dynamo Moskva (Russia Jr.)",0,0,0,0,0,0,0,"2021","2021-Aleksandr Kisakov"
54,"Minnesota Wild","Jack Peart","US","D",18,NA,"Grand Rapids HS (High-MN)",0,0,0,0,0,0,0,"2021","2021-Jack Peart"
55,"Washington Capitals","Vincent Iorio","CA","D",18,2026,"Brandon Wheat Kings (WHL)",15,0,1,1,-2,4,0.2,"2021","2021-Vincent Iorio"
56,"Florida Panthers","Evan Nause","CA","D",18,NA,"Quebec Remparts (QMJHL)",0,0,0,0,0,0,0,"2021","2021-Evan Nause"
57,"Toronto Maple Leafs","Matthew Knies","US","LW",18,2026,"Tri-City Storm (USHL)",180,49,67,116,21,98,11.7,"2021","2021-Matthew Knies"
58,"Pittsburgh Penguins","Tristan Broz","US","C",18,NA,"Fargo Force (USHL)",0,0,0,0,0,0,0,"2021","2021-Tristan Broz"
59,"Los Angeles Kings","Samuel Helenius","US","C",18,2026,"JYP (Finland)",52,4,3,7,0,25,0.4,"2021","2021-Samuel Helenius"
60,"Arizona Coyotes","Janis Moser","CH","D",21,2026,"EHC Biel-Bienne (Swiss)",274,19,71,90,-4,112,14.5,"2021","2021-Janis Moser"
61,"Colorado Avalanche","Sean Behrens","US","D",18,NA,"USA U-18 Development Team (USDP/USHL)",0,0,0,0,0,0,0,"2021","2021-Sean Behrens"
62,"Chicago Blackhawks","Colton Dach","CA","C",18,2026,"Saskatoon Blades (WHL)",43,4,7,11,-9,30,0.3,"2021","2021-Colton Dach"
63,"Montreal Canadiens","Riley Kidney","CA","C",18,NA,"Acadie-Bathurst Titan (QMJHL)",0,0,0,0,0,0,0,"2021","2021-Riley Kidney"
64,"Montreal Canadiens","Oliver Kapanen","SE","C",18,2026,"KalPa Jr. (Finland Jr.)",36,6,6,12,-5,6,0.9,"2021","2021-Oliver Kapanen"
65,"New York Rangers","Jayden Grubbe","CA","C",18,NA,"Red Deer Rebels (WHL)",0,0,0,0,0,0,0,"2021","2021-Jayden Grubbe"
66,"Anaheim Ducks","Sasha Pastujov","US","RW",18,NA,"USA U-18 Development Team (USDP/USHL)",0,0,0,0,0,0,0,"2021","2021-Sasha Pastujov"
67,"Seattle Kraken","Ryan Winterton","CA","C",18,2026,"Hamilton Bulldogs (OHL)",39,2,3,5,-12,6,-0.4,"2021","2021-Ryan Winterton"
68,"New Jersey Devils","Samu Salminen","FI","C",18,NA,"Jokerit Jr. (Finland Jr.)",0,0,0,0,0,0,0,"2021","2021-Samu Salminen"
69,"Columbus Blue Jackets","Stanislav Svozil","CZ","D",18,2023,"HC Kometa Brno (Czech)",2,0,1,1,-3,2,-0.1,"2021","2021-Stanislav Svozil"
70,"Detroit Red Wings","Carter Mazur","US","LW",19,2025,"Tri-City Storm (USHL)",1,0,0,0,0,0,0,"2021","2021-Carter Mazur"
71,"St. Louis Blues","Simon Robertsson","SE","RW",18,NA,"Skelleftea AIK (Sweden)",0,0,0,0,0,0,0,"2021","2021-Simon Robertsson"
72,"Nashville Predators","Anton Olsson","SE","D",18,NA,"Malmo (Sweden-2)",0,0,0,0,0,0,0,"2021","2021-Anton Olsson"
73,"Dallas Stars","Ayrton Martino","CA","LW",18,NA,"Omaha Lancers (USHL)",0,0,0,0,0,0,0,"2021","2021-Ayrton Martino"
74,"Ottawa Senators","Oliver Johansson","SE","LW",18,NA,"Timra IK (Sweden-2)",0,0,0,0,0,0,0,"2021","2021-Oliver Johansson"
75,"New York Rangers","Ryder Korczak","CA","C",18,NA,"Moose Jaw Warriors (WHL)",0,0,0,0,0,0,0,"2021","2021-Ryder Korczak"
76,"Anaheim Ducks","Tyson Hinds","CA","D",18,NA,"Rimouski Oceanic (QMJHL)",0,0,0,0,0,0,0,"2021","2021-Tyson Hinds"
77,"Calgary Flames","Cole Huckins","CA","C",18,NA,"Acadie-Bathurst Titan (QMJHL)",0,0,0,0,0,0,0,"2021","2021-Cole Huckins"
79,"Dallas Stars","Justin Ertel","CA","LW",18,NA,"Summerside (MJAHL)",0,0,0,0,0,0,0,"2021","2021-Justin Ertel"
80,"Washington Capitals","Brent Johnson","US","D",18,NA,"Sioux Falls Stampede (USHL)",0,0,0,0,0,0,0,"2021","2021-Brent Johnson"
82,"Winnipeg Jets","Dmitry Kuzmin","BY","D",18,NA,"Dinamo-Molodechno (Belarus)",0,0,0,0,0,0,0,"2021","2021-Dmitry Kuzmin"
84,"Los Angeles Kings","Kirill Kirsanov","RU","D",18,NA,"SKA St. Petersburg (Russia)",0,0,0,0,0,0,0,"2021","2021-Kirill Kirsanov"
85,"Boston Bruins","Brett Harrison","CA","C",18,NA,"Oshawa Generals (OHL)",0,0,0,0,0,0,0,"2021","2021-Brett Harrison"
86,"Minnesota Wild","Caedan Bankier","CA","C",18,NA,"Kamloops Blazers (WHL)",0,0,0,0,0,0,0,"2021","2021-Caedan Bankier"
87,"Montreal Canadiens","Dmitri Kostenko","RU","D",18,NA,"Lada Togliatti (Russia-2)",0,0,0,0,0,0,0,"2021","2021-Dmitri Kostenko"
88,"Buffalo Sabres","Stiven Sardarian","RU","RW",18,NA,"Krasnaya Armiya Moskva (Russia Jr.)",0,0,0,0,0,0,0,"2021","2021-Stiven Sardarian"
89,"Calgary Flames","Cameron Whynot","CA","D",18,NA,"Halifax Mooseheads (QMJHL)",0,0,0,0,0,0,0,"2021","2021-Cameron Whynot"
90,"Edmonton Oilers","Luca Munzenberger","DE","D",18,NA,"Kolner Junghaie Jr. (Germany Jr.)",0,0,0,0,0,0,0,"2021","2021-Luca Munzenberger"
91,"Chicago Blackhawks","Taige Harding","GB","D",19,NA,"Fort McMurray (AJHL)",0,0,0,0,0,0,0,"2021","2021-Taige Harding"
92,"Colorado Avalanche","Andrei Buyalsky","KZ","C",21,NA,"Dubuque Fighting Saints (USHL)",0,0,0,0,0,0,0,"2021","2021-Andrei Buyalsky"
94,"Carolina Hurricanes","Aidan Hreschuk","US","D",18,NA,"USA U-18 Development Team (USDP/USHL)",0,0,0,0,0,0,0,"2021","2021-Aidan Hreschuk"
95,"Buffalo Sabres","Josh Bloom","CA","LW",18,NA,"Saginaw Spirit (OHL)",0,0,0,0,0,0,0,"2021","2021-Josh Bloom"
96,"Tampa Bay Lightning","Roman Schmidt","US","D",18,NA,"USA U-18 Development Team (USDP/USHL)",0,0,0,0,0,0,0,"2021","2021-Roman Schmidt"
97,"Buffalo Sabres","Olivier Nadeau","CA","RW",18,NA,"Shawinigan Cataractes (QMJHL)",0,0,0,0,0,0,0,"2021","2021-Olivier Nadeau"
98,"Anaheim Ducks","Joshua Lopina","US","C",20,NA,"Massachusetts (H-East)",0,0,0,0,0,0,0,"2021","2021-Joshua Lopina"
99,"Seattle Kraken","Ville Ottavainen","FI","D",19,2025,"JYP (Finland)",1,0,1,1,0,0,0.1,"2021","2021-Ville Ottavainen"
101,"Columbus Blue Jackets","Guillaume Richard","CA","D",18,NA,"Tri-City Storm (USHL)",0,0,0,0,0,0,0,"2021","2021-Guillaume Richard"
102,"Vegas Golden Knights","Jakub Brabenec","CZ","C",18,NA,"HC Kometa Brno (Czech)",0,0,0,0,0,0,0,"2021","2021-Jakub Brabenec"
103,"San Jose Sharks","Gannon Laroque","CA","D",18,NA,"Victoria Royals (WHL)",0,0,0,0,0,0,0,"2021","2021-Gannon Laroque"
104,"New York Rangers","Brody Lamb","US","RW",18,NA,"Dodge County HS (High-MN)",0,0,0,0,0,0,0,"2021","2021-Brody Lamb"
105,"Chicago Blackhawks","Ethan Del Mastro","CA","D",18,2026,"Mississauga Steelheads (OHL)",27,2,4,6,-4,6,1.1,"2021","2021-Ethan Del Mastro"
106,"New York Rangers","Kalle Vaisanen","FI","LW",18,NA,"TPS Jr. (Finland Jr.)",0,0,0,0,0,0,0,"2021","2021-Kalle Vaisanen"
107,"Arizona Coyotes","Emil Martinsen Lilleberg","NO","D",20,2026,"Sparta Sarpsborg (Norway)",130,3,24,27,-15,156,3.3,"2021","2021-Emil Martinsen Lilleberg"
108,"Chicago Blackhawks","Victor Stjernborg","SE","C",18,NA,"Vaxjo Lakers HC (Sweden)",0,0,0,0,0,0,0,"2021","2021-Victor Stjernborg"
109,"Carolina Hurricanes","Jackson Blake","US","RW",18,2026,"Eden Priarie HS (High-MN)",99,21,26,47,12,44,4.9,"2021","2021-Jackson Blake"
110,"Philadelphia Flyers","Brian Zanetti","CH","D",18,NA,"Lugano Jr. (Swiss Jr.)",0,0,0,0,0,0,0,"2021","2021-Brian Zanetti"
111,"Dallas Stars","Conner Roulette","CA","LW",18,NA,"Seattle Thunderbirds (WHL)",0,0,0,0,0,0,0,"2021","2021-Conner Roulette"
113,"Montreal Canadiens","William Trudeau","CA","D",18,NA,"Charlottetown Islanders (QMJHL)",0,0,0,0,0,0,0,"2021","2021-William Trudeau"
114,"Detroit Red Wings","Redmond Savage","US","C",18,NA,"USA U-18 Development Team (USDP/USHL)",0,0,0,0,0,0,0,"2021","2021-Redmond Savage"
115,"Nashville Predators","Ryan Ufko","US","D",18,2025,"Chicago Steel (USHL)",1,0,0,0,0,0,0,"2021","2021-Ryan Ufko"
116,"Edmonton Oilers","Jake Chiasson","CA","C",18,NA,"Brandon Wheat Kings (WHL)",0,0,0,0,0,0,0,"2021","2021-Jake Chiasson"
118,"Minnesota Wild","Kyle Masters","CA","D",18,NA,"Red Deer Rebels (WHL)",0,0,0,0,0,0,0,"2021","2021-Kyle Masters"
119,"Washington Capitals","Joaquim Lemay","CA","D",19,NA,"Salmon Arm (BCHL)",0,0,0,0,0,0,0,"2021","2021-Joaquim Lemay"
120,"Florida Panthers","Vladislav Lukashevich","RU","D",18,NA,"Loko Yaroslavl (Russia Jr.)",0,0,0,0,0,0,0,"2021","2021-Vladislav Lukashevich"
121,"San Jose Sharks","Ethan Cardwell","CA","RW",19,2026,"Barrie Colts (OHL)",10,2,0,2,-1,4,0.2,"2021","2021-Ethan Cardwell"
123,"Ottawa Senators","Carson Latimer","CA","RW",18,NA,"Edmonton Oil Kings (WHL)",0,0,0,0,0,0,0,"2021","2021-Carson Latimer"
124,"Nashville Predators","Jack Matier","CA","D",18,NA,"Ottawa 67's (OHL)",0,0,0,0,0,0,0,"2021","2021-Jack Matier"
125,"New York Islanders","Cameron Berg","US","C",19,NA,"Muskegon Lumberjacks (USHL)",0,0,0,0,0,0,0,"2021","2021-Cameron Berg"
126,"Tampa Bay Lightning","Dylan Duke","US","LW",18,2025,"USA U-18 Development Team (USDP/USHL)",2,1,0,1,0,0,0.2,"2021","2021-Dylan Duke"
127,"Minnesota Wild","Josh Pillar","CA","C",19,NA,"Kamloops Blazers (WHL)",0,0,0,0,0,0,0,"2021","2021-Josh Pillar"
128,"Vegas Golden Knights","Jakub Demek","SK","C",18,NA,"Team Slovakia Jr. (Slovakia-2)",0,0,0,0,0,0,0,"2021","2021-Jakub Demek"
129,"New Jersey Devils","Topias Vilen","FI","D",18,NA,"Pelicans (Finland)",0,0,0,0,0,0,0,"2021","2021-Topias Vilen"
130,"Anaheim Ducks","Sean Tschigerl","CA","LW",18,NA,"Calgary Hitmen (WHL)",0,0,0,0,0,0,0,"2021","2021-Sean Tschigerl"
131,"Seattle Kraken","Jacob Melanson","CA","RW",18,2025,"Acadie-Bathurst Titan (QMJHL)",1,0,0,0,0,0,0,"2021","2021-Jacob Melanson"
132,"Columbus Blue Jackets","Nikolai Makarov","RU","D",18,NA,"Krasnaya Armiya Moskva (Russia Jr.)",0,0,0,0,0,0,0,"2021","2021-Nikolai Makarov"
133,"Columbus Blue Jackets","James Malatesta","CA","LW",18,2025,"Quebec Remparts (QMJHL)",13,2,2,4,-2,5,0.3,"2021","2021-James Malatesta"
134,"Detroit Red Wings","Liam Dower Nilsson","SE","C",18,NA,"Frolunda HC Jr. (Sweden Jr.)",0,0,0,0,0,0,0,"2021","2021-Liam Dower Nilsson"
135,"San Jose Sharks","Artem Guryev","RU","D",18,NA,"Peterborough Petes (OHL)",0,0,0,0,0,0,0,"2021","2021-Artem Guryev"
136,"Carolina Hurricanes","Robert Orr","CA","RW",18,NA,"Halifax Mooseheads (QMJHL)",0,0,0,0,0,0,0,"2021","2021-Robert Orr"
138,"Dallas Stars","Jack Bar","CA","D",18,NA,"Chicago Steel (USHL)",0,0,0,0,0,0,0,"2021","2021-Jack Bar"
139,"Arizona Coyotes","Manix Landry","US","C",18,NA,"Gatineau Olympiques (QMJHL)",0,0,0,0,0,0,0,"2021","2021-Manix Landry"
140,"Vancouver Canucks","Jonathan Myrenberg","SE","D",18,NA,"Linkoping HC Jr. (Sweden Jr.)",0,0,0,0,0,0,0,"2021","2021-Jonathan Myrenberg"
141,"Calgary Flames","Cole Jordan","CA","D",18,NA,"Moose Jaw Warriors (WHL)",0,0,0,0,0,0,0,"2021","2021-Cole Jordan"
142,"Montreal Canadiens","Daniil Sobolev","RU","D",18,NA,"MHK Spartak Moskva (Russia Jr.)",0,0,0,0,0,0,0,"2021","2021-Daniil Sobolev"
143,"Dallas Stars","Jacob Holmes","CA","D",18,NA,"Soo Greyhounds (OHL)",0,0,0,0,0,0,0,"2021","2021-Jacob Holmes"
144,"New York Rangers","Jaroslav Chmelar","CZ","RW",18,2026,"Jokerit Jr. (Finland Jr.)",2,0,0,0,-1,5,-0.1,"2021","2021-Jaroslav Chmelar"
145,"St. Louis Blues","Tyson Galloway","CA","D",18,NA,"Calgary Hitmen (WHL)",0,0,0,0,0,0,0,"2021","2021-Tyson Galloway"
146,"Winnipeg Jets","Dmitri Rashevsky","RU","RW",20,NA,"Dynamo Krasnogorsk (Russia-2)",0,0,0,0,0,0,0,"2021","2021-Dmitri Rashevsky"
147,"Carolina Hurricanes","Justin Robidas","US","C",18,2025,"Val-d'Or Foreurs (QMJHL)",2,1,1,2,1,0,0.3,"2021","2021-Justin Robidas"
149,"Boston Bruins","Oskar Jellvik","SE","LW",18,NA,"Djurgardens IF Jr. (Sweden Jr.)",0,0,0,0,0,0,0,"2021","2021-Oskar Jellvik"
150,"Montreal Canadiens","Joshua Roy","CA","RW",18,2026,"Sherbrooke Phoenix (QMJHL)",36,6,5,11,-8,2,0.7,"2021","2021-Joshua Roy"
151,"Washington Capitals","Haakon Hanelt","DE","C",18,NA,"Eisbaren Berlin (Germany)",0,0,0,0,0,0,0,"2021","2021-Haakon Hanelt"
153,"Toronto Maple Leafs","Ty Voit","US","LW",18,NA,"Sarnia Sting (OHL)",0,0,0,0,0,0,0,"2021","2021-Ty Voit"
154,"Pittsburgh Penguins","Isaac Belliveau","CA","D",18,NA,"Gatineau Olympiques (QMJHL)",0,0,0,0,0,0,0,"2021","2021-Isaac Belliveau"
155,"Detroit Red Wings","Oscar Plandowski","CA","D",18,NA,"Charlottetown Islanders (QMJHL)",0,0,0,0,0,0,0,"2021","2021-Oscar Plandowski"
156,"San Jose Sharks","Max Mccue","CA","C",18,NA,"London Knights (OHL)",0,0,0,0,0,0,0,"2021","2021-Max Mccue"
157,"New York Islanders","Eetu Liukas","FI","LW",18,NA,"TPS (Finland)",0,0,0,0,0,0,0,"2021","2021-Eetu Liukas"
158,"Philadelphia Flyers","Ty Murchison","US","D",18,NA,"USA U-18 Development Team (USDP/USHL)",0,0,0,0,0,0,0,"2021","2021-Ty Murchison"
159,"Buffalo Sabres","Viljami Marjala","FI","LW",18,NA,"Quebec Remparts (QMJHL)",0,0,0,0,0,0,0,"2021","2021-Viljami Marjala"
160,"Tampa Bay Lightning","Cameron Macdonald","CA","C",18,NA,"Saint John Sea Dogs (QMJHL)",0,0,0,0,0,0,0,"2021","2021-Cameron Macdonald"
161,"Buffalo Sabres","William Von Lofberg","SE","C",18,NA,"Malmo Jr. (Sweden Jr.)",0,0,0,0,0,0,0,"2021","2021-William Von Lofberg"
162,"Anaheim Ducks","Kyle Kukkonen","US","C",18,NA,"Maple Grove HS (High-MN)",0,0,0,0,0,0,0,"2021","2021-Kyle Kukkonen"
164,"New Jersey Devils","Viktor Hurtig","SE","D",19,NA,"Vasteras IK Jr. (Sweden Jr.)",0,0,0,0,0,0,0,"2021","2021-Viktor Hurtig"
165,"Columbus Blue Jackets","Ben Boyd","CA","LW",18,NA,"Charlottetown Islanders (QMJHL)",0,0,0,0,0,0,0,"2021","2021-Ben Boyd"
166,"Detroit Red Wings","Pasquale Zito","CA","LW",18,NA,"Windsor Spitfires (OHL)",0,0,0,0,0,0,0,"2021","2021-Pasquale Zito"
167,"San Jose Sharks","Liam Gilmartin","DE","LW",18,NA,"USA U-18 Development Team (USDP/USHL)",0,0,0,0,0,0,0,"2021","2021-Liam Gilmartin"
168,"Calgary Flames","Jack Beck","CA","RW",18,NA,"Ottawa 67's (OHL)",0,0,0,0,0,0,0,"2021","2021-Jack Beck"
169,"Vancouver Canucks","Hugo Gabrielson","SE","D",18,NA,"Frolunda HC Jr. (Sweden Jr.)",0,0,0,0,0,0,0,"2021","2021-Hugo Gabrielson"
170,"Carolina Hurricanes","Bryce Montgomery","US","D",18,NA,"London Knights (OHL)",0,0,0,0,0,0,0,"2021","2021-Bryce Montgomery"
171,"Arizona Coyotes","Cal Thomas","US","D",18,NA,"Maple Grove HS (High-MN)",0,0,0,0,0,0,0,"2021","2021-Cal Thomas"
172,"Chicago Blackhawks","Ilya Safonov","RU","C",20,NA,"Ak Bars Kazan (Russia)",0,0,0,0,0,0,0,"2021","2021-Ilya Safonov"
173,"Calgary Flames","Lucas Ciona","CA","LW",18,NA,"Seattle Thunderbirds (WHL)",0,0,0,0,0,0,0,"2021","2021-Lucas Ciona"
174,"Philadelphia Flyers","Ethan Samson","CA","D",18,NA,"Prince George Cougars (WHL)",0,0,0,0,0,0,0,"2021","2021-Ethan Samson"
175,"Dallas Stars","Francesco Arcuri","CA","C",18,NA,"Kingston Frontenacs (OHL)",0,0,0,0,0,0,0,"2021","2021-Francesco Arcuri"
176,"Washington Capitals","Dru Krebs","CA","D",18,NA,"Medicine Hat Tigers (WHL)",0,0,0,0,0,0,0,"2021","2021-Dru Krebs"
177,"San Jose Sharks","Theo Jacobsson","SE","C",18,NA,"MODO Hockey Jr. (Sweden Jr.)",0,0,0,0,0,0,0,"2021","2021-Theo Jacobsson"
178,"Vancouver Canucks","Connor Lockhart","CA","RW",18,NA,"Erie Otters (OHL)",0,0,0,0,0,0,0,"2021","2021-Connor Lockhart"
179,"Nashville Predators","Simon Knak","CH","RW",19,NA,"Portland Winterhawks (WHL)",0,0,0,0,0,0,0,"2021","2021-Simon Knak"
180,"Edmonton Oilers","Matvey Petrov","RU","LW",18,NA,"MHK Krylia Sovetov Moskva (Russia Jr.)",0,0,0,0,0,0,0,"2021","2021-Matvey Petrov"
181,"Boston Bruins","Ryan Mast","US","D",18,NA,"Sarnia Sting (OHL)",0,0,0,0,0,0,0,"2021","2021-Ryan Mast"
182,"Minnesota Wild","Nate Benoit","US","D",18,NA,"Mount St. Charles Academy (High-RI)",0,0,0,0,0,0,0,"2021","2021-Nate Benoit"
184,"Florida Panthers","Jakub Kos","CZ","LW",18,NA,"Ilves Jr. (Finland Jr.)",0,0,0,0,0,0,0,"2021","2021-Jakub Kos"
186,"Edmonton Oilers","Shane Lachance","US","LW",18,2026,"Boston (USPHL-NCDC)",1,0,0,0,0,0,0,"2021","2021-Shane Lachance"
188,"Buffalo Sabres","Nikita Novikov","RU","D",18,NA,"MHK Dynamo Moskva (Russia Jr.)",0,0,0,0,0,0,0,"2021","2021-Nikita Novikov"
189,"New York Islanders","Aleksi Malinen","FI","D",18,NA,"JYP (Finland)",0,0,0,0,0,0,0,"2021","2021-Aleksi Malinen"
190,"Vegas Golden Knights","Artur Cholach","UA","D",18,NA,"Sokol Kiev (Ukraine)",0,0,0,0,0,0,0,"2021","2021-Artur Cholach"
191,"Montreal Canadiens","Xavier Simoneau","CA","C",20,NA,"Drummondville Voltigeurs (QMJHL)",0,0,0,0,0,0,0,"2021","2021-Xavier Simoneau"
192,"Tampa Bay Lightning","Alex Gagne","US","D",19,NA,"Muskegon Lumberjacks (USHL)",0,0,0,0,0,0,0,"2021","2021-Alex Gagne"
193,"Buffalo Sabres","Tyson Kozak","CA","C",18,2026,"Portland Winterhawks (WHL)",33,5,2,7,-3,4,0.5,"2021","2021-Tyson Kozak"
194,"Pittsburgh Penguins","Ryan Mccleary","CA","D",18,NA,"Portland Winterhawks (WHL)",0,0,0,0,0,0,0,"2021","2021-Ryan Mccleary"
195,"Seattle Kraken","Justin Janicke","US","LW",18,NA,"USA U-18 Development Team (USDP/USHL)",0,0,0,0,0,0,0,"2021","2021-Justin Janicke"
196,"Tampa Bay Lightning","Daniil Pylenkov","RU","D",20,NA,"Vityaz Podolsk (Russia)",0,0,0,0,0,0,0,"2021","2021-Daniil Pylenkov"
197,"Columbus Blue Jackets","Martin Rysavy","CZ","RW",18,NA,"HC Zubr Prerov (Czech-2)",0,0,0,0,0,0,0,"2021","2021-Martin Rysavy"
198,"St. Louis Blues","Ivan Vorobyov","RU","RW",19,NA,"Mamonty Yugry (Russia Jr.)",0,0,0,0,0,0,0,"2021","2021-Ivan Vorobyov"
199,"San Jose Sharks","Evgenii Kashnikov","RU","D",18,NA,"Gatineau Olympiques (QMJHL)",0,0,0,0,0,0,0,"2021","2021-Evgenii Kashnikov"
201,"Vancouver Canucks","Lucas Forsell","SE","LW",18,NA,"Farjestad BK Jr. (Sweden Jr.)",0,0,0,0,0,0,0,"2021","2021-Lucas Forsell"
202,"Ottawa Senators","Chandler Romeo","CA","D",18,NA,"Brantford (GOJHL)",0,0,0,0,0,0,0,"2021","2021-Chandler Romeo"
203,"New Jersey Devils","Zakhar Bardakov","RU","C",20,2026,"Vityaz Podolsk (Russia)",13,1,3,4,3,0,0.4,"2021","2021-Zakhar Bardakov"
204,"Chicago Blackhawks","Connor Kelley","US","D",19,NA,"Minnesota-Duluth (NCHC)",0,0,0,0,0,0,0,"2021","2021-Connor Kelley"
206,"Philadelphia Flyers","Owen Mclaughlin","US","C",18,NA,"Mount St. Charles Academy (High-RI)",0,0,0,0,0,0,0,"2021","2021-Owen Mclaughlin"
207,"Dallas Stars","Albert Sjoberg","SE","RW",18,NA,"Sodertalje SK Jr. (Sweden Jr.)",0,0,0,0,0,0,0,"2021","2021-Albert Sjoberg"
208,"New York Rangers","Hank Kempf","US","D",19,NA,"Muskegon Lumberjacks (USHL)",0,0,0,0,0,0,0,"2021","2021-Hank Kempf"
209,"Carolina Hurricanes","Nikita Guslistov","RU","C",19,NA,"Severstal Cherepovets (Russia)",0,0,0,0,0,0,0,"2021","2021-Nikita Guslistov"
210,"Florida Panthers","Braden Hache","US","D",18,NA,"Kingston Frontenacs (OHL)",0,0,0,0,0,0,0,"2021","2021-Braden Hache"
211,"Tampa Bay Lightning","Robert Flinton","US","LW",18,NA,"St. Paul's School (High-NH)",0,0,0,0,0,0,0,"2021","2021-Robert Flinton"
212,"Edmonton Oilers","Maximus Wanner","CA","D",18,NA,"Moose Jaw Warriors (WHL)",0,0,0,0,0,0,0,"2021","2021-Maximus Wanner"
213,"Boston Bruins","Andre Gasseau","US","C",18,NA,"USA U-18 Development Team (USDP/USHL)",0,0,0,0,0,0,0,"2021","2021-Andre Gasseau"
215,"Pittsburgh Penguins","Daniel Laatsch","US","D",19,NA,"Sioux City Musketeers (USHL)",0,0,0,0,0,0,0,"2021","2021-Daniel Laatsch"
216,"Chicago Blackhawks","Jalen Luypen","CA","C",19,NA,"Edmonton Oil Kings (WHL)",0,0,0,0,0,0,0,"2021","2021-Jalen Luypen"
217,"Boston Bruins","Ty Gallagher","US","D",18,NA,"USA U-18 Development Team (USDP/USHL)",0,0,0,0,0,0,0,"2021","2021-Ty Gallagher"
218,"Pittsburgh Penguins","Kirill Tankov","RU","C",19,NA,"Ska-Varyagi im. Morozova (Russia Jr.)",0,0,0,0,0,0,0,"2021","2021-Kirill Tankov"
219,"Carolina Hurricanes","Joel Nystrom","SE","D",19,2026,"Farjestad BK (Sweden)",12,0,1,1,0,2,0.1,"2021","2021-Joel Nystrom"
220,"Colorado Avalanche","Taylor Makar","CA","LW",20,2026,"Brooks (AJHL)",2,0,0,0,0,0,0,"2021","2021-Taylor Makar"
221,"New York Islanders","Tomas Machu","CZ","D",18,NA,"Draci Sumperk (Czech-2)",0,0,0,0,0,0,0,"2021","2021-Tomas Machu"
223,"Arizona Coyotes","Samuel Lipkin","US","LW",18,NA,"Chicago Steel (USHL)",0,0,0,0,0,0,0,"2021","2021-Samuel Lipkin"
224,"Tampa Bay Lightning","Niko Huuhtanen","FI","RW",18,NA,"Tappara Jr. (Finland Jr.)",0,0,0,0,0,0,0,"2021","2021-Niko Huuhtanen"
1,"Montreal Canadiens","Juraj Slafkovsky","SK","LW",18,2026,"TPS (Finland)",218,48,72,120,-24,147,9.7,"2022","2022-Juraj Slafkovsky"
2,"New Jersey Devils","Simon Nemec","SK","D",18,2026,"HK Nitra (Slovakia)",105,9,26,35,-12,53,5.5,"2022","2022-Simon Nemec"
3,"Arizona Coyotes","Logan Cooley","US","C",18,2026,"USA U-18 Development Team (USDP/USHL)",175,53,70,123,-10,74,12.2,"2022","2022-Logan Cooley"
4,"Seattle Kraken","Shane Wright","CA","C",18,2026,"Kingston Frontenacs (OHL)",113,28,31,59,11,22,6.6,"2022","2022-Shane Wright"
5,"Philadelphia Flyers","Cutter Gauthier","SE","LW",18,2026,"USA U-18 Development Team (USDP/USHL)",101,32,34,66,17,30,7.8,"2022","2022-Cutter Gauthier"
6,"Columbus Blue Jackets","David Jiricek","CZ","D",18,2026,"HC Plzen (Czech)",71,2,11,13,-11,38,1.5,"2022","2022-David Jiricek"
7,"Chicago Blackhawks","Kevin Korchinski","CA","D",18,2025,"Seattle Thunderbirds (WHL)",92,6,11,17,-44,28,1.9,"2022","2022-Kevin Korchinski"
8,"Detroit Red Wings","Marco Kasper","AT","C",18,2026,"Rogle BK (Sweden)",96,22,18,40,-6,42,3.8,"2022","2022-Marco Kasper"
9,"Buffalo Sabres","Matthew Savoie","CA","C",18,2026,"Winnipeg Ice (WHL)",25,2,4,6,-9,0,0,"2022","2022-Matthew Savoie"
10,"Anaheim Ducks","Pavel Mintyukov","RU","D",18,2026,"Saginaw Spirit (OHL)",149,9,41,50,-23,46,6,"2022","2022-Pavel Mintyukov"
11,"Arizona Coyotes","Conor Geekie","CA","C",18,2026,"Winnipeg Ice (WHL)",58,8,7,15,-4,20,0.9,"2022","2022-Conor Geekie"
12,"Columbus Blue Jackets","Denton Mateychuk","CA","D",18,2026,"Moose Jaw Warriors (WHL)",62,8,12,20,6,22,3.7,"2022","2022-Denton Mateychuk"
13,"Chicago Blackhawks","Frank Nazar","US","C",18,2026,"USA U-18 Development Team (USDP/USHL)",72,18,21,39,-12,30,3.5,"2022","2022-Frank Nazar"
14,"Winnipeg Jets","Rutger Mcgroarty","US","RW",18,2025,"USA U-18 Development Team (USDP/USHL)",8,1,2,3,0,0,0.2,"2022","2022-Rutger Mcgroarty"
15,"Vancouver Canucks","Jonathan Lekkerimaki","SE","RW",18,2026,"Djurgardens IF (Sweden)",28,4,3,7,-6,2,0.4,"2022","2022-Jonathan Lekkerimaki"
16,"Buffalo Sabres","Noah Ostlund","SE","C",18,2026,"Djurgardens IF Jr. (Sweden Jr.)",18,1,2,3,-6,4,-0.2,"2022","2022-Noah Ostlund"
17,"Nashville Predators","Joakim Kemell","FI","RW",18,2026,"JYP (Finland)",4,0,0,0,0,0,-0.1,"2022","2022-Joakim Kemell"
18,"Dallas Stars","Lian Bichsel","CH","D",18,2026,"Leksands IF (Sweden)",57,5,7,12,7,57,2.9,"2022","2022-Lian Bichsel"
19,"Minnesota Wild","Liam Ohgren","SE","LW",18,2026,"Djurgardens IF Jr. (Sweden Jr.)",34,3,4,7,-10,2,0,"2022","2022-Liam Ohgren"
20,"Washington Capitals","Ivan Miroshnichenko","RU","LW",18,2025,"Omskie Krylia (Russia-2)",39,3,7,10,-3,6,0.5,"2022","2022-Ivan Miroshnichenko"
21,"Pittsburgh Penguins","Owen Pickering","CA","D",18,2026,"Swift Current Broncos (WHL)",29,1,2,3,-8,8,0.3,"2022","2022-Owen Pickering"
22,"Anaheim Ducks","Nathan Gaucher","CA","C",18,NA,"Quebec Remparts (QMJHL)",0,0,0,0,0,0,0,"2022","2022-Nathan Gaucher"
23,"St. Louis Blues","Jimmy Snuggerud","US","RW",18,2026,"USA U-18 Development Team (USDP/USHL)",26,6,9,15,-2,6,1.4,"2022","2022-Jimmy Snuggerud"
24,"Minnesota Wild","Danila Yurov","RU","RW",18,2026,"Metallurg Magnitogorsk (Russia)",14,2,0,2,-5,0,0,"2022","2022-Danila Yurov"
25,"Chicago Blackhawks","Sam Rinzel","US","D",18,2026,"Chaska HS (High-MN)",26,1,7,8,3,12,1.6,"2022","2022-Sam Rinzel"
26,"Montreal Canadiens","Filip Mesar","SK","RW",18,NA,"HK Poprad (Slovakia)",0,0,0,0,0,0,0,"2022","2022-Filip Mesar"
27,"San Jose Sharks","Filip Bystedt","SE","C",18,NA,"Linkoping HC Jr. (Sweden Jr.)",0,0,0,0,0,0,0,"2022","2022-Filip Bystedt"
28,"Buffalo Sabres","Jiri Kulich","CZ","C",18,2026,"HC Energie Karlovy Vary (Czech)",75,18,11,29,-9,22,2.4,"2022","2022-Jiri Kulich"
29,"Arizona Coyotes","Maveric Lamoureux","CA","D",18,2025,"Drummondville Voltigeurs (QMJHL)",15,1,2,3,3,42,0.9,"2022","2022-Maveric Lamoureux"
30,"Winnipeg Jets","Brad Lambert","FI","C",18,2026,"Pelicans (Finland)",10,1,2,3,0,4,0.2,"2022","2022-Brad Lambert"
31,"Tampa Bay Lightning","Isaac Howard","US","LW",18,2026,"USA U-18 Development Team (USDP/USHL)",17,2,1,3,-2,10,0.2,"2022","2022-Isaac Howard"
32,"Edmonton Oilers","Reid Schaefer","CA","LW",18,NA,"Seattle Thunderbirds (WHL)",0,0,0,0,0,0,0,"2022","2022-Reid Schaefer"
33,"Montreal Canadiens","Owen Beck","CA","C",18,2026,"Mississauga Steelheads (OHL)",15,0,1,1,-4,0,-0.3,"2022","2022-Owen Beck"
34,"San Jose Sharks","Cameron Lund","US","C",18,2025,"Green Bay Gamblers (USHL)",11,2,1,3,-10,4,-0.1,"2022","2022-Cameron Lund"
35,"Seattle Kraken","Jagger Firkus","CA","RW",18,NA,"Moose Jaw Warriors (WHL)",0,0,0,0,0,0,0,"2022","2022-Jagger Firkus"
36,"Arizona Coyotes","Artem Duda","RU","D",18,NA,"Krasnaya Armiya Moskva (Russia Jr.)",0,0,0,0,0,0,0,"2022","2022-Artem Duda"
37,"Washington Capitals","Ryan Chesley","US","D",18,NA,"USA U-18 Development Team (USDP/USHL)",0,0,0,0,0,0,0,"2022","2022-Ryan Chesley"
38,"Toronto Maple Leafs","Fraser Minten","CA","C",18,2026,"Kamloops Blazers (WHL)",45,6,5,11,-3,14,0.6,"2022","2022-Fraser Minten"
39,"Chicago Blackhawks","Paul Ludwinski","CA","C",18,NA,"Kingston Frontenacs (OHL)",0,0,0,0,0,0,0,"2022","2022-Paul Ludwinski"
40,"Detroit Red Wings","Dylan James","CA","LW",18,NA,"Sioux City Musketeers (USHL)",0,0,0,0,0,0,0,"2022","2022-Dylan James"
42,"Anaheim Ducks","Noah Warren","CA","D",18,NA,"Gatineau Olympiques (QMJHL)",0,0,0,0,0,0,0,"2022","2022-Noah Warren"
43,"Arizona Coyotes","Julian Lutz","DE","LW",18,NA,"EHC Munchen (Germany)",0,0,0,0,0,0,0,"2022","2022-Julian Lutz"
44,"Columbus Blue Jackets","Luca Del Bel Belluz","CA","C",18,2026,"Mississauga Steelheads (OHL)",21,3,7,10,3,0,0.9,"2022","2022-Luca Del Bel Belluz"
45,"San Jose Sharks","Mattias Havelid","SE","D",18,NA,"Linkoping HC Jr. (Sweden Jr.)",0,0,0,0,0,0,0,"2022","2022-Mattias Havelid"
46,"New Jersey Devils","Seamus Casey","US","D",18,2026,"USA U-18 Development Team (USDP/USHL)",16,4,4,8,0,0,1.5,"2022","2022-Seamus Casey"
47,"Minnesota Wild","Hunter Haight","CA","C",18,2026,"Barrie Colts (OHL)",2,0,0,0,-2,0,-0.1,"2022","2022-Hunter Haight"
48,"Vegas Golden Knights","Matyas Sapovaliv","CZ","C",18,NA,"Saginaw Spirit (OHL)",0,0,0,0,0,0,0,"2022","2022-Matyas Sapovaliv"
49,"Seattle Kraken","Jani Nyman","FI","RW",18,2026,"Ilves (Finland)",25,6,3,9,-1,8,1,"2022","2022-Jani Nyman"
50,"Dallas Stars","Christian Kyrou","CA","D",18,NA,"Erie Otters (OHL)",0,0,0,0,0,0,0,"2022","2022-Christian Kyrou"
52,"Detroit Red Wings","Dmitri Buchelnikov","RU","LW",19,NA,"SKA 1946 St. Petersburg (Russia Jr.)",0,0,0,0,0,0,0,"2022","2022-Dmitri Buchelnikov"
53,"Anaheim Ducks","Tristan Luneau","CA","D",18,2025,"Gatineau Olympiques (QMJHL)",13,1,2,3,-4,6,0.3,"2022","2022-Tristan Luneau"
54,"Boston Bruins","Matthew Poitras","CA","C",18,2025,"Guelph Storm (OHL)",66,6,20,26,-1,14,1.7,"2022","2022-Matthew Poitras"
55,"Winnipeg Jets","Elias Salomonsson","SE","D",18,NA,"Skelleftea AIK Jr. (Finland Jr.)",0,0,0,0,0,0,0,"2022","2022-Elias Salomonsson"
56,"Minnesota Wild","Rieger Lorenz","CA","LW",18,NA,"Okotoks (AJHL)",0,0,0,0,0,0,0,"2022","2022-Rieger Lorenz"
57,"Chicago Blackhawks","Ryan Greene","CA","C",18,2026,"Green Bay Gamblers (USHL)",20,2,2,4,4,2,0.3,"2022","2022-Ryan Greene"
59,"Calgary Flames","Topi Ronni","FI","C",18,NA,"Tappara Jr. (Finland Jr.)",0,0,0,0,0,0,0,"2022","2022-Topi Ronni"
60,"Carolina Hurricanes","Gleb Trikozov","RU","LW",18,NA,"Omskie Yasterby (Russia Jr.)",0,0,0,0,0,0,0,"2022","2022-Gleb Trikozov"
61,"Seattle Kraken","David Goyette","CA","C",18,NA,"Sudbury Wolves (OHL)",0,0,0,0,0,0,0,"2022","2022-David Goyette"
62,"Montreal Canadiens","Lane Hutson","US","D",18,2026,"USA U-18 Development Team (USDP/USHL)",102,7,75,82,-8,34,10.6,"2022","2022-Lane Hutson"
63,"New York Rangers","Adam Sykora","SK","LW",18,NA,"HK Nitra (Slovakia)",0,0,0,0,0,0,0,"2022","2022-Adam Sykora"
64,"Ottawa Senators","Filip Nordberg","SE","D",18,NA,"Sodertalje SK Jr. (Sweden Jr.)",0,0,0,0,0,0,0,"2022","2022-Filip Nordberg"
65,"New York Islanders","Calle Odelius","SE","D",18,NA,"Djurgardens IF Jr. (Sweden Jr.)",0,0,0,0,0,0,0,"2022","2022-Calle Odelius"
66,"Chicago Blackhawks","Gavin Hayes","US","LW",18,NA,"Flint Firebirds (OHL)",0,0,0,0,0,0,0,"2022","2022-Gavin Hayes"
67,"Arizona Coyotes","Miko Matikka","FI","RW",18,NA,"Jokerit Jr. (Finland Jr.)",0,0,0,0,0,0,0,"2022","2022-Miko Matikka"
68,"Seattle Kraken","Ty Nelson","CA","D",18,NA,"North Bay Battalion (OHL)",0,0,0,0,0,0,0,"2022","2022-Ty Nelson"
69,"Philadelphia Flyers","Devin Kaplan","US","RW",18,2025,"USA U-18 Development Team (USDP/USHL)",1,0,0,0,-1,0,-0.1,"2022","2022-Devin Kaplan"
70,"Washington Capitals","Alexander Suzdalev","RU","LW",18,NA,"HV71 Jr. (Sweden Jr.)",0,0,0,0,0,0,0,"2022","2022-Alexander Suzdalev"
71,"Carolina Hurricanes","Alexander Perevalov","RU","LW",18,NA,"Loko Yaroslavl (Russia Jr.)",0,0,0,0,0,0,0,"2022","2022-Alexander Perevalov"
72,"Ottawa Senators","Oskar Pettersson","SE","RW",18,NA,"Rogle BK Jr. (Sweden Jr.)",0,0,0,0,0,0,0,"2022","2022-Oskar Pettersson"
73,"St. Louis Blues","Aleksanteri Kaskimaki","FI","C",18,NA,"HIFK Jr. (Finland Jr.)",0,0,0,0,0,0,0,"2022","2022-Aleksanteri Kaskimaki"
74,"Buffalo Sabres","Viktor Neuchev","RU","LW",18,NA,"Avto Yekaterinburg (Russia Jr.)",0,0,0,0,0,0,0,"2022","2022-Viktor Neuchev"
75,"Montreal Canadiens","Vinzenz Rohrer","AT","C",18,NA,"Ottawa 67's (OHL)",0,0,0,0,0,0,0,"2022","2022-Vinzenz Rohrer"
76,"San Jose Sharks","Michael Fisher","US","D",18,NA,"St. Mark's School (High-MA)",0,0,0,0,0,0,0,"2022","2022-Michael Fisher"
77,"Winnipeg Jets","Danil Zhilkin","RU","C",18,NA,"Guelph Storm (OHL)",0,0,0,0,0,0,0,"2022","2022-Danil Zhilkin"
78,"New York Islanders","Quinn Finley","US","LW",18,NA,"Madison Capitols (USHL)",0,0,0,0,0,0,0,"2022","2022-Quinn Finley"
79,"Vegas Golden Knights","Jordan Gustafson","CA","C",18,NA,"Seattle Thunderbirds (WHL)",0,0,0,0,0,0,0,"2022","2022-Jordan Gustafson"
81,"Chicago Blackhawks","Samuel Savoie","CA","LW",18,NA,"Gatineau Olympiques (QMJHL)",0,0,0,0,0,0,0,"2022","2022-Samuel Savoie"
82,"Nashville Predators","Adam Ingram","CA","C",18,NA,"Youngstown Phantoms (USHL)",0,0,0,0,0,0,0,"2022","2022-Adam Ingram"
83,"Dallas Stars","George Fegaras","CA","D",18,NA,"North York (OJHL)",0,0,0,0,0,0,0,"2022","2022-George Fegaras"
84,"Nashville Predators","Kasper Kulonummi","FI","D",18,NA,"Jokerit Jr. (Finland Jr.)",0,0,0,0,0,0,0,"2022","2022-Kasper Kulonummi"
85,"Washington Capitals","Ludwig Persson","SE","LW",18,NA,"Frolunda HC Jr. (Sweden Jr.)",0,0,0,0,0,0,0,"2022","2022-Ludwig Persson"
86,"Tampa Bay Lightning","Lucas Edmonds","CA","RW",21,NA,"Kingston Frontenacs (OHL)",0,0,0,0,0,0,0,"2022","2022-Lucas Edmonds"
87,"Ottawa Senators","Tomas Hamara","CZ","D",18,NA,"Tappara Jr. (Finland Jr.)",0,0,0,0,0,0,0,"2022","2022-Tomas Hamara"
88,"St. Louis Blues","Michael Buchinger","CA","D",18,NA,"Guelph Storm (OHL)",0,0,0,0,0,0,0,"2022","2022-Michael Buchinger"
89,"Minnesota Wild","Michael Milne","CA","LW",19,2025,"Winnipeg Ice (WHL)",1,0,0,0,0,0,0,"2022","2022-Michael Milne"
90,"Chicago Blackhawks","Aidan Thompson","US","C",20,NA,"Lincoln Stars (USHK)",0,0,0,0,0,0,0,"2022","2022-Aidan Thompson"
91,"Seattle Kraken","Ben Macdonald","US","C",18,NA,"Noble & Greenough School (High-MA)",0,0,0,0,0,0,0,"2022","2022-Ben Macdonald"
92,"Montreal Canadiens","Adam Engstrom","SE","D",18,NA,"Djurgardens IF Jr. (Sweden Jr.)",0,0,0,0,0,0,0,"2022","2022-Adam Engstrom"
93,"Florida Panthers","Marek Alscher","CZ","D",18,NA,"Portland Winterhawks (WHL)",0,0,0,0,0,0,0,"2022","2022-Marek Alscher"
94,"Arizona Coyotes","Jeremy Langlois","CA","D",18,NA,"Cape Breton Eagles (QMJHL)",0,0,0,0,0,0,0,"2022","2022-Jeremy Langlois"
95,"Toronto Maple Leafs","Nicholas Moldenhauer","CA","RW",18,NA,"Chicago Steel (USHL)",0,0,0,0,0,0,0,"2022","2022-Nicholas Moldenhauer"
96,"Columbus Blue Jackets","Jordan Dumais","CA","RW",18,NA,"Halifax Mooseheads (QMJHL)",0,0,0,0,0,0,0,"2022","2022-Jordan Dumais"
97,"New York Rangers","Bryce Mcconnell-Barker","CA","C",18,NA,"Soo Greyhounds (OHL)",0,0,0,0,0,0,0,"2022","2022-Bryce Mcconnell-Barker"
98,"New York Islanders","Isaiah George","CA","D",18,2025,"London Knights (OHL)",33,1,4,5,-3,6,0.9,"2022","2022-Isaiah George"
99,"Winnipeg Jets","Garrett Brown","US","D",18,NA,"Sioux City Musketeers (USHL)",0,0,0,0,0,0,0,"2022","2022-Garrett Brown"
100,"Seattle Kraken","Tyson Jugnauth","CA","D",18,NA,"West Kelowna (BCHL)",0,0,0,0,0,0,0,"2022","2022-Tyson Jugnauth"
101,"Carolina Hurricanes","Simon Forsmark","SE","D",18,NA,"Orebro HK (Sweden)",0,0,0,0,0,0,0,"2022","2022-Simon Forsmark"
103,"Los Angeles Kings","Kenny Connors","US","C",19,NA,"Dubuque Fighting Saints (USHL)",0,0,0,0,0,0,0,"2022","2022-Kenny Connors"
104,"Ottawa Senators","Stephen Halliday","CA","C",20,NA,"Dubuque Fighting Saints (USHL)",0,0,0,0,0,0,0,"2022","2022-Stephen Halliday"
105,"Detroit Red Wings","Anton Johansson","SE","D",18,NA,"Leksands IF Jr. (Sweden Jr.)",0,0,0,0,0,0,0,"2022","2022-Anton Johansson"
106,"Buffalo Sabres","Mats Lindgren","CA","D",18,NA,"Kamloops Blazers (WHL)",0,0,0,0,0,0,0,"2022","2022-Mats Lindgren"
107,"Anaheim Ducks","Ben King","CA","C",20,NA,"Red Deer Rebels (WHL)",0,0,0,0,0,0,0,"2022","2022-Ben King"
109,"Columbus Blue Jackets","Kirill Dolzhenkov","RU","RW",18,NA,"Krasnaya Armiya Moskva (Russia Jr.)",0,0,0,0,0,0,0,"2022","2022-Kirill Dolzhenkov"
110,"New Jersey Devils","Daniil Orlov","RU","D",18,NA,"Sakhalinskiye Akuly (Russia Jr.)",0,0,0,0,0,0,0,"2022","2022-Daniil Orlov"
111,"New York Rangers","Noah Laba","US","C",19,2026,"Lincoln Stars (USHL)",19,3,3,6,4,6,0.8,"2022","2022-Noah Laba"
112,"Vancouver Canucks","Daimon Gardner","CA","C",18,NA,"Warroad HS (High-MN)",0,0,0,0,0,0,0,"2022","2022-Daimon Gardner"
113,"Detroit Red Wings","Amadeus Lombardi","CA","C",19,NA,"Flint Firebirds (OHL)",0,0,0,0,0,0,0,"2022","2022-Amadeus Lombardi"
114,"Nashville Predators","Cole O'Hara","CA","RW",20,NA,"Tri-City Storm (USHL)",0,0,0,0,0,0,0,"2022","2022-Cole O'Hara"
115,"Dallas Stars","Gavin White","CA","D",19,NA,"Hamilton Bulldogs (OHL)",0,0,0,0,0,0,0,"2022","2022-Gavin White"
116,"Los Angeles Kings","Angus Booth","CA","D",18,NA,"Shawinigan Cataractes (QMJHL)",0,0,0,0,0,0,0,"2022","2022-Angus Booth"
117,"Boston Bruins","Cole Spicer","US","C",18,NA,"USA U-18 Development Team (USDP/USHL)",0,0,0,0,0,0,0,"2022","2022-Cole Spicer"
119,"Boston Bruins","Dans Locmelis","LV","C",18,NA,"Lulea HF Jr. (Sweden Jr.)",0,0,0,0,0,0,0,"2022","2022-Dans Locmelis"
120,"St. Louis Blues","Arseni Koromyslov","RU","D",18,NA,"SKA 1946 St. Petersburg (Russia Jr.)",0,0,0,0,0,0,0,"2022","2022-Arseni Koromyslov"
121,"Minnesota Wild","Ryan Healey","US","D",18,NA,"Sioux Falls Stampede (USHL)",0,0,0,0,0,0,0,"2022","2022-Ryan Healey"
123,"Seattle Kraken","Tucker Robertson","CA","C",19,NA,"Peterborough Petes (OHL)",0,0,0,0,0,0,0,"2022","2022-Tucker Robertson"
124,"Carolina Hurricanes","Cruz Lucius","US","RW",18,NA,"USA U-18 Development Team (USDP/USHL)",0,0,0,0,0,0,0,"2022","2022-Cruz Lucius"
125,"Florida Panthers","Ludvig Jansson","SE","D",18,NA,"Sodertalje SK (Sweden-2)",0,0,0,0,0,0,0,"2022","2022-Ludvig Jansson"
126,"New Jersey Devils","Charles Leddy","US","D",18,NA,"USA U-18 Development Team (USDP/USHL)",0,0,0,0,0,0,0,"2022","2022-Charles Leddy"
127,"Montreal Canadiens","Cedrick Guindon","CA","LW",18,NA,"Owen Sound Attack (OHL)",0,0,0,0,0,0,0,"2022","2022-Cedrick Guindon"
129,"Detroit Red Wings","Maximilian Kilpinen","SE","LW",18,NA,"Orebro HK Jr. (Sweden Jr.)",0,0,0,0,0,0,0,"2022","2022-Maximilian Kilpinen"
130,"Montreal Canadiens","Jared Davidson","CA","C",20,2026,"Seattle Thunderbirds (WHL)",1,0,0,0,0,0,0,"2022","2022-Jared Davidson"
131,"Arizona Coyotes","Matthew Morden","CA","D",18,NA,"St. Andrew's College (High-ON)",0,0,0,0,0,0,0,"2022","2022-Matthew Morden"
132,"Boston Bruins","Frederic Brunet","CA","D",19,2025,"Rimouski Oceanic (QMJHL)",1,0,0,0,-1,0,-0.1,"2022","2022-Frederic Brunet"
133,"Philadelphia Flyers","Alex Bump","US","LW",18,NA,"Prior Lake HS (High-MN)",0,0,0,0,0,0,0,"2022","2022-Alex Bump"
134,"Buffalo Sabres","Vsevolod Komarov","RU","D",18,NA,"Quebec Remparts (QMJHL)",0,0,0,0,0,0,0,"2022","2022-Vsevolod Komarov"
135,"Toronto Maple Leafs","Nikita Grebenkin","RU","RW",19,2026,"Stalnye Lisy Magnitogorsk (Russia Jr.)",19,1,2,3,-6,21,-0.1,"2022","2022-Nikita Grebenkin"
136,"Ottawa Senators","Jorian Donovan","CA","D",18,NA,"Hamilton Bulldogs (OHL)",0,0,0,0,0,0,0,"2022","2022-Jorian Donovan"
137,"Detroit Red Wings","Tnias Mathurin","CA","D",18,NA,"North Bay Battalion (OHL)",0,0,0,0,0,0,0,"2022","2022-Tnias Mathurin"
139,"Anaheim Ducks","Connor Hvidston","CA","LW",18,NA,"Swift Current Broncos (WHL)",0,0,0,0,0,0,0,"2022","2022-Connor Hvidston"
140,"San Jose Sharks","Jake Furlong","CA","D",18,NA,"Halifax Mooseheads (QMJHL)",0,0,0,0,0,0,0,"2022","2022-Jake Furlong"
141,"New Jersey Devils","Petr Hauser","CZ","RW",18,NA,"HC Sparta Praha Jr. (Czech Jr.)",0,0,0,0,0,0,0,"2022","2022-Petr Hauser"
142,"New York Islanders","Matthew Maggio","CA","RW",19,NA,"Windsor Spitfires (OHL)",0,0,0,0,0,0,0,"2022","2022-Matthew Maggio"
143,"Ottawa Senators","Cameron O'Neill","US","RW",18,NA,"Mount St. Charles Academy (High-RI)",0,0,0,0,0,0,0,"2022","2022-Cameron O'Neill"
145,"Vegas Golden Knights","Patrick Guay","CA","C",20,NA,"Charlottetown Islanders (QMJHL)",0,0,0,0,0,0,0,"2022","2022-Patrick Guay"
146,"Nashville Predators","Graham Sward","CA","D",19,NA,"Spokane Chiefs (WHL)",0,0,0,0,0,0,0,"2022","2022-Graham Sward"
148,"Los Angeles Kings","Otto Salin","FI","D",18,NA,"HIFK Jr. (Finland Jr.)",0,0,0,0,0,0,0,"2022","2022-Otto Salin"
149,"Washington Capitals","Jake Karabela","CA","C",18,NA,"Guelph Storm (OHL)",0,0,0,0,0,0,0,"2022","2022-Jake Karabela"
150,"Pittsburgh Penguins","Zam Plante","DE","C",18,NA,"Hermantown HS (High-MN)",0,0,0,0,0,0,0,"2022","2022-Zam Plante"
152,"St. Louis Blues","Marc-Andre Gaudet","CA","D",18,NA,"Acadie-Bathurst Titan (QMJHL)",0,0,0,0,0,0,0,"2022","2022-Marc-Andre Gaudet"
153,"Minnesota Wild","David Spacek","US","D",19,NA,"Sherbrooke Phoenix (QMJHL)",0,0,0,0,0,0,0,"2022","2022-David Spacek"
154,"Anaheim Ducks","Michael Callow","US","RW",18,NA,"St. Sebastian's School (High-MA)",0,0,0,0,0,0,0,"2022","2022-Michael Callow"
155,"Calgary Flames","Parker Bell","CA","LW",18,NA,"Tri-City Americans (WHL)",0,0,0,0,0,0,0,"2022","2022-Parker Bell"
156,"Carolina Hurricanes","Vladimir Grudinin","RU","D",18,NA,"Krasnaya Armiya Moskva (Russia Jr.)",0,0,0,0,0,0,0,"2022","2022-Vladimir Grudinin"
157,"Florida Panthers","Sandis Vilmanis","LV","LW",18,NA,"Lulea HF Jr. (Sweden Jr.)",0,0,0,0,0,0,0,"2022","2022-Sandis Vilmanis"
159,"New York Rangers","Vittorio Mancini","US","D",20,2026,"Nebraska-Omaha (NCHC)",36,2,6,8,-11,15,0.6,"2022","2022-Vittorio Mancini"
161,"New York Rangers","Maxim Barbashev","RU","LW",18,NA,"Moncton Wildcats (QMJHL)",0,0,0,0,0,0,0,"2022","2022-Maxim Barbashev"
163,"Arizona Coyotes","Maksymilian Szuber","PL","D",20,2024,"EHC Munchen (Germany)",1,0,0,0,-1,2,-0.1,"2022","2022-Maksymilian Szuber"
164,"Seattle Kraken","Barrett Hall","US","C",18,NA,"Gentry Academy (High-MN)",0,0,0,0,0,0,0,"2022","2022-Barrett Hall"
165,"Philadelphia Flyers","Hunter Mcdonald","US","D",20,NA,"Chicago Steel (USHL)",0,0,0,0,0,0,0,"2022","2022-Hunter Mcdonald"
166,"New Jersey Devils","Josh Filmon","CA","LW",18,NA,"Swift Current Broncos (WHL)",0,0,0,0,0,0,0,"2022","2022-Josh Filmon"
167,"Pittsburgh Penguins","Nolan Collins","CA","D",18,NA,"Sudbury Wolves (OHL)",0,0,0,0,0,0,0,"2022","2022-Nolan Collins"
168,"Ottawa Senators","Theo Wallberg","SE","D",18,NA,"Skelleftea AIK Jr. (Sweden Jr.)",0,0,0,0,0,0,0,"2022","2022-Theo Wallberg"
169,"Los Angeles Kings","Jared Wright","US","RW",19,NA,"Omaha Lancers (USHL)",0,0,0,0,0,0,0,"2022","2022-Jared Wright"
170,"Buffalo Sabres","Jake Richard","US","RW",18,NA,"Muskegon Lumberjacks (USHL)",0,0,0,0,0,0,0,"2022","2022-Jake Richard"
172,"San Jose Sharks","Joey Muldowney","US","RW",18,NA,"Nichols School (High-NY)",0,0,0,0,0,0,0,"2022","2022-Joey Muldowney"
173,"Chicago Blackhawks","Dominic James","US","C",20,2026,"Minnesota-Duluth (NCHC)",9,1,3,4,1,4,0.3,"2022","2022-Dominic James"
174,"New York Islanders","Daylan Kuefler","CA","LW",20,NA,"Kamloops Blazers (WHL)",0,0,0,0,0,0,0,"2022","2022-Daylan Kuefler"
175,"Winnipeg Jets","Fabian Wagner","SE","C",18,NA,"Linkoping HC Jr. (Sweden Jr.)",0,0,0,0,0,0,0,"2022","2022-Fabian Wagner"
176,"Vancouver Canucks","Jackson Dorrington","US","D",18,NA,"Des Moines Buccaneers (USHL)",0,0,0,0,0,0,0,"2022","2022-Jackson Dorrington"
177,"Vegas Golden Knights","Ben Hemmerling","CA","RW",18,NA,"Everett Silvertips (WHL)",0,0,0,0,0,0,0,"2022","2022-Ben Hemmerling"
179,"Dallas Stars","Matthew Seminoff","US","RW",18,NA,"Kamloops Blazers (WHL)",0,0,0,0,0,0,0,"2022","2022-Matthew Seminoff"
180,"Los Angeles Kings","Jack Sparkes","CA","D",18,NA,"St. Michael's (OJHL)",0,0,0,0,0,0,0,"2022","2022-Jack Sparkes"
181,"Washington Capitals","Ryan Hofer","CA","RW",20,NA,"Everett Silvertips (WHL)",0,0,0,0,0,0,0,"2022","2022-Ryan Hofer"
182,"Pittsburgh Penguins","Luke Devlin","US","C",18,NA,"St. Andrew's College (High-ON)",0,0,0,0,0,0,0,"2022","2022-Luke Devlin"
184,"St. Louis Blues","Landon Sim","CA","RW",18,NA,"London Knights (OHL)",0,0,0,0,0,0,0,"2022","2022-Landon Sim"
185,"Minnesota Wild","Servac Petrovsky","SK","C",18,NA,"Owen Sound Attack (OHL)",0,0,0,0,0,0,0,"2022","2022-Servac Petrovsky"
186,"Florida Panthers","Josh Davies","CA","LW",18,NA,"Swift Current Broncos (WHL)",0,0,0,0,0,0,0,"2022","2022-Josh Davies"
187,"Buffalo Sabres","Gustav Karlsson","SE","C",18,NA,"Orebro HK Jr. (Sweden Jr.)",0,0,0,0,0,0,0,"2022","2022-Gustav Karlsson"
188,"Chicago Blackhawks","Nils Juntorp","SE","RW",18,NA,"HV71 Jr. (Sweden Jr.)",0,0,0,0,0,0,0,"2022","2022-Nils Juntorp"
190,"Edmonton Oilers","Nikita Yevseyev","RU","D",18,NA,"Bars Kazan (Russia-2)",0,0,0,0,0,0,0,"2022","2022-Nikita Yevseyev"
191,"New York Rangers","Zakary Karpa","US","C",20,NA,"Harvard (ECAC)",0,0,0,0,0,0,0,"2022","2022-Zakary Karpa"
192,"Tampa Bay Lightning","Connor Kurth","US","RW",19,NA,"Dubuque Fighting Saints (USHL)",0,0,0,0,0,0,0,"2022","2022-Connor Kurth"
193,"Colorado Avalanche","Chris Romaine","US","D",18,NA,"Milton Academy (High-MA)",0,0,0,0,0,0,0,"2022","2022-Chris Romaine"
194,"Montreal Canadiens","Petteri Nurmi","FI","D",20,NA,"HPK (Finland)",0,0,0,0,0,0,0,"2022","2022-Petteri Nurmi"
195,"San Jose Sharks","Eli Barnett","CA","D",18,NA,"Victoria (BCHL)",0,0,0,0,0,0,0,"2022","2022-Eli Barnett"
196,"Seattle Kraken","Kyle Jackson","CA","C",19,NA,"North Bay Battalion (OHL)",0,0,0,0,0,0,0,"2022","2022-Kyle Jackson"
197,"Philadelphia Flyers","Santeri Sulku","FI","LW",18,NA,"Jokerit Jr. (Finland Jr.)",0,0,0,0,0,0,0,"2022","2022-Santeri Sulku"
198,"New Jersey Devils","Artem Barabosha","RU","D",18,NA,"Krasnaya Armiya Moskva (Russia Jr.)",0,0,0,0,0,0,0,"2022","2022-Artem Barabosha"
199,"Chicago Blackhawks","Riku Tohila","FI","C",18,NA,"JYP Jr. (Finland Jr.)",0,0,0,0,0,0,0,"2022","2022-Riku Tohila"
200,"Boston Bruins","Jackson Edward","CA","D",18,NA,"London Knights (OHL)",0,0,0,0,0,0,0,"2022","2022-Jackson Edward"
201,"Detroit Red Wings","Owen Mehlenbacher","CA","C",18,NA,"Muskegon Lumberjacks (USHL)",0,0,0,0,0,0,0,"2022","2022-Owen Mehlenbacher"
202,"Buffalo Sabres","Joel Ratkovic Berndtsson","SE","RW",18,NA,"Frolunda HC Jr. (Sweden Jr.)",0,0,0,0,0,0,0,"2022","2022-Joel Ratkovic Berndtsson"
203,"Columbus Blue Jackets","James Fisher","US","RW",18,NA,"Belmont Hill School (High-MA)",0,0,0,0,0,0,0,"2022","2022-James Fisher"
204,"Arizona Coyotes","Adam Zlnka","SK","RW",18,NA,"Sioux Falls Stampede (USHL)",0,0,0,0,0,0,0,"2022","2022-Adam Zlnka"
205,"Carolina Hurricanes","Alexander Pelevin","RU","D",18,NA,"Chaika Nizhny Novgorod (Russia Jr.)",0,0,0,0,0,0,0,"2022","2022-Alexander Pelevin"
206,"Ottawa Senators","Tyson Dyck","CA","C",18,NA,"Cranbrook (BCHL)",0,0,0,0,0,0,0,"2022","2022-Tyson Dyck"
208,"Vancouver Canucks","Kirill Kudryavtsev","RU","D",18,2025,"Soo Greyhounds (OHL)",2,0,0,0,1,0,0.1,"2022","2022-Kirill Kudryavtsev"
209,"Vegas Golden Knights","Abram Wiebe","CA","D",19,NA,"Chilliwack (BCHL)",0,0,0,0,0,0,0,"2022","2022-Abram Wiebe"
210,"Nashville Predators","Ben Strinden","US","C",20,NA,"Muskegon Lumberjacks (USHL)",0,0,0,0,0,0,0,"2022","2022-Ben Strinden"
211,"Buffalo Sabres","Linus Sjodin","SE","C",19,NA,"Rogle BK (Sweden)",0,0,0,0,0,0,0,"2022","2022-Linus Sjodin"
212,"Detroit Red Wings","Brennan Ali","US","C",18,NA,"Avon Old Farms School (High-CT)",0,0,0,0,0,0,0,"2022","2022-Brennan Ali"
213,"Washington Capitals","David Gucciardi","CA","D",19,NA,"Michigan State (Big Ten)",0,0,0,0,0,0,0,"2022","2022-David Gucciardi"
214,"Florida Panthers","Liam Arnsby","CA","C",18,NA,"North Bay Battalion (OHL)",0,0,0,0,0,0,0,"2022","2022-Liam Arnsby"
215,"Los Angeles Kings","Kaleb Lawrence","CA","RW",19,NA,"Owen Sound Attack (OHL)",0,0,0,0,0,0,0,"2022","2022-Kaleb Lawrence"
216,"Montreal Canadiens","Miguel Tourigny","CA","D",20,NA,"Acadie-Bathurst Titan (QMJHL)",0,0,0,0,0,0,0,"2022","2022-Miguel Tourigny"
217,"San Jose Sharks","Reese Laubach","US","C",18,NA,"Northstar Christian Academy (High-MN)",0,0,0,0,0,0,0,"2022","2022-Reese Laubach"
218,"Toronto Maple Leafs","Brandon Lisowsky","CA","LW",18,NA,"Saskatoon Blades (WHL)",0,0,0,0,0,0,0,"2022","2022-Brandon Lisowsky"
219,"Calgary Flames","Cade Littler","US","C",18,NA,"Wenatchee (BCHL)",0,0,0,0,0,0,0,"2022","2022-Cade Littler"
220,"Philadelphia Flyers","Alexis Gendron","CH","RW",18,NA,"Blainville-Boisbriand Armada (QMJHL)",0,0,0,0,0,0,0,"2022","2022-Alexis Gendron"
221,"Florida Panthers","Jack Devine","US","RW",18,NA,"Denver (NCHC)",0,0,0,0,0,0,0,"2022","2022-Jack Devine"
222,"Edmonton Oilers","Joel Maatta","FI","C",20,NA,"Vermont (H-East)",0,0,0,0,0,0,0,"2022","2022-Joel Maatta"
223,"Tampa Bay Lightning","Dyllan Gill","CA","D",18,NA,"Rouyn-Noranda Huskies (QMJHL)",0,0,0,0,0,0,0,"2022","2022-Dyllan Gill"
224,"Tampa Bay Lightning","Klavs Veinbergs","LV","LW",19,NA,"HK Riga (Russia Jr.)",0,0,0,0,0,0,0,"2022","2022-Klavs Veinbergs"
1,"Chicago Blackhawks","Connor Bedard","CA","C",18,2026,"Regina Pats (WHL)",172,58,101,159,-71,120,14.1,"2023","2023-Connor Bedard"
2,"Anaheim Ducks","Leo Carlsson","SE","C",18,2026,"Orebro (Sweden)",153,43,60,103,6,53,10,"2023","2023-Leo Carlsson"
3,"Columbus Blue Jackets","Adam Fantilli","CA","C",18,2026,"Michigan (Big Ten)",153,52,46,98,-21,40,9.5,"2023","2023-Adam Fantilli"
4,"San Jose Sharks","William Smith","US","C",18,2026,"Usa U-18 (U.S. NTDP)",97,25,41,66,-10,26,6.2,"2023","2023-William Smith"
5,"Montreal Canadiens","David Reinbacher","AT","D",18,NA,"Kloten (Swiss)",0,0,0,0,0,0,0,"2023","2023-David Reinbacher"
6,"Arizona Coyotes","Dmitriy Simashev","RU","D",18,2026,"Yaroslavl Jr. (Russia-Jr.)",21,0,1,1,-8,16,-0.2,"2023","2023-Dmitriy Simashev"
7,"Philadelphia Flyers","Matvei Michkov","RU","RW",18,2026,"Ska St. Petersburg (Russia)",100,31,42,73,-20,62,6.9,"2023","2023-Matvei Michkov"
8,"Washington Capitals","Ryan Leonard","US","RW",18,2026,"Usa U-18 (U.S. NTDP)",31,6,5,11,-3,21,0.8,"2023","2023-Ryan Leonard"
9,"Detroit Red Wings","Nate Danielson","CA","C",18,2026,"Brandon Wheat Kings (WHL)",7,1,2,3,1,0,0.3,"2023","2023-Nate Danielson"
10,"St. Louis Blues","Dalibor Dvorsky","SK","C",18,2026,"Aik (Sweden-2)",14,3,1,4,-3,2,0.3,"2023","2023-Dalibor Dvorsky"
11,"Vancouver Canucks","Tom Willander","SE","D",18,2026,"Rogle Jr. (Sweden-Jr.)",13,0,3,3,-1,2,0.3,"2023","2023-Tom Willander"
12,"Arizona Coyotes","Danil But","RU","LW",18,NA,"Yaroslavl Jr. (Russia-Jr.)",0,0,0,0,0,0,0,"2023","2023-Danil But"
13,"Buffalo Sabres","Zach Benson","CA","LW",18,2026,"Winnipeg Ice (WHL)",155,21,46,67,-1,102,4.8,"2023","2023-Zach Benson"
14,"Pittsburgh Penguins","Brayden Yager","CA","C",18,NA,"Moose Jaw Warriors (WHL)",0,0,0,0,0,0,0,"2023","2023-Brayden Yager"
15,"Nashville Predators","Matthew Wood","CA","RW",18,2026,"Connecticut (H-East)",20,6,5,11,-2,2,1.3,"2023","2023-Matthew Wood"
16,"Calgary Flames","Samuel Honzek","SK","LW",18,2026,"Vancouver Giants (WHL)",23,2,2,4,0,4,0.3,"2023","2023-Samuel Honzek"
17,"Detroit Red Wings","Axel Sandin Pellikka","SE","D",18,2026,"Skelleftea Jr. (Sweden-Jr.)",22,2,4,6,-11,8,0.5,"2023","2023-Axel Sandin Pellikka"
18,"Winnipeg Jets","Colby Barlow","CA","LW",18,NA,"Owen Sound Attack (OHL)",0,0,0,0,0,0,0,"2023","2023-Colby Barlow"
19,"Chicago Blackhawks","Oliver Moore","US","C",18,2026,"Usa U-18 (U.S. NTDP)",19,2,7,9,-4,4,0.6,"2023","2023-Oliver Moore"
20,"Seattle Kraken","Eduard Sale","CZ","LW",18,NA,"Brno (Czechia)",0,0,0,0,0,0,0,"2023","2023-Eduard Sale"
21,"Minnesota Wild","Charlie Stramel","US","C",18,NA,"Wisconsin (Big Ten)",0,0,0,0,0,0,0,"2023","2023-Charlie Stramel"
22,"Philadelphia Flyers","Oliver Bonk","CA","D",18,NA,"London Knights (OHL)",0,0,0,0,0,0,0,"2023","2023-Oliver Bonk"
23,"New York Rangers","Gabriel Perreault","CA","RW",18,2026,"Usa U-18 (U.S. NTDP)",8,0,1,1,1,0,0,"2023","2023-Gabriel Perreault"
24,"Nashville Predators","Tanner Molendyk","CA","D",18,NA,"Saskatoon Blades (WHL)",0,0,0,0,0,0,0,"2023","2023-Tanner Molendyk"
25,"St. Louis Blues","Otto Stenberg","SE","C",18,NA,"Frolunda Jr. (Sweden-Jr.)",0,0,0,0,0,0,0,"2023","2023-Otto Stenberg"
26,"San Jose Sharks","Quentin Musty","US","LW",18,NA,"Sudbury Wolves (OHL)",0,0,0,0,0,0,0,"2023","2023-Quentin Musty"
27,"Colorado Avalanche","Calum Ritchie","CA","C",18,2026,"Oshawa Generals (OHL)",20,3,1,4,-5,8,0.2,"2023","2023-Calum Ritchie"
28,"Toronto Maple Leafs","Easton Cowan","CA","RW",18,2026,"London Knights (OHL)",14,1,5,6,3,4,0.4,"2023","2023-Easton Cowan"
29,"St. Louis Blues","Theo Lindstein","SE","D",18,NA,"Brynas (Sweden)",0,0,0,0,0,0,0,"2023","2023-Theo Lindstein"
30,"Carolina Hurricanes","Bradly Nadeau","CA","LW",18,2026,"Penticton (BCHL)",9,1,1,2,-2,0,0,"2023","2023-Bradly Nadeau"
31,"Colorado Avalanche","Mikhail Gulyayev","RU","D",18,NA,"Omsk Jr. (Russia-Jr.)",0,0,0,0,0,0,0,"2023","2023-Mikhail Gulyayev"
32,"Vegas Golden Knights","David Edstrom","SE","C",18,NA,"Frolunda Jr. (Sweden-Jr.)",0,0,0,0,0,0,0,"2023","2023-David Edstrom"
33,"Anaheim Ducks","Nico Myatovic","CA","LW",18,NA,"Seattle Thunderbirds (WHL)",0,0,0,0,0,0,0,"2023","2023-Nico Myatovic"
34,"Columbus Blue Jackets","Gavin Brindley","US","C",18,2026,"Michigan (Big Ten)",19,4,3,7,3,6,0.9,"2023","2023-Gavin Brindley"
36,"San Jose Sharks","Kasper Halttunen","FI","RW",18,NA,"Hifk (Finland)",0,0,0,0,0,0,0,"2023","2023-Kasper Halttunen"
37,"Tampa Bay Lightning","Ethan Gauthier","US","RW",18,NA,"Sherbrooke Phoenix (QMJHL)",0,0,0,0,0,0,0,"2023","2023-Ethan Gauthier"
39,"Buffalo Sabres","Anton Wahlberg","SE","C",18,NA,"Malmo Jr. (Sweden-Jr.)",0,0,0,0,0,0,0,"2023","2023-Anton Wahlberg"
40,"Washington Capitals","Andrew Cristall","CA","LW",18,NA,"Kelowna Rockets (WHL)",0,0,0,0,0,0,0,"2023","2023-Andrew Cristall"
42,"Detroit Red Wings","Andrew Gibson","CA","D",18,NA,"Sault Ste. Marie Greyhounds (OHL)",0,0,0,0,0,0,0,"2023","2023-Andrew Gibson"
43,"Nashville Predators","Felix Nilsson","SE","C",18,NA,"Rogle Jr. (Sweden-Jr.)",0,0,0,0,0,0,0,"2023","2023-Felix Nilsson"
44,"Chicago Blackhawks","Roman Kantserov","RU","RW",18,NA,"Magnitogorsk Jr. (Russia-Jr.)",0,0,0,0,0,0,0,"2023","2023-Roman Kantserov"
45,"Buffalo Sabres","Maxim Strbak","SK","D",18,NA,"Sioux Falls (USHL)",0,0,0,0,0,0,0,"2023","2023-Maxim Strbak"
46,"Nashville Predators","Kalan Lind","CA","LW",18,NA,"Red Deer Rebels (WHL)",0,0,0,0,0,0,0,"2023","2023-Kalan Lind"
47,"Detroit Red Wings","Brady Cleveland","US","D",18,NA,"Usa U-18 (U.S. NTDP)",0,0,0,0,0,0,0,"2023","2023-Brady Cleveland"
48,"Calgary Flames","Etienne Morin","CA","D",18,NA,"Moncton Wildcats (QMJHL)",0,0,0,0,0,0,0,"2023","2023-Etienne Morin"
49,"New York Islanders","Danny Nelson","US","C",18,NA,"Usa U-18 (U.S. NTDP)",0,0,0,0,0,0,0,"2023","2023-Danny Nelson"
50,"Seattle Kraken","Carson Rehkopf","CA","LW",18,NA,"Kitchener Rangers (OHL)",0,0,0,0,0,0,0,"2023","2023-Carson Rehkopf"
52,"Seattle Kraken","Oscar Fisker Molgaard","DK","C",18,NA,"Hv 71 (Sweden)",0,0,0,0,0,0,0,"2023","2023-Oscar Fisker Molgaard"
53,"Minnesota Wild","Rasmus Kumpulainen","FI","C",18,NA,"Pelicans Jr. (Finland-Jr.)",0,0,0,0,0,0,0,"2023","2023-Rasmus Kumpulainen"
54,"Los Angeles Kings","Jakub Dvorak","CZ","D",18,NA,"Liberec (Czechia)",0,0,0,0,0,0,0,"2023","2023-Jakub Dvorak"
55,"Chicago Blackhawks","Martin Misiak","SK","RW",18,NA,"Youngstown (USHL)",0,0,0,0,0,0,0,"2023","2023-Martin Misiak"
56,"Edmonton Oilers","Beau Akey","CA","D",18,NA,"Barrie Colts (OHL)",0,0,0,0,0,0,0,"2023","2023-Beau Akey"
57,"Seattle Kraken","Lukas Dragicevic","CA","D",18,NA,"Tri-City Americans (WHL)",0,0,0,0,0,0,0,"2023","2023-Lukas Dragicevic"
58,"New Jersey Devils","Lenni Hameenaho","FI","RW",18,NA,"Assat (Finland)",0,0,0,0,0,0,0,"2023","2023-Lenni Hameenaho"
59,"Anaheim Ducks","Carey Terrance","US","C",18,NA,"Erie Otters (OHL)",0,0,0,0,0,0,0,"2023","2023-Carey Terrance"
61,"Dallas Stars","Tristan Bertucci","CA","D",18,NA,"Flint Firebirds (OHL)",0,0,0,0,0,0,0,"2023","2023-Tristan Bertucci"
62,"Carolina Hurricanes","Felix Unger Sorum","NO","RW",18,NA,"Leksand Jr. (Sweden-Jr.)",0,0,0,0,0,0,0,"2023","2023-Felix Unger Sorum"
63,"Florida Panthers","Gracyn Sawchyn","CA","C",18,NA,"Seattle Thunderbirds (WHL)",0,0,0,0,0,0,0,"2023","2023-Gracyn Sawchyn"
64,"Minnesota Wild","Riley Heidt","CA","C",18,NA,"Prince George Cougars (WHL)",0,0,0,0,0,0,0,"2023","2023-Riley Heidt"
65,"Anaheim Ducks","Coulson Pitre","CA","RW",18,NA,"Flint Firebirds (OHL)",0,0,0,0,0,0,0,"2023","2023-Coulson Pitre"
66,"Columbus Blue Jackets","William Whitelaw","US","RW",18,NA,"Youngstown (USHL)",0,0,0,0,0,0,0,"2023","2023-William Whitelaw"
67,"Chicago Blackhawks","Nick Lardis","CA","LW",18,NA,"Hamilton Bulldogs (OHL)",0,0,0,0,0,0,0,"2023","2023-Nick Lardis"
68,"Nashville Predators","Jesse Kiiskinen","FI","RW",18,NA,"Pelicans Jr. (Finland-Jr.)",0,0,0,0,0,0,0,"2023","2023-Jesse Kiiskinen"
70,"Arizona Coyotes","Jonathan Castagna","CA","C",18,NA,"St. Andrews College (HIGH-ON)",0,0,0,0,0,0,0,"2023","2023-Jonathan Castagna"
71,"San Jose Sharks","Brandon Svoboda","US","C",18,NA,"Youngstown (USHL)",0,0,0,0,0,0,0,"2023","2023-Brandon Svoboda"
72,"Arizona Coyotes","Noel Nordh","SE","LW",18,NA,"Brynas Jr. (Sweden-Jr.)",0,0,0,0,0,0,0,"2023","2023-Noel Nordh"
73,"Detroit Red Wings","Noah Dower Nilsson","SE","LW",18,NA,"Frolunda Jr. (Sweden-Jr.)",0,0,0,0,0,0,0,"2023","2023-Noah Dower Nilsson"
74,"St. Louis Blues","Quinton Burns","CA","D",18,NA,"Kingston Frontenacs (OHL)",0,0,0,0,0,0,0,"2023","2023-Quinton Burns"
75,"Vancouver Canucks","Hunter Brzustewicz","US","D",18,2025,"Kitchener Rangers (OHL)",1,0,0,0,2,2,0.2,"2023","2023-Hunter Brzustewicz"
76,"St. Louis Blues","Juraj Pekarcik","SK","LW",18,NA,"Nitra (Slovakia)",0,0,0,0,0,0,0,"2023","2023-Juraj Pekarcik"
77,"Vegas Golden Knights","Mathieu Cataford","CA","C",18,NA,"Halifax Mooseheads (QMJHL)",0,0,0,0,0,0,0,"2023","2023-Mathieu Cataford"
78,"Los Angeles Kings","Koehn Ziemmer","CA","RW",18,NA,"Prince George Cougars (WHL)",0,0,0,0,0,0,0,"2023","2023-Koehn Ziemmer"
79,"Dallas Stars","Brad Gardiner","CA","C",18,NA,"Ottawa 67's (OHL)",0,0,0,0,0,0,0,"2023","2023-Brad Gardiner"
80,"Calgary Flames","Aydar Suniev","RU","LW",18,2025,"Penticton (BCHL)",1,0,0,0,2,0,0.1,"2023","2023-Aydar Suniev"
81,"Arizona Coyotes","Tanner Ludtke","US","C",18,NA,"Lincoln (USHL)",0,0,0,0,0,0,0,"2023","2023-Tanner Ludtke"
82,"Winnipeg Jets","Zach Nehring","US","RW",18,NA,"Shattuck-St. Mary'S (High-MN)",0,0,0,0,0,0,0,"2023","2023-Zach Nehring"
83,"Nashville Predators","Dylan Mackinnon","CA","D",18,NA,"Halifax Mooseheads (QMJHL)",0,0,0,0,0,0,0,"2023","2023-Dylan Mackinnon"
84,"Seattle Kraken","Caden Price","CA","D",18,NA,"Kelowna Rockets (WHL)",0,0,0,0,0,0,0,"2023","2023-Caden Price"
85,"Anaheim Ducks","Yegor Sidorov","BY","RW",19,NA,"Saskatoon Blades (WHL)",0,0,0,0,0,0,0,"2023","2023-Yegor Sidorov"
86,"Buffalo Sabres","Gavin Mccarthy","US","D",18,NA,"Muskegon (USHL)",0,0,0,0,0,0,0,"2023","2023-Gavin Mccarthy"
88,"Arizona Coyotes","Vadim Moroz","BY","RW",19,NA,"Minsk (Russia)",0,0,0,0,0,0,0,"2023","2023-Vadim Moroz"
89,"Vancouver Canucks","Sawyer Mynio","CA","D",18,NA,"Seattle Thunderbirds (WHL)",0,0,0,0,0,0,0,"2023","2023-Sawyer Mynio"
90,"New York Rangers","Drew Fortescue","US","D",18,NA,"Usa U-18 (U.S. NTDP)",0,0,0,0,0,0,0,"2023","2023-Drew Fortescue"
91,"Pittsburgh Penguins","Emil Pieniniemi","FI","D",18,NA,"Karpat Jr. (Finland-Jr.)",0,0,0,0,0,0,0,"2023","2023-Emil Pieniniemi"
92,"Boston Bruins","Christopher Pelosi","US","C",18,NA,"Sioux Falls (USHL)",0,0,0,0,0,0,0,"2023","2023-Christopher Pelosi"
93,"Chicago Blackhawks","Jiri Felcman","CZ","C",18,NA,"Langnau Jr. (SWISS-JR.)",0,0,0,0,0,0,0,"2023","2023-Jiri Felcman"
94,"Carolina Hurricanes","Jayden Perron","CA","RW",18,NA,"Chicago (USHL)",0,0,0,0,0,0,0,"2023","2023-Jayden Perron"
95,"Philadelphia Flyers","Denver Barkey","CA","C",18,NA,"London Knights (OHL)",0,0,0,0,0,0,0,"2023","2023-Denver Barkey"
96,"Vegas Golden Knights","Arttu Karki","FI","D",18,NA,"Tappara Jr. (Finland-Jr.)",0,0,0,0,0,0,0,"2023","2023-Arttu Karki"
97,"Anaheim Ducks","Konnor Smith","CA","D",18,NA,"Peterborough Petes (OHL)",0,0,0,0,0,0,0,"2023","2023-Konnor Smith"
98,"Columbus Blue Jackets","Andrew Strathmann","US","D",18,NA,"Youngstown (USHL)",0,0,0,0,0,0,0,"2023","2023-Andrew Strathmann"
99,"Chicago Blackhawks","Alex Pharand","CA","C",18,NA,"Sudbury Wolves (OHL)",0,0,0,0,0,0,0,"2023","2023-Alex Pharand"
100,"Carolina Hurricanes","Alexander Rykov","RU","RW",18,NA,"Chelmet (RUSSIA-2)",0,0,0,0,0,0,0,"2023","2023-Alexander Rykov"
101,"Montreal Canadiens","Florian Xhekaj","CA","LW",19,2026,"Hamilton Bulldogs (OHL)",1,0,1,1,1,7,0.1,"2023","2023-Florian Xhekaj"
102,"Arizona Coyotes","Terrell Goldsmith","CA","D",18,NA,"Prince Albert Raiders (WHL)",0,0,0,0,0,0,0,"2023","2023-Terrell Goldsmith"
103,"Philadelphia Flyers","Cole Knuble","US","C",19,NA,"Fargo (USHL)",0,0,0,0,0,0,0,"2023","2023-Cole Knuble"
104,"Washington Capitals","Patrick Thomas","CA","C",19,NA,"Hamilton Bulldogs (OHL)",0,0,0,0,0,0,0,"2023","2023-Patrick Thomas"
105,"Vancouver Canucks","Ty Mueller","CA","C",20,2025,"Nebraska-Omaha (NCHC)",2,0,0,0,0,2,0,"2023","2023-Ty Mueller"
106,"St. Louis Blues","Jakub Stancl","CZ","C",18,NA,"Vaxjo Jr. (Sweden-Jr.)",0,0,0,0,0,0,0,"2023","2023-Jakub Stancl"
107,"Vancouver Canucks","Vilmer Alriksson","SE","LW",18,NA,"Djurgarden Jr. (Sweden-Jr.)",0,0,0,0,0,0,0,"2023","2023-Vilmer Alriksson"
108,"Ottawa Senators","Hoyt Stanley","CA","D",18,NA,"Victoria (BCHL)",0,0,0,0,0,0,0,"2023","2023-Hoyt Stanley"
109,"Buffalo Sabres","Ethan Miedema","CA","LW",18,NA,"Kingston Frontenacs (OHL)",0,0,0,0,0,0,0,"2023","2023-Ethan Miedema"
110,"Montreal Canadiens","Bogdan Konyushkov","RU","D",20,NA,"Nizhny Novgorod (Russia)",0,0,0,0,0,0,0,"2023","2023-Bogdan Konyushkov"
111,"Nashville Predators","Joey Willis","US","C",18,NA,"Saginaw Spirit (OHL)",0,0,0,0,0,0,0,"2023","2023-Joey Willis"
112,"Calgary Flames","Jaden Lipinski","US","C",18,NA,"Vancouver Giants (WHL)",0,0,0,0,0,0,0,"2023","2023-Jaden Lipinski"
113,"New York Islanders","Jesse Nurmi","FI","LW",18,NA,"Kookoo Jr. (Finland-Jr.)",0,0,0,0,0,0,0,"2023","2023-Jesse Nurmi"
114,"Columbus Blue Jackets","Luca Pinelli","CA","C",18,NA,"Ottawa 67's (OHL)",0,0,0,0,0,0,0,"2023","2023-Luca Pinelli"
115,"Tampa Bay Lightning","Jayson Shaugabay","US","RW",18,NA,"Warroad (High-MN)",0,0,0,0,0,0,0,"2023","2023-Jayson Shaugabay"
116,"Seattle Kraken","Andrei Loshko","BY","C",18,NA,"Chicoutimi Sagueneens (QMJHL)",0,0,0,0,0,0,0,"2023","2023-Andrei Loshko"
117,"Detroit Red Wings","Larry Keenan","CA","D",18,NA,"Culver Academy (High-IN)",0,0,0,0,0,0,0,"2023","2023-Larry Keenan"
119,"Vancouver Canucks","Matthew Perkins","CA","C",19,NA,"Youngstown (USHL)",0,0,0,0,0,0,0,"2023","2023-Matthew Perkins"
120,"Philadelphia Flyers","Alex Ciernik","DE","LW",18,NA,"Sodertalje (Sweden-2)",0,0,0,0,0,0,0,"2023","2023-Alex Ciernik"
122,"New Jersey Devils","Cam Squires","CA","RW",18,NA,"Cape Breton Screaming Eagles (QMJHL)",0,0,0,0,0,0,0,"2023","2023-Cam Squires"
123,"San Jose Sharks","Luca Cagnoni","CA","D",18,2025,"Portland Winter Hawks (WHL)",6,0,2,2,-4,8,0,"2023","2023-Luca Cagnoni"
124,"Boston Bruins","Beckett Hendrickson","US","C",18,NA,"Usa U-18 (U.S. NTDP)",0,0,0,0,0,0,0,"2023","2023-Beckett Hendrickson"
125,"Dallas Stars","Aram Minnetian","US","D",18,NA,"Usa U-18 (U.S. NTDP)",0,0,0,0,0,0,0,"2023","2023-Aram Minnetian"
126,"Carolina Hurricanes","Stanislav Yarovoi","RU","RW",20,NA,"Vityaz (Russia)",0,0,0,0,0,0,0,"2023","2023-Stanislav Yarovoi"
127,"Florida Panthers","Albert Wikman","SE","D",18,NA,"Farjestad Jr. (Sweden-Jr.)",0,0,0,0,0,0,0,"2023","2023-Albert Wikman"
129,"Anaheim Ducks","Rodwin Dionicio","US","D",19,NA,"Windsor Spitfires (OHL)",0,0,0,0,0,0,0,"2023","2023-Rodwin Dionicio"
130,"San Jose Sharks","Axel Landen","SE","D",18,NA,"Hv 71 Jr. (Sweden-Jr.)",0,0,0,0,0,0,0,"2023","2023-Axel Landen"
131,"Chicago Blackhawks","Marcel Marcel","CZ","LW",19,NA,"Gatineau Olympiques (QMJHL)",0,0,0,0,0,0,0,"2023","2023-Marcel Marcel"
132,"San Jose Sharks","Eric Pohlkamp","US","D",19,NA,"Cedar Rapids (USHL)",0,0,0,0,0,0,0,"2023","2023-Eric Pohlkamp"
133,"Montreal Canadiens","Sam Harris","US","LW",19,NA,"Sioux Falls (USHL)",0,0,0,0,0,0,0,"2023","2023-Sam Harris"
135,"Philadelphia Flyers","Carter Sotheran","CA","D",18,NA,"Portland Winter Hawks (WHL)",0,0,0,0,0,0,0,"2023","2023-Carter Sotheran"
136,"Washington Capitals","Cameron Allen","CA","D",18,NA,"Guelph Storm (OHL)",0,0,0,0,0,0,0,"2023","2023-Cameron Allen"
137,"Detroit Red Wings","Jack Phelan","US","D",19,NA,"Sioux Falls (USHL)",0,0,0,0,0,0,0,"2023","2023-Jack Phelan"
138,"St. Louis Blues","Paul Fischer","US","D",18,NA,"Usa U-18 (U.S. NTDP)",0,0,0,0,0,0,0,"2023","2023-Paul Fischer"
139,"Carolina Hurricanes","Charles-Alexis Legault","CA","D",20,2026,"Quinnipiac (ECAC)",8,1,1,2,4,10,0.6,"2023","2023-Charles-Alexis Legault"
140,"Ottawa Senators","Matthew Andonovski","CA","D",18,NA,"Kitchener Rangers (OHL)",0,0,0,0,0,0,0,"2023","2023-Matthew Andonovski"
142,"Pittsburgh Penguins","Mikhail Ilyin","RU","RW",18,NA,"Cherepovets Jr. (Russia-Jr.)",0,0,0,0,0,0,0,"2023","2023-Mikhail Ilyin"
143,"Nashville Predators","Sutter Muzzatti","US","C",20,NA,"RPI (ECAC)",0,0,0,0,0,0,0,"2023","2023-Sutter Muzzatti"
145,"New York Islanders","Justin Gill","CA","C",20,NA,"Sherbrooke Phoenix (QMJHL)",0,0,0,0,0,0,0,"2023","2023-Justin Gill"
146,"Winnipeg Jets","Jacob Julien","CA","C",19,NA,"London Knights (OHL)",0,0,0,0,0,0,0,"2023","2023-Jacob Julien"
147,"Detroit Red Wings","Kevin Bicker","DE","LW",18,NA,"Mannheim Jr. (Germany-Jr.)",0,0,0,0,0,0,0,"2023","2023-Kevin Bicker"
148,"Seattle Kraken","Kaden Hammell","CA","D",18,NA,"Everett Silvertips (WHL)",0,0,0,0,0,0,0,"2023","2023-Kaden Hammell"
149,"Minnesota Wild","Aaron Pionk","US","D",20,NA,"Waterloo (USHL)",0,0,0,0,0,0,0,"2023","2023-Aaron Pionk"
150,"Los Angeles Kings","Matthew Mania","US","D",18,NA,"Sudbury Wolves (OHL)",0,0,0,0,0,0,0,"2023","2023-Matthew Mania"
152,"New York Rangers","Rasmus Larsson","SE","D",19,NA,"Vasteras Jr. (Sweden-Jr.)",0,0,0,0,0,0,0,"2023","2023-Rasmus Larsson"
153,"Toronto Maple Leafs","Hudson Malinoski","CA","C",19,NA,"Brooks (AJHL)",0,0,0,0,0,0,0,"2023","2023-Hudson Malinoski"
154,"New Jersey Devils","Chase Cheslock","US","D",18,NA,"Rogers (High-MN)",0,0,0,0,0,0,0,"2023","2023-Chase Cheslock"
155,"Colorado Avalanche","Nikita Ishimnikov","RU","D",18,NA,"Yekaterinburg Jr. (Russia-Jr.)",0,0,0,0,0,0,0,"2023","2023-Nikita Ishimnikov"
160,"Arizona Coyotes","Justin Kipkie","CA","D",18,NA,"Victoria Royals (WHL)",0,0,0,0,0,0,0,"2023","2023-Justin Kipkie"
161,"Anaheim Ducks","Vojtech Port","CZ","D",18,NA,"Edmonton Oil Kings (WHL)",0,0,0,0,0,0,0,"2023","2023-Vojtech Port"
162,"Arizona Coyotes","Samu Bau","FI","C",19,NA,"Ilves (Finland)",0,0,0,0,0,0,0,"2023","2023-Samu Bau"
163,"Carolina Hurricanes","Timur Mukhanov","RU","LW",18,NA,"Omsk Jr. (Russia-Jr.)",0,0,0,0,0,0,0,"2023","2023-Timur Mukhanov"
164,"New Jersey Devils","Cole Brown","CA","LW",18,NA,"Hamilton Bulldogs (OHL)",0,0,0,0,0,0,0,"2023","2023-Cole Brown"
165,"Montreal Canadiens","Filip Eriksson","SE","C",18,NA,"Vaxjo Jr. (Sweden-Jr.)",0,0,0,0,0,0,0,"2023","2023-Filip Eriksson"
167,"Chicago Blackhawks","Milton Oscarson","SE","C",20,NA,"Orebro (Sweden)",0,0,0,0,0,0,0,"2023","2023-Milton Oscarson"
170,"St. Louis Blues","Matthew Mayich","CA","D",18,NA,"Ottawa 67's (OHL)",0,0,0,0,0,0,0,"2023","2023-Matthew Mayich"
171,"Vancouver Canucks","Aiden Celebrini","CA","D",18,NA,"Brooks (AJHL)",0,0,0,0,0,0,0,"2023","2023-Aiden Celebrini"
172,"Philadelphia Flyers","Ryan Macpherson","CA","C",18,NA,"Leamington (GOJHL)",0,0,0,0,0,0,0,"2023","2023-Ryan Macpherson"
173,"Buffalo Sabres","Sean Keohane","US","D",18,NA,"Dexter School (High-MA)",0,0,0,0,0,0,0,"2023","2023-Sean Keohane"
174,"Pittsburgh Penguins","Cooper Foster","CA","C",18,NA,"Ottawa 67's (OHL)",0,0,0,0,0,0,0,"2023","2023-Cooper Foster"
175,"Nashville Predators","Austin Roest","CH","C",19,NA,"Everett Silvertips (WHL)",0,0,0,0,0,0,0,"2023","2023-Austin Roest"
177,"New York Islanders","Zachary Schulz","US","D",18,NA,"Usa U-18 (U.S. NTDP)",0,0,0,0,0,0,0,"2023","2023-Zachary Schulz"
178,"New York Rangers","Dylan Roobroeck","CA","C",19,NA,"Oshawa Generals (OHL)",0,0,0,0,0,0,0,"2023","2023-Dylan Roobroeck"
179,"Tampa Bay Lightning","Warren Clark","CA","D",19,NA,"Steinbach (MJHL)",0,0,0,0,0,0,0,"2023","2023-Warren Clark"
180,"Seattle Kraken","Zeb Forsfjall","SE","C",18,NA,"Skelleftea Jr. (Sweden-Jr.)",0,0,0,0,0,0,0,"2023","2023-Zeb Forsfjall"
181,"Minnesota Wild","Kalem Parker","CA","D",18,NA,"Victoria Royals (WHL)",0,0,0,0,0,0,0,"2023","2023-Kalem Parker"
182,"Los Angeles Kings","Ryan Conmy","US","RW",18,NA,"Sioux City (USHL)",0,0,0,0,0,0,0,"2023","2023-Ryan Conmy"
183,"New York Rangers","Ty Henricks","US","LW",18,NA,"Muskegon (USHL)",0,0,0,0,0,0,0,"2023","2023-Ty Henricks"
185,"Toronto Maple Leafs","Noah Chadwick","CA","D",18,NA,"Lethbridge Hurricanes (WHL)",0,0,0,0,0,0,0,"2023","2023-Noah Chadwick"
186,"New Jersey Devils","Daniil Karpovich","BY","D",18,NA,"Yekaterinburg Jr. (Russia-Jr.)",0,0,0,0,0,0,0,"2023","2023-Daniil Karpovich"
187,"Colorado Avalanche","Jeremy Hanzel","CA","D",20,NA,"Seattle Thunderbirds (WHL)",0,0,0,0,0,0,0,"2023","2023-Jeremy Hanzel"
188,"Boston Bruins","Ryan Walsh","US","C",20,NA,"Cedar Rapids (USHL)",0,0,0,0,0,0,0,"2023","2023-Ryan Walsh"
189,"Dallas Stars","Angus Macdonell","CA","C",18,NA,"Mississauga Steelheads (OHL)",0,0,0,0,0,0,0,"2023","2023-Angus Macdonell"
190,"Carolina Hurricanes","Michael Emerson","US","RW",19,NA,"Chicago (USHL)",0,0,0,0,0,0,0,"2023","2023-Michael Emerson"
191,"Florida Panthers","Luke Coughlin","CA","D",18,NA,"Rimouski Oceanic (QMJHL)",0,0,0,0,0,0,0,"2023","2023-Luke Coughlin"
192,"Vegas Golden Knights","Tuomas Uronen","FI","RW",18,NA,"Hifk Jr. (Finland-Jr.)",0,0,0,0,0,0,0,"2023","2023-Tuomas Uronen"
193,"Tampa Bay Lightning","Jack Harvey","US","C",20,NA,"Chicago (USHL)",0,0,0,0,0,0,0,"2023","2023-Jack Harvey"
194,"Columbus Blue Jackets","Oiva Keskinen","FI","C",19,NA,"Tappara Jr. (Finland-Jr.)",0,0,0,0,0,0,0,"2023","2023-Oiva Keskinen"
195,"Chicago Blackhawks","Janne Peltonen","FI","D",18,NA,"Karpat Jr. (Finland-Jr.)",0,0,0,0,0,0,0,"2023","2023-Janne Peltonen"
196,"San Jose Sharks","David Klee","US","C",18,NA,"Waterloo (USHL)",0,0,0,0,0,0,0,"2023","2023-David Klee"
197,"Montreal Canadiens","Luke Mittelstadt","US","D",20,NA,"Minnesota-Duluth (Big Ten)",0,0,0,0,0,0,0,"2023","2023-Luke Mittelstadt"
198,"Florida Panthers","Stepan Zvyagin","RU","LW",19,NA,"Dinamo-Shinnik Jr. (Russia-Jr.)",0,0,0,0,0,0,0,"2023","2023-Stepan Zvyagin"
199,"Philadelphia Flyers","Matteo Mann","CA","D",18,NA,"Chicoutimi Sagueneens (QMJHL)",0,0,0,0,0,0,0,"2023","2023-Matteo Mann"
200,"Washington Capitals","Brett Hyland","CA","C",20,NA,"Brandon Wheat Kings (WHL)",0,0,0,0,0,0,0,"2023","2023-Brett Hyland"
201,"Detroit Red Wings","Emmitt Finnie","CA","C",18,2026,"Kamloops Blazers (WHL)",22,5,5,10,3,0,1.1,"2023","2023-Emmitt Finnie"
202,"St. Louis Blues","Nikita Susuyev","RU","RW",18,NA,"Spartak Jr. (Russia-Jr.)",0,0,0,0,0,0,0,"2023","2023-Nikita Susuyev"
203,"San Jose Sharks","Yegor Rimashevskiy","BY","RW",18,NA,"Dynamo Moscow Jr. (Russia-Jr.)",0,0,0,0,0,0,0,"2023","2023-Yegor Rimashevskiy"
204,"Ottawa Senators","Owen Beckner","CA","C",18,NA,"Salmon Arm (BCHL)",0,0,0,0,0,0,0,"2023","2023-Owen Beckner"
205,"Buffalo Sabres","Norwin Panocha","DE","D",18,NA,"Eisbaren Berlin Jr. (Germany-Jr.)",0,0,0,0,0,0,0,"2023","2023-Norwin Panocha"
208,"Calgary Flames","Axel Hurtig","SE","D",18,NA,"Rogle Jr. (Sweden-Jr.)",0,0,0,0,0,0,0,"2023","2023-Axel Hurtig"
209,"New York Islanders","Dennis Good Bogg","SE","D",19,NA,"Aik Jr. (Sweden-Jr.)",0,0,0,0,0,0,0,"2023","2023-Dennis Good Bogg"
210,"Winnipeg Jets","Connor Levis","CA","RW",18,NA,"Kamloops Blazers (WHL)",0,0,0,0,0,0,0,"2023","2023-Connor Levis"
211,"Tampa Bay Lightning","Ethan Hay","CA","C",18,NA,"Flint Firebirds (OHL)",0,0,0,0,0,0,0,"2023","2023-Ethan Hay"
212,"Seattle Kraken","Zaccharya Wisdom","CA","RW",19,NA,"Cedar Rapids (USHL)",0,0,0,0,0,0,0,"2023","2023-Zaccharya Wisdom"
213,"Minnesota Wild","James Clark","US","LW",18,NA,"Green Bay (USHL)",0,0,0,0,0,0,0,"2023","2023-James Clark"
214,"Boston Bruins","Casper Nassen","SE","RW",19,NA,"Vasteras Jr. (Sweden-Jr.)",0,0,0,0,0,0,0,"2023","2023-Casper Nassen"
215,"Ottawa Senators","Nicholas Vantassell","US","RW",19,NA,"Green Bay (USHL)",0,0,0,0,0,0,0,"2023","2023-Nicholas Vantassell"
216,"Edmonton Oilers","Matt Copponi","US","C",20,NA,"Merrimack (H-East)",0,0,0,0,0,0,0,"2023","2023-Matt Copponi"
217,"Pittsburgh Penguins","Emil Jarventie","FI","LW",18,NA,"Ilves Jr. (Finland-Jr.)",0,0,0,0,0,0,0,"2023","2023-Emil Jarventie"
218,"Nashville Predators","Aiden Fink","CA","RW",18,NA,"Brooks (AJHL)",0,0,0,0,0,0,0,"2023","2023-Aiden Fink"
219,"Colorado Avalanche","Maros Jedlicka","SK","C",20,NA,"Zvolen (Slovakia)",0,0,0,0,0,0,0,"2023","2023-Maros Jedlicka"
220,"Boston Bruins","Kristian Kostadinski","SE","D",18,NA,"Frolunda Jr. (Sweden-Jr.)",0,0,0,0,0,0,0,"2023","2023-Kristian Kostadinski"
221,"Dallas Stars","Sebastian Bradshaw","CA","LW",18,NA,"Elite Hockey Academy 18u (USMAAA)",0,0,0,0,0,0,0,"2023","2023-Sebastian Bradshaw"
223,"Pittsburgh Penguins","Kalle Kangas","FI","D",18,NA,"Jokerit Jr. (Finland-Jr.)",0,0,0,0,0,0,0,"2023","2023-Kalle Kangas"
224,"Columbus Blue Jackets","Tyler Peddle","CA","LW",18,NA,"Drummondville Voltigeurs (QMJHL)",0,0,0,0,0,0,0,"2023","2023-Tyler Peddle"
1,"San Jose Sharks","Macklin Celebrini","CA","C",18,2026,"Boston University (H-East)",93,39,58,97,-26,40,9.7,"2024","2024-Macklin Celebrini"
2,"Chicago Blackhawks","Artyom Levshunov","BY","D",18,2026,"Michigan State (Big Ten)",39,0,17,17,-13,20,1.4,"2024","2024-Artyom Levshunov"
3,"Anaheim Ducks","Beckett Sennecke","CA","RW",18,2026,"Oshawa Generals (OHL)",22,7,9,16,3,14,1.6,"2024","2024-Beckett Sennecke"
4,"Columbus Blue Jackets","Cayden Lindstrom","CA","C",18,NA,"Medicine Hat Tigers (WHL)",0,0,0,0,0,0,0,"2024","2024-Cayden Lindstrom"
5,"Montreal Canadiens","Ivan Demidov","RU","RW",18,2026,"Ska Saint Petersburg Jr. (Russia-Jr.)",23,5,14,19,3,10,1.9,"2024","2024-Ivan Demidov"
6,"Utah Hockey Club","Tij Iginla","CA","C",18,NA,"Kelowna Rockets (WHL)",0,0,0,0,0,0,0,"2024","2024-Tij Iginla"
7,"Ottawa Senators","Carter Yakemchuk","CA","D",18,NA,"Calgary Hitmen (WHL)",0,0,0,0,0,0,0,"2024","2024-Carter Yakemchuk"
8,"Seattle Kraken","Berkly Catton","CA","C",18,2026,"Spokane Chiefs (WHL)",17,0,4,4,1,2,0.1,"2024","2024-Berkly Catton"
9,"Calgary Flames","Zayne Parekh","CA","D",18,2026,"Saginaw Spirit (OHL)",12,1,1,2,3,2,0.8,"2024","2024-Zayne Parekh"
10,"New Jersey Devils","Anton Silayev","RU","D",18,NA,"Nizhny Novgorod (Russia)",0,0,0,0,0,0,0,"2024","2024-Anton Silayev"
11,"San Jose Sharks","Sam Dickinson","CA","D",18,2026,"London Knights (OHL)",17,1,1,2,-1,6,0.5,"2024","2024-Sam Dickinson"
12,"Minnesota Wild","Zeev Buium","US","D",18,2026,"Denver (NCHC)",23,3,8,11,-9,4,1.3,"2024","2024-Zeev Buium"
13,"Philadelphia Flyers","Jett Luchanko","CA","C",18,2026,"Guelph Storm (OHL)",8,0,0,0,-6,4,-0.4,"2024","2024-Jett Luchanko"
14,"Buffalo Sabres","Konsta Helenius","FI","C",18,NA,"Jukurit (Finland)",0,0,0,0,0,0,0,"2024","2024-Konsta Helenius"
15,"Detroit Red Wings","Michael Brandsegg-NygÃ¥rd","NO","RW",18,2026,"Mora (Sweden-2)",9,0,1,1,-5,2,-0.3,"2024","2024-Michael Brandsegg-NygÃ¥rd"
16,"St. Louis Blues","Adam Jiricek","CZ","D",18,NA,"Plzen (Czechia)",0,0,0,0,0,0,0,"2024","2024-Adam Jiricek"
17,"Washington Capitals","Terik Parascak","CA","RW",18,NA,"Prince George Cougars (WHL)",0,0,0,0,0,0,0,"2024","2024-Terik Parascak"
18,"Chicago Blackhawks","Sacha Boisvert","CA","C",18,NA,"Muskegon (USHL)",0,0,0,0,0,0,0,"2024","2024-Sacha Boisvert"
19,"Vegas Golden Knights","Trevor Connelly","US","LW",18,NA,"Tri-City (USHL)",0,0,0,0,0,0,0,"2024","2024-Trevor Connelly"
20,"New York Islanders","Cole Eiserman","US","LW",18,NA,"Usa U-18 (U.S. NTDP)",0,0,0,0,0,0,0,"2024","2024-Cole Eiserman"
21,"Montreal Canadiens","Michael Hage","CA","C",18,NA,"Chicago (USHL)",0,0,0,0,0,0,0,"2024","2024-Michael Hage"
22,"Nashville Predators","Egor Surin","RU","C",18,NA,"Yaroslavl Jr. (Russia-Jr.)",0,0,0,0,0,0,0,"2024","2024-Egor Surin"
23,"Anaheim Ducks","Stian Solberg","NO","D",18,NA,"Valerenga (Norway)",0,0,0,0,0,0,0,"2024","2024-Stian Solberg"
24,"Utah Hockey Club","Cole Beaudoin","CA","C",18,NA,"Barrie Colts (OHL)",0,0,0,0,0,0,0,"2024","2024-Cole Beaudoin"
25,"Boston Bruins","Dean Letourneau","CA","C",18,NA,"St. Andrews College (HIGH-ON)",0,0,0,0,0,0,0,"2024","2024-Dean Letourneau"
26,"Los Angeles Kings","Liam Greentree","CA","RW",18,NA,"Windsor Spitfires (OHL)",0,0,0,0,0,0,0,"2024","2024-Liam Greentree"
27,"Chicago Blackhawks","Marek Vanacker","CA","LW",18,NA,"Brantford Bulldogs (OHL)",0,0,0,0,0,0,0,"2024","2024-Marek Vanacker"
28,"Calgary Flames","Matvei Gridin","RU","RW",18,2026,"Muskegon (USHL)",4,1,0,1,-3,0,0,"2024","2024-Matvei Gridin"
29,"Dallas Stars","Emil Hemming","FI","RW",18,NA,"Tps (Finland)",0,0,0,0,0,0,0,"2024","2024-Emil Hemming"
30,"New York Rangers","EJ Emery","CA","D",18,NA,"Usa U-18 (U.S. NTDP)",0,0,0,0,0,0,0,"2024","2024-EJ Emery"
31,"Toronto Maple Leafs","Ben Danford","CA","D",18,NA,"Oshawa Generals (OHL)",0,0,0,0,0,0,0,"2024","2024-Ben Danford"
32,"Edmonton Oilers","Sam O'Reilly","CA","RW",18,NA,"London Knights (OHL)",0,0,0,0,0,0,0,"2024","2024-Sam O'Reilly"
33,"San Jose Sharks","Igor Chernyshov","RU","LW",18,NA,"Dynamo Moscow (Russia)",0,0,0,0,0,0,0,"2024","2024-Igor Chernyshov"
34,"Carolina Hurricanes","Dominik Badinka","CZ","D",18,NA,"Malmo (Sweden)",0,0,0,0,0,0,0,"2024","2024-Dominik Badinka"
35,"Anaheim Ducks","Lucas Pettersson","SE","C",18,NA,"Modo Jr. (Sweden-Jr.)",0,0,0,0,0,0,0,"2024","2024-Lucas Pettersson"
36,"Columbus Blue Jackets","Charlie Elick","CA","D",18,NA,"Brandon Wheat Kings (WHL)",0,0,0,0,0,0,0,"2024","2024-Charlie Elick"
37,"Winnipeg Jets","Alfons Freij","SE","D",18,NA,"Vaxjo Jr. (Sweden-Jr.)",0,0,0,0,0,0,0,"2024","2024-Alfons Freij"
39,"Ottawa Senators","Gabriel Eliasson","SE","D",18,NA,"Hv71 Jr. (Sweden-Jr.)",0,0,0,0,0,0,0,"2024","2024-Gabriel Eliasson"
40,"Seattle Kraken","Julius Miettinen","FI","C",18,NA,"Everett Silvertips (WHL)",0,0,0,0,0,0,0,"2024","2024-Julius Miettinen"
41,"Calgary Flames","Andrew Basha","CA","LW",18,NA,"Medicine Hat Tigers (WHL)",0,0,0,0,0,0,0,"2024","2024-Andrew Basha"
42,"Buffalo Sabres","Adam Kleber","US","D",18,NA,"Lincoln (USHL)",0,0,0,0,0,0,0,"2024","2024-Adam Kleber"
43,"Washington Capitals","Cole Hutson","US","D",18,NA,"Usa U-18 (U.S. NTDP)",0,0,0,0,0,0,0,"2024","2024-Cole Hutson"
44,"Pittsburgh Penguins","Harrison Brunicke","ZA","D",18,2026,"Kamloops Blazers (WHL)",9,1,0,1,-4,6,0.1,"2024","2024-Harrison Brunicke"
45,"Minnesota Wild","Ryder Ritchie","CA","RW",18,NA,"Prince Albert Raiders (WHL)",0,0,0,0,0,0,0,"2024","2024-Ryder Ritchie"
46,"Pittsburgh Penguins","Tanner Howe","CA","LW",18,NA,"Regina Pats (WHL)",0,0,0,0,0,0,0,"2024","2024-Tanner Howe"
47,"Detroit Red Wings","Max Plante","US","LW",18,NA,"Usa U-18 (U.S. NTDP)",0,0,0,0,0,0,0,"2024","2024-Max Plante"
48,"St. Louis Blues","Colin Ralph","US","D",18,NA,"Shattuck-St. Mary'S (High-MN)",0,0,0,0,0,0,0,"2024","2024-Colin Ralph"
50,"Carolina Hurricanes","Nikita Artamonov","RU","LW",18,NA,"Nizhny Novgorod (Russia)",0,0,0,0,0,0,0,"2024","2024-Nikita Artamonov"
51,"Philadelphia Flyers","Jack Berglund","SE","C",18,NA,"Farjestad Jr. (Sweden-Jr.)",0,0,0,0,0,0,0,"2024","2024-Jack Berglund"
52,"Washington Capitals","Leon Muggli","CH","D",18,NA,"Zug (Swiss)",0,0,0,0,0,0,0,"2024","2024-Leon Muggli"
53,"San Jose Sharks","Leo Sahlin Wallenius","SE","D",18,NA,"Vaxjo Jr. (Sweden-Jr.)",0,0,0,0,0,0,0,"2024","2024-Leo Sahlin Wallenius"
54,"New York Islanders","Jesse Pulkkinen","FI","D",19,NA,"Jyp (Finland)",0,0,0,0,0,0,0,"2024","2024-Jesse Pulkkinen"
55,"Nashville Predators","Teddy Stiga","US","C",18,NA,"Usa U-18 (U.S. NTDP)",0,0,0,0,0,0,0,"2024","2024-Teddy Stiga"
56,"St. Louis Blues","Lukas Fischer","US","D",18,NA,"Sarnia Sting (OHL)",0,0,0,0,0,0,0,"2024","2024-Lukas Fischer"
58,"Florida Panthers","Linus Eriksson","SE","C",18,NA,"Djurgarden (Sweden-2)",0,0,0,0,0,0,0,"2024","2024-Linus Eriksson"
59,"Philadelphia Flyers","Spencer Gill","CA","D",18,NA,"Rimouski Oceanic (QMJHL)",0,0,0,0,0,0,0,"2024","2024-Spencer Gill"
61,"New York Islanders","Kamil Bednarik","US","C",18,NA,"Usa U-18 (U.S. NTDP)",0,0,0,0,0,0,0,"2024","2024-Kamil Bednarik"
62,"Calgary Flames","Jacob Battaglia","CA","RW",18,NA,"Kingston Frontenacs (OHL)",0,0,0,0,0,0,0,"2024","2024-Jacob Battaglia"
63,"Seattle Kraken","Nathan Villeneuve","CA","C",18,NA,"Sudbury Wolves (OHL)",0,0,0,0,0,0,0,"2024","2024-Nathan Villeneuve"
65,"Utah Hockey Club","Will Skahan","US","D",18,NA,"Usa U-18 (U.S. NTDP)",0,0,0,0,0,0,0,"2024","2024-Will Skahan"
66,"Anaheim Ducks","Maxim MassÃ©","CA","RW",18,NA,"Chicoutimi Sagueneens (QMJHL)",0,0,0,0,0,0,0,"2024","2024-Maxim MassÃ©"
67,"Chicago Blackhawks","John Mustard","CA","C",18,NA,"Waterloo (USHL)",0,0,0,0,0,0,0,"2024","2024-John Mustard"
68,"Anaheim Ducks","Ethan Procyszyn","CA","C",18,NA,"North Bay Battalion (OHL)",0,0,0,0,0,0,0,"2024","2024-Ethan Procyszyn"
69,"Carolina Hurricanes","Noel FransÃ©n","SE","D",18,NA,"Farjestad Jr. (Sweden-Jr.)",0,0,0,0,0,0,0,"2024","2024-Noel FransÃ©n"
70,"Montreal Canadiens","Aatos Koivu","FI","C",18,NA,"Tps Jr. (Finland-Jr.)",0,0,0,0,0,0,0,"2024","2024-Aatos Koivu"
71,"Buffalo Sabres","Brodie Ziemer","US","RW",18,NA,"Usa U-18 (U.S. NTDP)",0,0,0,0,0,0,0,"2024","2024-Brodie Ziemer"
72,"Chicago Blackhawks","Anthony (AJ) Spellacy","US","RW",18,NA,"Windsor Spitfires (OHL)",0,0,0,0,0,0,0,"2024","2024-Anthony (AJ) Spellacy"
73,"Seattle Kraken","Alexis Bernier","CA","D",18,NA,"Baie-Comeau Drakkar (QMJHL)",0,0,0,0,0,0,0,"2024","2024-Alexis Bernier"
74,"Calgary Flames","Henry Mews","CA","D",18,NA,"Ottawa 67's (OHL)",0,0,0,0,0,0,0,"2024","2024-Henry Mews"
75,"Washington Capitals","Ilya Protas","BY","LW",18,NA,"Des Moines (USHL)",0,0,0,0,0,0,0,"2024","2024-Ilya Protas"
76,"Colorado Avalanche","William Zellers","US","LW",18,NA,"Shattuck-St. Mary'S (High-MN)",0,0,0,0,0,0,0,"2024","2024-William Zellers"
77,"Nashville Predators","Viggo Gustafsson","SE","D",18,NA,"Hv71 Jr. (Sweden-Jr.)",0,0,0,0,0,0,0,"2024","2024-Viggo Gustafsson"
78,"Montreal Canadiens","Logan Sawyer","CA","C",18,NA,"Brooks (BCHL)",0,0,0,0,0,0,0,"2024","2024-Logan Sawyer"
79,"Anaheim Ducks","Tarin Smith","CA","D",18,NA,"Everett Silvertips (WHL)",0,0,0,0,0,0,0,"2024","2024-Tarin Smith"
80,"Detroit Red Wings","Ondrej Becher","CZ","C",20,NA,"Prince George Cougars (WHL)",0,0,0,0,0,0,0,"2024","2024-Ondrej Becher"
81,"St. Louis Blues","Ondrej Kos","CZ","LW",18,NA,"Ilves Jr. (Finland-Jr.)",0,0,0,0,0,0,0,"2024","2024-Ondrej Kos"
82,"San Jose Sharks","Carson Wetsch","CA","RW",18,NA,"Calgary Hitmen (WHL)",0,0,0,0,0,0,0,"2024","2024-Carson Wetsch"
85,"New Jersey Devils","Kasper Pikkarainen","FI","RW",18,NA,"Tps Jr. (Finland-Jr.)",0,0,0,0,0,0,0,"2024","2024-Kasper Pikkarainen"
86,"Columbus Blue Jackets","Luca Marrelli","CA","D",18,NA,"Oshawa Generals (OHL)",0,0,0,0,0,0,0,"2024","2024-Luca Marrelli"
87,"Nashville Predators","Miguel Marques","CA","RW",18,NA,"Lethbridge Hurricanes (WHL)",0,0,0,0,0,0,0,"2024","2024-Miguel Marques"
89,"Utah Hockey Club","Tomas Lavoie","CA","D",18,NA,"Cape Breton Screaming Eagles (QMJHL)",0,0,0,0,0,0,0,"2024","2024-Tomas Lavoie"
90,"Washington Capitals","Eriks Mateiko","LV","LW",18,NA,"Saint John Sea Dogs (QMJHL)",0,0,0,0,0,0,0,"2024","2024-Eriks Mateiko"
91,"New Jersey Devils","Herman TrÃ¤ff","SE","RW",18,NA,"Hv71 Jr. (Sweden-Jr.)",0,0,0,0,0,0,0,"2024","2024-Herman TrÃ¤ff"
92,"Chicago Blackhawks","Jack Pridham","CA","RW",18,NA,"West Kelowna (BCHL)",0,0,0,0,0,0,0,"2024","2024-Jack Pridham"
93,"Vancouver Canucks","Melvin FernstrÃ¶m","SE","RW",18,NA,"Orebro Jr. (Sweden-Jr.)",0,0,0,0,0,0,0,"2024","2024-Melvin FernstrÃ¶m"
94,"Nashville Predators","Hiroki Gojsic","CA","RW",18,NA,"Kelowna Rockets (WHL)",0,0,0,0,0,0,0,"2024","2024-Hiroki Gojsic"
95,"St. Louis Blues","Adam Jecho","CZ","C",18,NA,"Edmonton Oil Kings (WHL)",0,0,0,0,0,0,0,"2024","2024-Adam Jecho"
96,"Utah Hockey Club","Veeti VÃ¤isÃ¤nen","FI","D",18,NA,"Kookoo (Finland)",0,0,0,0,0,0,0,"2024","2024-Veeti VÃ¤isÃ¤nen"
97,"Florida Panthers","Matvei Shuravin","RU","D",18,NA,"Cska Jr. (Russia-Jr.)",0,0,0,0,0,0,0,"2024","2024-Matvei Shuravin"
98,"Utah Hockey Club","Gregor Biber","AT","D",18,NA,"Rogle Jr. (Sweden-Jr.)",0,0,0,0,0,0,0,"2024","2024-Gregor Biber"
100,"Anaheim Ducks","Alexandre Blais","CA","C",18,NA,"Rimouski Oceanic (QMJHL)",0,0,0,0,0,0,0,"2024","2024-Alexandre Blais"
101,"Columbus Blue Jackets","Tanner Henricks","US","D",18,NA,"Lincoln (USHL)",0,0,0,0,0,0,0,"2024","2024-Tanner Henricks"
102,"Montreal Canadiens","Owen Protz","CA","D",18,NA,"Brantford Bulldogs (OHL)",0,0,0,0,0,0,0,"2024","2024-Owen Protz"
103,"Utah Hockey Club","Gabe Smith","CA","C",18,NA,"Moncton Wildcats (QMJHL)",0,0,0,0,0,0,0,"2024","2024-Gabe Smith"
104,"Ottawa Senators","Lucas Ellinas","CA","LW",18,NA,"Kitchener Rangers (OHL)",0,0,0,0,0,0,0,"2024","2024-Lucas Ellinas"
105,"Seattle Kraken","Oliver Josephson","CA","C",18,NA,"Red Deer Rebels (WHL)",0,0,0,0,0,0,0,"2024","2024-Oliver Josephson"
106,"Calgary Flames","Trevor Hoskin","CA","RW",20,NA,"Cobourg (OJHL)",0,0,0,0,0,0,0,"2024","2024-Trevor Hoskin"
107,"Philadelphia Flyers","Heikki Ruohonen","FI","C",18,NA,"Kiekko-Espoo Jr. (Finland-Jr.)",0,0,0,0,0,0,0,"2024","2024-Heikki Ruohonen"
108,"Buffalo Sabres","Luke Osburn","US","D",18,NA,"Youngstown (USHL)",0,0,0,0,0,0,0,"2024","2024-Luke Osburn"
109,"Winnipeg Jets","Kevin He","CN","LW",18,NA,"Niagara (OHL)",0,0,0,0,0,0,0,"2024","2024-Kevin He"
110,"Boston Bruins","Elliott Groenewold","US","D",18,NA,"Cedar Rapids (USHL)",0,0,0,0,0,0,0,"2024","2024-Elliott Groenewold"
111,"Pittsburgh Penguins","Chase Pietila","US","D",20,NA,"Michigan Tech (CCHA)",0,0,0,0,0,0,0,"2024","2024-Chase Pietila"
112,"Ottawa Senators","Javon Moore","US","LW",18,NA,"Minnetonka (High-MN)",0,0,0,0,0,0,0,"2024","2024-Javon Moore"
113,"St. Louis Blues","Tomas Mrsic","CA","C",18,NA,"Medicine Hat Tigers (WHL)",0,0,0,0,0,0,0,"2024","2024-Tomas Mrsic"
117,"Ottawa Senators","Blake Montgomery","US","LW",19,NA,"Lincoln (USHL)",0,0,0,0,0,0,0,"2024","2024-Blake Montgomery"
118,"Tampa Bay Lightning","Jan Golicic","SI","D",18,NA,"Gatineau Olympiques (QMJHL)",0,0,0,0,0,0,0,"2024","2024-Jan Golicic"
119,"New York Rangers","Raoul Boilard","CA","C",18,NA,"Baie-Comeau Drakkar (QMJHL)",0,0,0,0,0,0,0,"2024","2024-Raoul Boilard"
120,"Toronto Maple Leafs","Victor Johansson","SE","D",18,NA,"Leksand Jr. (Sweden-Jr.)",0,0,0,0,0,0,0,"2024","2024-Victor Johansson"
121,"Colorado Avalanche","Jake Fisher","US","C",19,NA,"Fargo (USHL)",0,0,0,0,0,0,0,"2024","2024-Jake Fisher"
122,"Minnesota Wild","Aron Kiviharju","DK","D",18,NA,"Hifk (Finland)",0,0,0,0,0,0,0,"2024","2024-Aron Kiviharju"
123,"Buffalo Sabres","Simon-Pier Brunet","CA","D",18,NA,"Drummondville Voltigeurs (QMJHL)",0,0,0,0,0,0,0,"2024","2024-Simon-Pier Brunet"
124,"Carolina Hurricanes","Alexander Siryatsky","RU","D",18,NA,"Magnitogorsk Jr. (Russia-Jr.)",0,0,0,0,0,0,0,"2024","2024-Alexander Siryatsky"
125,"Vancouver Canucks","Riley Patterson","CA","C",18,NA,"Barrie Colts (OHL)",0,0,0,0,0,0,0,"2024","2024-Riley Patterson"
127,"Nashville Predators","Viktor Norringer","SE","LW",18,NA,"Frolunda Jr. (Sweden-Jr.)",0,0,0,0,0,0,0,"2024","2024-Viktor Norringer"
128,"Tampa Bay Lightning","Hagen Burrows","US","RW",18,NA,"Minnetonka (High-MN)",0,0,0,0,0,0,0,"2024","2024-Hagen Burrows"
129,"Florida Panthers","Simon Zether","SE","C",18,NA,"Rogle (Sweden)",0,0,0,0,0,0,0,"2024","2024-Simon Zether"
130,"Montreal Canadiens","Tyler Thorpe","CA","RW",19,NA,"Vancouver Giants (WHL)",0,0,0,0,0,0,0,"2024","2024-Tyler Thorpe"
131,"San Jose Sharks","Colton Roberts","CA","D",18,NA,"Vancouver Giants (WHL)",0,0,0,0,0,0,0,"2024","2024-Colton Roberts"
133,"Carolina Hurricanes","Oskar Vuollet","SE","LW",18,NA,"Skelleftea Jr. (Sweden-Jr.)",0,0,0,0,0,0,0,"2024","2024-Oskar Vuollet"
135,"Utah Hockey Club","Owen Allard","CA","C",20,NA,"Sault Ste. Marie Greyhounds (OHL)",0,0,0,0,0,0,0,"2024","2024-Owen Allard"
136,"Ottawa Senators","Eerik Wallenius","FI","D",18,NA,"Hpk Jr. (Finland-Jr.)",0,0,0,0,0,0,0,"2024","2024-Eerik Wallenius"
138,"Chicago Blackhawks","Joel Svensson","SE","C",19,NA,"Vaxjo Jr. (Sweden-Jr.)",0,0,0,0,0,0,0,"2024","2024-Joel Svensson"
139,"New Jersey Devils","Max Graham","CA","C",20,NA,"Kelowna Rockets (WHL)",0,0,0,0,0,0,0,"2024","2024-Max Graham"
140,"Minnesota Wild","Sebastian Soini","FI","D",18,NA,"Ilves Jr. (Finland-Jr.)",0,0,0,0,0,0,0,"2024","2024-Sebastian Soini"
141,"Seattle Kraken","Clarke Caswell","CA","LW",18,NA,"Swift Current Broncos (WHL)",0,0,0,0,0,0,0,"2024","2024-Clarke Caswell"
143,"San Jose Sharks","Nate Misskey","CA","D",19,NA,"Victoria Royals (WHL)",0,0,0,0,0,0,0,"2024","2024-Nate Misskey"
144,"Detroit Red Wings","John Whipple","US","D",18,NA,"Usa U-18 (U.S. NTDP)",0,0,0,0,0,0,0,"2024","2024-John Whipple"
145,"St. Louis Blues","William McIsaac","CA","D",18,NA,"Spokane Chiefs (WHL)",0,0,0,0,0,0,0,"2024","2024-William McIsaac"
148,"Philadelphia Flyers","Noah Powell","US","RW",19,NA,"Dubuque (USHL)",0,0,0,0,0,0,0,"2024","2024-Noah Powell"
149,"Tampa Bay Lightning","Joona Saarelainen","FI","C",18,NA,"Kalpa Jr. (Finland-Jr.)",0,0,0,0,0,0,0,"2024","2024-Joona Saarelainen"
150,"Calgary Flames","Luke Misa","CA","C",18,NA,"Mississauga Steelheads (OHL)",0,0,0,0,0,0,0,"2024","2024-Luke Misa"
151,"Toronto Maple Leafs","Miroslav Holinka","CZ","C",18,NA,"Trinec Jr. (Czech-Jr.)",0,0,0,0,0,0,0,"2024","2024-Miroslav Holinka"
152,"Toronto Maple Leafs","Alexander Plesovskikh","RU","LW",18,NA,"Khanty-Mansiysk Jr. (Russia-Jr.)",0,0,0,0,0,0,0,"2024","2024-Alexander Plesovskikh"
153,"Utah Hockey Club","Ales Cech","CZ","D",20,NA,"MladÃ¡ Boleslav (Czechia)",0,0,0,0,0,0,0,"2024","2024-Ales Cech"
154,"Boston Bruins","Jonathan Morello","CA","C",18,NA,"St. Michael'S (OJHL)",0,0,0,0,0,0,0,"2024","2024-Jonathan Morello"
155,"Winnipeg Jets","Markus Loponen","FI","C",18,NA,"Karpat Jr. (Finland-Jr.)",0,0,0,0,0,0,0,"2024","2024-Markus Loponen"
156,"Carolina Hurricanes","Justin Poirier","CA","RW",18,NA,"Baie-Comeau Drakkar (QMJHL)",0,0,0,0,0,0,0,"2024","2024-Justin Poirier"
158,"Dallas Stars","Niilopekka Muhonen","FI","D",18,NA,"Kalpa Jr. (Finland-Jr.)",0,0,0,0,0,0,0,"2024","2024-Niilopekka Muhonen"
159,"New York Rangers","Nathan Aspinall","CA","LW",18,NA,"Flint Firebirds (OHL)",0,0,0,0,0,0,0,"2024","2024-Nathan Aspinall"
160,"Edmonton Oilers","Connor Clattenburg","CA","LW",19,2026,"Flint Firebirds (OHL)",1,0,0,0,0,2,0,"2024","2024-Connor Clattenburg"
161,"Colorado Avalanche","Maxmilian Curran","CZ","C",18,NA,"Tri-City Americans (WHL)",0,0,0,0,0,0,0,"2024","2024-Maxmilian Curran"
162,"Vancouver Canucks","Anthony Romani","CA","RW",19,NA,"North Bay Battalion (OHL)",0,0,0,0,0,0,0,"2024","2024-Anthony Romani"
163,"Chicago Blackhawks","Ty Henry","CA","D",18,NA,"Erie Otters (OHL)",0,0,0,0,0,0,0,"2024","2024-Ty Henry"
164,"Los Angeles Kings","Jared Woolley","CA","D",18,NA,"London Knights (OHL)",0,0,0,0,0,0,0,"2024","2024-Jared Woolley"
165,"Columbus Blue Jackets","Luke Ashton","CA","D",19,NA,"Langley (BCHL)",0,0,0,0,0,0,0,"2024","2024-Luke Ashton"
166,"Montreal Canadiens","Ben Merrill","US","C",18,NA,"St. Sebastian'S School (High-MA)",0,0,0,0,0,0,0,"2024","2024-Ben Merrill"
167,"Utah Hockey Club","Vojtech Hradec","CZ","C",18,NA,"MladÃ¡ Boleslav (Czechia)",0,0,0,0,0,0,0,"2024","2024-Vojtech Hradec"
168,"Carolina Hurricanes","Timur Kol","RU","D",18,NA,"Omsk Jr. (Russia-Jr.)",0,0,0,0,0,0,0,"2024","2024-Timur Kol"
169,"Florida Panthers","Stepan Gorbunov","RU","C",18,NA,"Chelyabinsk Jr. (Russia-Jr.)",0,0,0,0,0,0,0,"2024","2024-Stepan Gorbunov"
170,"Calgary Flames","Hunter Laing","US","C",18,NA,"Prince George Cougars (WHL)",0,0,0,0,0,0,0,"2024","2024-Hunter Laing"
171,"New Jersey Devils","Matyas Melovsky","CZ","C",20,NA,"Baie-Comeau Drakkar (QMJHL)",0,0,0,0,0,0,0,"2024","2024-Matyas Melovsky"
172,"Buffalo Sabres","Patrick Geary","US","D",20,NA,"Michigan State (Big Ten)",0,0,0,0,0,0,0,"2024","2024-Patrick Geary"
173,"Philadelphia Flyers","Ilya Pautov","RU","RW",18,NA,"Cska Jr. (Russia-Jr.)",0,0,0,0,0,0,0,"2024","2024-Ilya Pautov"
174,"Minnesota Wild","Stevie Leskovar","CA","D",20,NA,"Mississauga Steelheads (OHL)",0,0,0,0,0,0,0,"2024","2024-Stevie Leskovar"
175,"Pittsburgh Penguins","Joona VÃ¤isÃ¤nen","FI","D",20,NA,"Dubuque (USHL)",0,0,0,0,0,0,0,"2024","2024-Joona VÃ¤isÃ¤nen"
176,"Detroit Red Wings","Charlie Forslund","SE","LW",18,NA,"Falu If (SWEDEN-3)",0,0,0,0,0,0,0,"2024","2024-Charlie Forslund"
177,"Calgary Flames","Eric Jamieson","CA","D",19,NA,"Everett Silvertips (WHL)",0,0,0,0,0,0,0,"2024","2024-Eric Jamieson"
178,"Washington Capitals","Petr Sikora","CZ","C",18,NA,"Trinec Jr. (Czech-Jr.)",0,0,0,0,0,0,0,"2024","2024-Petr Sikora"
179,"New York Islanders","Xavier Veilleux","CA","D",18,NA,"Muskegon (USHL)",0,0,0,0,0,0,0,"2024","2024-Xavier Veilleux"
180,"Vegas Golden Knights","Trent Swick","CA","LW",20,NA,"Kitchener Rangers (OHL)",0,0,0,0,0,0,0,"2024","2024-Trent Swick"
181,"Tampa Bay Lightning","Kaden Pitre","CA","C",18,NA,"Flint Firebirds (OHL)",0,0,0,0,0,0,0,"2024","2024-Kaden Pitre"
182,"Anaheim Ducks","Austin Burnevik","US","RW",19,NA,"Madison (USHL)",0,0,0,0,0,0,0,"2024","2024-Austin Burnevik"
183,"Edmonton Oilers","Albin Sundin","SE","D",20,NA,"Frolunda Jr. (Sweden-Jr.)",0,0,0,0,0,0,0,"2024","2024-Albin Sundin"
184,"Carolina Hurricanes","Roman Shokhrin","RU","D",18,NA,"Loko-76 Yaroslavl (Russia-Jr.)",0,0,0,0,0,0,0,"2024","2024-Roman Shokhrin"
185,"Colorado Avalanche","Tory Pitner","US","D",18,NA,"Youngstown (USHL)",0,0,0,0,0,0,0,"2024","2024-Tory Pitner"
186,"Boston Bruins","Loke Johansson","SE","D",18,NA,"Aik Jr. (Sweden-Jr.)",0,0,0,0,0,0,0,"2024","2024-Loke Johansson"
187,"Winnipeg Jets","Kieron Walton","CA","C",18,NA,"Sudbury Wolves (OHL)",0,0,0,0,0,0,0,"2024","2024-Kieron Walton"
188,"Carolina Hurricanes","Fyodor Avramov","RU","LW",18,NA,"Stupino Jr. (Russia-Jr.)",0,0,0,0,0,0,0,"2024","2024-Fyodor Avramov"
189,"Vancouver Canucks","Parker Alcos","CA","D",18,NA,"Edmonton Oil Kings (WHL)",0,0,0,0,0,0,0,"2024","2024-Parker Alcos"
190,"Utah Hockey Club","Ludvig Lafton","NO","D",18,NA,"Farjestad Jr. (Sweden-Jr.)",0,0,0,0,0,0,0,"2024","2024-Ludvig Lafton"
191,"New York Rangers","Rico Gredig","CH","LW",19,NA,"Davos (Swiss)",0,0,0,0,0,0,0,"2024","2024-Rico Gredig"
192,"Edmonton Oilers","Dalyn Wakely","CA","C",20,NA,"North Bay Battalion (OHL)",0,0,0,0,0,0,0,"2024","2024-Dalyn Wakely"
193,"Florida Panthers","Hunter St. Martin","CA","LW",19,NA,"Medicine Hat Tigers (WHL)",0,0,0,0,0,0,0,"2024","2024-Hunter St. Martin"
195,"Tampa Bay Lightning","Joe Connor","US","LW",19,NA,"Muskegon (USHL)",0,0,0,0,0,0,0,"2024","2024-Joe Connor"
196,"Edmonton Oilers","William Nicholl","CA","C",18,NA,"London Knights (OHL)",0,0,0,0,0,0,0,"2024","2024-William Nicholl"
197,"Vegas Golden Knights","Lucas Van Vliet","US","C",18,NA,"Usa U-18 (U.S. NTDP)",0,0,0,0,0,0,0,"2024","2024-Lucas Van Vliet"
198,"Los Angeles Kings","James Reeder","US","RW",18,NA,"Dubuque (USHL)",0,0,0,0,0,0,0,"2024","2024-James Reeder"
199,"Tampa Bay Lightning","Noah Steen","NO","LW",20,NA,"Mora (Sweden-2)",0,0,0,0,0,0,0,"2024","2024-Noah Steen"
200,"Toronto Maple Leafs","Matt Lahey","CA","D",18,NA,"Nanaimo (BCHL)",0,0,0,0,0,0,0,"2024","2024-Matt Lahey"
202,"Seattle Kraken","Jakub Fibigr","CZ","D",18,NA,"Mississauga Steelheads (OHL)",0,0,0,0,0,0,0,"2024","2024-Jakub Fibigr"
203,"Detroit Red Wings","Austin Baker","US","LW",18,NA,"Usa U-18 (U.S. NTDP)",0,0,0,0,0,0,0,"2024","2024-Austin Baker"
204,"Buffalo Sabres","Vasily Zelenov","RU","RW",18,NA,"Rb Hockey Juniors (Austria-2)",0,0,0,0,0,0,0,"2024","2024-Vasily Zelenov"
205,"Philadelphia Flyers","Austin Moline","US","D",18,NA,"Shattuck-St. Mary'S (High-MN)",0,0,0,0,0,0,0,"2024","2024-Austin Moline"
207,"Pittsburgh Penguins","Mac Swanson","DE","C",18,NA,"Fargo (USHL)",0,0,0,0,0,0,0,"2024","2024-Mac Swanson"
208,"Detroit Red Wings","Fisher Scott","US","D",19,NA,"Dubuque (USHL)",0,0,0,0,0,0,0,"2024","2024-Fisher Scott"
209,"St. Louis Blues","Antoine Dorion","CA","C",18,NA,"Quebec Remparts (QMJHL)",0,0,0,0,0,0,0,"2024","2024-Antoine Dorion"
210,"Montreal Canadiens","Makar Khanin","RU","RW",19,NA,"Dynamo St. Petersburg Jr. (Russia-Jr.)",0,0,0,0,0,0,0,"2024","2024-Makar Khanin"
211,"St. Louis Blues","Matvei Korotky","RU","C",18,NA,"Ska Saint Petersburg Jr. (Russia-Jr.)",0,0,0,0,0,0,0,"2024","2024-Matvei Korotky"
212,"Washington Capitals","Miroslav Satan","US","C",18,NA,"Bratislava Jr. (Slovak-Jr.)",0,0,0,0,0,0,0,"2024","2024-Miroslav Satan"
213,"Nashville Predators","Erik PÃ¥hlsson","SE","C",20,NA,"Dubuque (USHL)",0,0,0,0,0,0,0,"2024","2024-Erik PÃ¥hlsson"
214,"Anaheim Ducks","Darels Uljanskis","LV","D",18,NA,"Aik Jr. (Sweden-Jr.)",0,0,0,0,0,0,0,"2024","2024-Darels Uljanskis"
215,"Colorado Avalanche","Christian Humphreys","US","C",18,NA,"Usa U-18 (U.S. NTDP)",0,0,0,0,0,0,0,"2024","2024-Christian Humphreys"
216,"Toronto Maple Leafs","Sam McCue","CA","LW",18,NA,"Owen Sound Attack (OHL)",0,0,0,0,0,0,0,"2024","2024-Sam McCue"
217,"Colorado Avalanche","Nikita Prishchepov","RU","C",20,2025,"Victoriaville Tigres (QMJHL)",10,0,0,0,0,0,-0.1,"2024","2024-Nikita Prishchepov"
218,"Edmonton Oilers","Bauer Berry","US","D",18,NA,"Muskegon (USHL)",0,0,0,0,0,0,0,"2024","2024-Bauer Berry"
220,"Carolina Hurricanes","Andrey Krutov","RU","LW",18,NA,"Nizhny Novgorod Jr. (Russia-Jr.)",0,0,0,0,0,0,0,"2024","2024-Andrey Krutov"
221,"Vancouver Canucks","Basile Sansonnens","CH","D",18,NA,"Fribourg Jr. (SWISS-JR.)",0,0,0,0,0,0,0,"2024","2024-Basile Sansonnens"
222,"Dallas Stars","William Samuelsson","SE","C",18,NA,"Sodertalje Jr. (Sweden-Jr.)",0,0,0,0,0,0,0,"2024","2024-William Samuelsson"
223,"Pittsburgh Penguins","Finn Harding","CA","D",19,NA,"Mississauga Steelheads (OHL)",0,0,0,0,0,0,0,"2024","2024-Finn Harding"
224,"Montreal Canadiens","Rasmus Bergqvist","SE","D",19,NA,"Skelleftea Jr. (Sweden-Jr.)",0,0,0,0,0,0,0,"2024","2024-Rasmus Bergqvist"
225,"Toronto Maple Leafs","Nathan Mayes","CA","D",18,NA,"Spokane Chiefs (WHL)",0,0,0,0,0,0,0,"2024","2024-Nathan Mayes"
